Annotator,Sample ID,Channel Name,Link,Title,Topic,Scene Number,Intent,Time Start,Time End,Chart Type,Chart Details,Animation Type,Transcript,Global_Youtube_Link,Chart Data,Chart Meta Data
Ridwan,1,Our Changing Climate,https://youtu.be/mypEs1SBAUg?si=KeYNA_Xo68-uEjX4,Why does climate change make wildfires worse?,Global Deforestation,1,To show which years had the highest increase in deforestation,03:17,03:42,Bar Chart,Annual Deforestation in Brazilian Amazon (Hectre) vs Year,"Suspense- Gradual Reveal, Ellipsis- Fade, Emphasis-Annotation","In 2019, human-caused and out-of-control fires burned 976,200 hectares of the Amazon rainforest.
That’s the third-highest increase in the rate of deforestation in the Amazon’s history,
at a 30% jump from the prior year, second only to 1995, which was 95% and 1998 which
was 31%.",https://youtu.be/mypEs1SBAUg,"Chart 1 - Bar Chart
| Year | Hectares |
|------|----------|
| 1988 | 2,050,000 |
| 1989 | 1,700,000 |
| 1990 | 1,350,000 |
| 1991 | 1,150,000 |
| 1992 | 800,000 |
| 1993 | 1,400,000 |
| 1994 | 1,450,000 |
| 1995 | 2,900,000 |
| 1996 | 1,700,000 |
| 1997 | 1,600,000 |
| 1998 | 1,650,000 |
| 1999 | 1,650,000 |
| 2000 | 1,700,000 |
| 2001 | 1,750,000 |
| 2002 | 2,000,000 |
| 2003 | 2,400,000 |
| 2004 | 2,800,000 |
| 2005 | 1,900,000 |
| 2006 | 1,400,000 |
| 2007 | 1,150,000 |
| 2008 | 1,300,000 |
| 2009 | 1,400,000 |
| 2010 | 900,000 |
| 2011 | 650,000 |
| 2012 | 450,000 |
| 2013 | 580,000 |
| 2014 | 500,000 |
| 2015 | 600,000 |
| 2016 | 780,000 |
| 2017 | 700,000 |
| 2018 | 750,000 |
| 2019 | 976,200 |
-------------------","Chart 1 - Type: Bar Chart,
Description: This bar chart displays the annual deforestation in the Brazilian Amazon, measured in hectares, from 1988 to 2019. The chart illustrates fluctuations in deforestation rates over time, showing higher levels in the mid-1990s and early 2000s, followed by a general decline, with some recent increases towards the end of the period. The last bar for 2019 has an explicit value label.,
Mark: Rectangular bars,
Background: Photographic image of active deforestation (smoke and cleared land) in dark grey, black, and white tones, translucent beneath the chart elements.,
Gridlines: White solid lines for major horizontal gridlines (at 0, 1,500,000, 3,000,000) and for the X and Y axes.,
Data Colors: Predominantly translucent light olive green/yellow-green for bars from 1988 to 2018. The bar for 2019 is a brighter, slightly more opaque yellow.,
-------------------"
Ridwan,2,PolyMatter,https://youtu.be/dZh0B8AYxac?si=tVOZ2N2jf9-N7rZy,"
How Somalia’s Pirates Make Money",Somalian Pirates Profit Distribution,1,Showing different componenets of a pirate's income,06:28,06:42,Pie Chart,,"Suspense- Gradual Reveal, Annotation","First, investors get their guaranteed cut of at least 30%,
The port, who looked the other way while they parked the ship, gets 5-10%.
And the rest is split between the attackers, with a bonus of around $10,000 for being first
to board the ship.",https://youtu.be/dZh0B8AYxac,"Chart 1 - Donut Chart
| Category | Value |
|:-----------|------:|
| INVESTORS | 30 |
| PORT ""FEES"" | 10 |
| BOUNTIES | 60 |
-------------------","Chart 1 - Type: Donut Chart,
Description: A donut chart displaying the percentage allocation of funds. ""INVESTORS"" and ""PORT ""FEES"""" are explicitly labeled with percentages, while ""BOUNTIES"" represents the remaining ""REST"" of the funds, visually comprising both the green and grey segments to total 100%.,
Mark: Arc,
Background: Light grey with a subtle pattern of rounded squares,
Gridlines: None,
Data Colors: Red, Blue, Green, Grey
-------------------"
Ridwan,4,The Guardian,https://youtu.be/vhAXp0xzMFg?si=mwaiwmqtKRStvjHj,"
Why are houses so expensive?",Housing Market,1,Highting the historical low interest rates of Bank of England,03:10,03:28,Line Chart,,"Suspense- Gradual Reveal, Annotation","That's the bank of England base rate — and that's an average mortgage rate.
Those are historically low levels.",https://youtu.be/vhAXp0xzMFg,"Chart 1 - Line Chart
| Year | Red Line (%) | White Line (%) |
|------|--------------|----------------|
| 1991 | 9.8          | 7.0            |
| 1992 | 9.0          | 6.0            |
| 1993 | 8.0          | 6.0            |
| 1994 | 8.0          | 5.0            |
| 1995 | 7.5          | 6.5            |
| 1996 | 7.0          | 6.0            |
| 1997 | 6.5          | 5.0            |
| 1998 | 6.0          | 6.5            |
| 1999 | 5.5          | 6.5            |
| 2000 | 6.0          | 6.0            |
| 2001 | 5.8          | 5.5            |
| 2002 | 5.0          | 4.0            |
| 2003 | 5.8          | 4.0            |
| 2004 | 6.0          | 5.0            |
| 2005 | 5.5          | 5.0            |
| 2006 | 5.0          | 5.5            |
| 2007 | 6.0          | 5.5            |
| 2008 | 5.8          | 5.5            |
| 2009 | 4.5          | 0.5            |
| 2010 | 3.8          | 0.5            |
| 2011 | 4.0          | 0.5            |
| 2012 | 3.5          | 0.5            |
| 2013 | 3.0          | 0.5            |
| 2014 | 2.8          | 0.5            |
| 2015 | 2.5          | 0.5            |
| 2016 | 2.0          | 0.5            |
-------------------","Chart 1 - Type: Line Chart, 
Description: A dual-line chart showing the trend of two different metrics (represented by red and white lines) over the period from 1991 to 2016. The white line shows step-like changes, while the red line shows more continuous, fluctuating movement. Both lines show an overall downward trend, with the white line stabilizing at a low value from around 2009 onwards. The Y-axis represents percentage values from 0% to 10%. The X-axis represents years from 1991 to 2016.,
Mark: Line, 
Background: Dark grey/Black, 
Gridlines: Solid White, 
Data Colors: Red, White, 
-------------------"
Ridwan,5,The Infographics Show,https://youtu.be/eBV4GmK4kO4?si=B8dH7ooCPVPjKYtd,"
China vs Japan - Who Would Win - Army / Military Comparison",GDP of countries,1,Highlighting the Difference of GPD of different countries,00:33,00:49,Bar Chart,,"Suspense- Gradual Reveal, Annotation, Comparison - Detach","The USA has the world’s highest GDP of around 18.5 trillion dollars.
It’s followed by China with a nominal GDP of 11.8 trillion dollars, and then Japan with
a GDP of around 4.8 trillion dollars.
The European Union would take second place, but the EU is a combination of 28 states.",https://youtu.be/eBV4GmK4kO4,"Chart 1 - Bar Chart
| Region | GDP (Trillion USD) |
|---|---|
| USA | 18.5 |
| EU | 11.8 |
| China | 9.6 |
| Japan | 4.8 |
-------------------","Chart 1 - Type: Bar Chart,
Description: This bar chart displays the Gross Domestic Product (GDP) in Trillion USD for four major economies: USA, EU, China, and Japan. Each bar is labeled with the respective economy's flag at the base. The GDP values are explicitly labeled for the USA, EU, and Japan. The value for China was visually estimated based on its bar height relative to the other labeled bars.
Mark: Solid Rectangle,
Background: Light gray to white gradient,
Gridlines: None,
Data Colors: Red, Blue, Yellow, Green,
-------------------"
Ridwan,6,Vox,https://youtu.be/WjVVwMGJ9S8?si=BeFMvE7YH7OeJmPU,"
The problem with America's college entrance exam",SAT scores with income,1,"SAT scores of student with respect to their family incomes, showing low family income means lower grades",05:35,05:53,Bar Chart,,"Suspense- Gradual Reveal, Annotation, Comparison - Benchmark line, outline","Here's a chart of the average SAT scores by family income.
Students whose families earn less than $20,000 score around 890 -- way below average.
And as we move up the income brackets, students score higher and higher.
The wealthiest students -- whose parents earn more than $200,000 -- score an average of
1150.",https://youtu.be/WjVVwMGJ9S8,"Chart 1 - Horizontal Bar Chart
| Family Income           | Median SAT Score |
| :---------------------- | :--------------- |
| Less than $20,000       | 890              |
| $40,000                 | 935              |
| $60,000                 | 980              |
| $80,000                 | 1000             |
| $100,000                | 1050             |
| $140,000                | 1090             |
| More than $200,000      | 1150             |
-------------------","Chart 1 - Type: Horizontal Bar Chart, 
Description: This chart illustrates the median SAT score across different family income brackets. It shows a positive correlation where higher family incomes are associated with higher median SAT scores. The ""Average"" SAT score is marked at 1000.,
Mark: Horizontal Bar, 
Background: Solid, Light Beige (#FBF8F0), 
Gridlines: Dashed, Light Gray vertical lines (e.g., #BBBBBB), Solid Black vertical line for the y-axis, 
Data Colors: Blue (#47A0D4), 
-------------------"
Ridwan,8,Vox,https://youtu.be/ylLTMYt24lA?si=cbp4EESFQD5Gx6oR,How American CEOs got so rich,CEO wealth,1,Comparing how much popular car companies spent on stock buy back,04:57,05:15,Line Chart,,"emphasis - outline, Comparison - zoom in","And you can see part of the reason for this gap when you look at how much of their profits
three companies spend on buybacks.
Volkswagen hasn’t done any since 2012, and Toyota’s biggest buyback years are roughly
the size of GM’s smallest.",https://youtu.be/ylLTMYt24lA,"Chart 1 - Line Chart
| Year | GM (%) | Toyota (%) | Volkswagen (%) |
|------|--------|------------|----------------|
| 2012 | 82     | 8          | 0              |
| 2013 | 45     | 0          | 0              |
| 2014 | 82     | 18         | 0              |
| 2015 | 35     | 38         | 0              |
| 2016 | 28     | 40         | 0              |
| 2017 | 115    | 18         | 0              |
-------------------","Chart 1 - Type: Line Chart,
Description: A line chart depicting the share of profits spent on stock buybacks for three automobile manufacturers (GM, Toyota, and Volkswagen) from 2012 to 2017. The Y-axis represents the percentage of profits, and the X-axis represents the year. Each company's performance is represented by a distinct colored line, with company logos indicating the series.
Mark: Line,
Background: Light grey with a subtle textured pattern,
Gridlines: Thin light grey lines,
Data Colors: [Dark Blue, Grey, Dark Grey]
-------------------"
Ridwan,10,Vox,https://youtu.be/-ZDZtBRTyeI?si=9AhFlfqXoj8ufT4r,"
Why American public transit is so bad | 2020 Election",Walking vs Transit,1,"comparison of tansportation use, national average vs transit oriented development",04:02,04:13,Bar Chart,,Suspense- Gradual Reveal,"This is called transit-oriented development.
And the people who live in these places
are less likely than the national average to drive,
and more likely to walk, bike, or take transit.",https://youtu.be/-ZDZtBRTyeI,"Chart 1 - Grouped Bar Chart
| Transportation Mode | National average | Transit-oriented developments |
|:--------------------|:-----------------|:------------------------------|
| Auto                | 80%              | 45%                           |
| Public transit      | 5%               | 35%                           |
| Bike                | 1%               | 3%                            |
| Walk                | 2%               | 22%                           |
-------------------","Chart 1 - Type: Grouped Bar Chart, 
Description: This grouped bar chart illustrates the share of use for various transportation modes (Auto, Public transit, Bike, Walk) across two categories: ""National average"" and ""Transit-oriented developments"". The Y-axis represents the percentage of use, ranging from 0% to 75%. The X-axis lists the transportation modes. ,
Mark: Rectangular bars, 
Background: Solid dark grey, 
Gridlines: Thin, solid light grey horizontal lines, 
Data Colors: ['#80C0D8' (light blue), '#4272B6' (dark blue)], 
-------------------"
Ridwan,11,politizane,https://youtu.be/QPKKQnijnsM?si=TIeDGC9RrZclfR_j,"
Wealth Inequality in America",Wealth Distribution,1,"To show what the ideal wealth distribution looks lke from the perspective of common people ",02:43,03:15,Bar Chart,,Emphasis- pulse,"this
isn't too bad we've got some incentive
as the wealthiest folks are now about 10
to 20 times better off than the poorest
Americans but hey even the poor folks
aren't actually poor since the poverty
line has stayed almost entirely off the
chart we have a super healthy middle
class with a smooth transition into
wealth and yes Republicans and Democrats
alike chose this curve nine out of ten
people 92 percent said this was a nice
ideal distribution of America's wealth",https://youtu.be/QPKKQnijnsM,"Chart 1 - Cumulative Bar Chart
| Population Percentile | Cumulative Wealth Share |
|:----------------------|:------------------------|
| 0%                    | 0.0%                    |
| 10%                   | 1.3%                    |
| 20%                   | 2.5%                    |
| 30%                   | 6.3%                    |
| 40%                   | 10.0%                   |
| 50%                   | 13.8%                   |
| 60%                   | 17.5%                   |
| 70%                   | 30.0%                   |
| 80%                   | 42.5%                   |
| 90%                   | 71.3%                   |
| 100%                  | 100.0%                  |
-------------------","Chart 1 - Type: Cumulative Bar Chart,
Description: This chart visualizes an ""ideal"" wealth distribution across different population percentiles, as chosen by 92% of Americans. The X-axis represents the cumulative percentage of the population from 0% to 100%. The Y-axis (implicitly representing wealth share) is shown by the height of individual green bars, which cumulatively represent the total wealth held by the corresponding population percentile. Population segments are indicated by colored human silhouette icons at the base: ""The Poor"" (0-20%), ""The Middle Class"" (20-60%), ""The Rich"" (60-80%), and ""The Wealthy"" (80-100%). A ""Poverty Line"" is marked on the Y-axis as a reference. The data represents the cumulative percentage of total wealth corresponding to each population percentile.
Mark: Rectangular green bars showing increasing height, and human silhouette icons (representing population units) below the bars.
Background: Light gray with a faint, transparent outline of the USA map.
Gridlines: Solid light gray vertical lines at 10% intervals and faint horizontal lines.
Data Colors: Green (for the wealth distribution bars). Blue (for ""The Poor"" population icons), Green (for ""The Middle Class"" population icons), Orange (for ""The Rich"" population icons), Red (for ""The Wealthy"" population icons).
-------------------"
Ridwan,12,The Wall street Journal,https://www.youtube.com/watch?v=CkxeehM9a9g&ab_channel=TheWallStreetJournal,"
Why Trump’s Economy Hasn’t Cracked Under Tariffs (Yet) | WSJ",Tariffs,1,Highting the disparity in tariff rates of USA,00:45,01:04,Bar Chart,,Emphasis- Fill,"Some major economies, like the European Union, Japan,
and South Korea face a 15% tariff.
While others like Canada, Switzerland, Brazil, and India
face much higher rates, upwards of 35% to 50%.
China is on a different track than most other nations.
Its tariff rate is set to soar
unless a deal is reached.",https://youtu.be/CkxeehM9a9g,"Chart 1 - Horizontal Bar Chart
| Country | Tariffs (%) |
| :-------- | :---------- |
| CHINA     | 51          |
| INDIA     | 50          |
| BRAZIL    | 50          |
| SWITZERLAND | 38          |
| CANADA    | 35          |
| S. KOREA  | 14          |
| JAPAN     | 12          |
| EU        | 15          |
-------------------","Chart 1 - Type: Horizontal Bar Chart, 
Description: A horizontal bar chart illustrating ""Trump's Tariffs"" with different countries on the Y-axis and percentage values on the X-axis. China, India, and Brazil show the highest tariff percentages, with China's bar highlighted in pink.,
Mark: Horizontal Bar, 
Background: Dark grey with a subtle textured noise pattern and a faint, grayscale image of a person (likely Donald Trump) in the background., 
Gridlines: Solid, light grey vertical lines., 
Data Colors: ['#E91E63', '#CCCCCC', '#CCCCCC', '#CCCCCC', '#CCCCCC', '#CCCCCC', '#CCCCCC', '#CCCCCC'], 
-------------------"
Mahir,18,The Wall street Journal,https://www.youtube.com/watch?v=BrfkFftU8PI,,,1,To show how Sonder projected their revenue will grow gradually and get $3.99 billion by 2025.,01:41,01:50,Bar Chart,,Emphasis-Annotation,"Investors loved it. In
2021, the company projected nearly $4
billion in revenue by 2025.",https://youtu.be/BrfkFftU8PI,"Chart 1 - Bar Chart
| Year | Revenue (Billions USD) |
|---|---|
| 2018 | 0.15 |
| 2019 | 0.25 |
| 2020 | 0.35 |
| 2021 | 0.45 |
| 2022 | 0.8 |
| 2023 | 1.4 |
| 2024 | 2.5 |
| 2025 | 3.99 |
-------------------","Chart 1 - Type: Bar Chart,
Description: This chart displays Sonder's revenue by year, illustrating both historical performance (2018-2020) and company forecasts (2021-2025). The Y-axis represents revenue in billions of US dollars. A thick, curved pink line serves as an overlay, indicating the projected trend and corresponding to the top of each forecast bar. The forecast for 2025 is explicitly labeled as $3.99 billion.
Mark: Bars (rectangular with gradient fill), Line (curved, thick, with arrowhead).
Background: Dark grey to black gradient.
Gridlines: Solid, thin, light grey horizontal lines.
Data Colors: Bars: Light blue gradient (bottom-light to top-dark blue), Trend line: Pink.
-------------------"
Mahir,27,The Wall street Journal,https://youtu.be/BrfkFftU8PI?t=196,,,2,Point out how investors lack of confidence resulted in disappointing IPO outcome for Sonder.,03:16,03:27,Line Chart,,Emphasis-Annotation,"But like many spaxs from the pandemic
era, Saunders's market value soon
collapsed.
Several months passed before the IPO
actually closed and it was a really
disappointing IPO.",https://youtu.be/BrfkFftU8PI,"Chart 1 - Line Chart
| Date        | Price ($) |
| :---------- | :-------- |
| April 2021  | 188.00    |
| July 2021   | 189.00    |
| October 2021| 190.00    |
| January 2022| 202.20    |
| February 2022| 195.00    |
| March 2022  | 100.00    |
| April 2022  | 75.00     |
| May 2022    | 50.00     |
| June 2022   | 30.00     |
| July 2022   | 35.00     |
| August 2022 | 25.00     |
| September 2022| 19.50   |
| October 2022| 25.00     |
| November 2022| 20.00    |
| December 2022| 20.00    |
| January 2023| 18.00     |
| April 2023  | 15.00     |
| July 2023   | 10.00     |
| October 2023| 8.00      |
| January 2024| 5.00      |
| April 2024  | 4.00      |
| July 2024   | 3.00      |
| October 2024| 2.50      |
| January 2025| 2.00      |
| April 2025  | 1.50      |
| July 2025   | 1.00      |
| October 2025| 0.50      |
| December 2025| 0.50     |
-------------------","Chart 1 - Type: Line Chart,
Description: This line chart displays the historical stock price of Sonder Holdings Inc. from April 2021 to late 2025. The chart shows an initial period of relative stability around $190, followed by a sharp decline in early 2022 from a peak of $202.20. The price then experienced continued volatility and a gradual decline, reaching an intermediate point of $19.50 in late 2022, and eventually dropping to very low single-digit values by late 2025.,
Mark: Line, two circled data points,
Background: Solid black,
Gridlines: Solid white horizontal lines,
Data Colors: Red (line), White (circles), Pink with black text (price labels),
-------------------"
Mahir,28,The Wall Street Journal,https://youtu.be/kpnBnrq8Q7Q?t=42,,,1,Reveals how Nike’s market value has gradually decreased over the past few years.,00:42,00:46,Line Chart,,Suspense- Gradual Reveal,"It lost tens of billions in market value
after a series of missteps.",https://youtu.be/kpnBnrq8Q7Q,"Chart 1 - Line Chart
| Date     | Market Value (Billions $) |
| :------- | :------------------------ |
| 2021-01  | 205                       |
| 2021-03  | 195                       |
| 2021-05  | 220                       |
| 2021-07  | 200                       |
| 2021-09  | 215                       |
| 2021-11  | 200                       |
| 2022-01  | 265                       |
| 2022-03  | 225                       |
| 2022-05  | 155                       |
| 2022-07  | 175                       |
| 2022-09  | 190                       |
| 2022-11  | 170                       |
| 2023-01  | 195                       |
| 2023-03  | 180                       |
| 2023-05  | 145                       |
| 2023-07  | 160                       |
| 2023-09  | 175                       |
| 2023-11  | 150                       |
| 2024-01  | 120                       |
| 2024-03  | 100                       |
| 2024-05  | 125                       |
| 2024-07  | 105                       |
| 2024-09  | 95                        |
| 2024-11  | 70                        |
| 2025-01  | 105                       |
| 2025-03  | 85                        |
| 2025-05  | 90                        |
| 2025-07  | 80                        |
-------------------","Chart 1 - Type: Line Chart, 
Description: This chart displays Nike's market value in billions of dollars over time, from early 2021 to mid-2025. It shows an initial peak in early 2022, followed by a significant decline and continued fluctuations, with an overall downward trend.,
Mark: Line, 
Background: Dark Grey, 
Gridlines: Thin light grey horizontal lines, 
Data Colors: Cyan/Teal Blue, 
-------------------"
Mahir,29,The Wall Street Journal,https://www.youtube.com/watch?v=bR_eODwlBmY&t=333s,,,1,Shows a decline of union membership rate as job type changed,05:33,05:40,Line Chart,,"Suspense- Gradual Reveal, Emphasis- Draw an arrow","we saw a massive decline in the percentage
of workers represented by unions
that has continued to this day.",https://youtu.be/bR_eODwlBmY,"Chart 1 - Line Chart
| Year | Union Membership Rate (%) |
|---|---|
| 1920 | 10.0 |
| 1921 | 15.8 |
| 1922 | 12.5 |
| 1923 | 9.7 |
| 1924 | 9.2 |
| 1925 | 9.0 |
| 1926 | 9.3 |
| 1927 | 9.6 |
| 1928 | 10.0 |
| 1929 | 10.4 |
| 1930 | 10.0 |
| 1931 | 9.5 |
| 1932 | 9.0 |
| 1933 | 9.0 |
| 1934 | 10.5 |
| 1935 | 11.5 |
| 1936 | 13.5 |
| 1937 | 20.0 |
| 1938 | 26.0 |
| 1939 | 24.5 |
| 1940 | 26.0 |
| 1941 | 28.0 |
| 1942 | 30.0 |
| 1943 | 32.5 |
| 1944 | 31.0 |
| 1945 | 29.5 |
| 1946 | 30.5 |
| 1947 | 29.5 |
| 1948 | 29.0 |
| 1949 | 29.0 |
| 1950 | 30.0 |
| 1951 | 31.0 |
| 1952 | 30.5 |
| 1953 | 30.0 |
| 1954 | 29.0 |
| 1955 | 28.0 |
| 1956 | 27.0 |
| 1957 | 26.0 |
| 1958 | 25.0 |
| 1959 | 24.0 |
| 1960 | 23.0 |
| 1961 | 22.5 |
| 1962 | 22.0 |
| 1963 | 21.5 |
| 1964 | 21.0 |
| 1965 | 20.5 |
| 1966 | 21.0 |
| 1967 | 21.5 |
| 1968 | 21.5 |
| 1969 | 21.0 |
| 1970 | 20.5 |
| 1971 | 20.0 |
| 1972 | 19.5 |
| 1973 | 19.0 |
| 1974 | 18.5 |
| 1975 | 18.0 |
| 1976 | 17.5 |
| 1977 | 17.0 |
| 1978 | 16.5 |
| 1979 | 16.0 |
| 1980 | 15.5 |
| 1981 | 15.0 |
| 1982 | 14.0 |
| 1983 | 13.5 |
| 1984 | 13.0 |
| 1985 | 12.5 |
| 1986 | 12.0 |
| 1987 | 11.5 |
| 1988 | 11.0 |
| 1989 | 10.8 |
| 1990 | 10.6 |
| 1991 | 10.4 |
| 1992 | 10.2 |
| 1993 | 10.0 |
| 1994 | 9.8 |
| 1995 | 9.6 |
| 1996 | 9.4 |
| 1997 | 9.2 |
| 1998 | 9.0 |
| 1999 | 8.8 |
| 2000 | 8.6 |
| 2001 | 8.4 |
| 2002 | 8.2 |
| 2003 | 8.0 |
| 2004 | 7.8 |
| 2005 | 7.6 |
| 2006 | 7.4 |
| 2007 | 7.2 |
| 2008 | 7.0 |
| 2009 | 6.8 |
| 2010 | 6.6 |
| 2011 | 6.4 |
| 2012 | 6.2 |
| 2013 | 6.0 |
| 2014 | 5.8 |
| 2015 | 5.6 |
| 2016 | 5.4 |
| 2017 | 5.2 |
| 2018 | 5.0 |
| 2019 | 4.9 |
| 2020 | 4.8 |
| 2021 | 4.7 |
| 2022 | 4.6 |
| 2023 | 4.5 |
-------------------","Chart 1 - Type: Line Chart, 
Description: This line chart illustrates the Union Membership Rate in percentage from 1920 to 2023. The rate shows an initial increase peaking around 1943 at 32.5%, followed by a general decline from the mid-1950s onwards, reaching its lowest visible point at the end of the series around 4.5%. A dark blue arrow highlights the overall downward trend from the 1980s to the present. The Y-axis represents the membership rate from 5% to 35%, and the X-axis represents years in 10-year increments. Source: Economic Policy Institute, data from Freeman (1997) 1917 to 1982, updated to the present using Bureau of Labor Statistics.
Mark: Smooth line, 
Background: Light beige, 
Gridlines: Solid light gray horizontal lines, 
Data Colors: Blue (#3299FF), Dark Blue (for trend arrow)
-------------------"
Mahir,30,The Wall Street Journal,https://youtu.be/Lxo6Xr8u6Zk?t=55,,,1,Reveals how the monthly inflation rate reaching its peak motivated Argentinians to re-elect President Milei.,00:55,01:00,Line Chart,,"Suspense- Gradual Reveal, Emphasis- Slow down, Add annotation picture","Monthly inflation peaked at over 25%.
Almost half of the country was in poverty.
Argentinians had decided they had nothing to lose",https://youtu.be/Lxo6Xr8u6Zk,"Chart 1 - Line Chart
| Period       | Monthly Inflation (%) |
| :----------- | :-------------------- |
| 2022-Early   | 2.5                   |
| 2022-Q2      | 6.0                   |
| 2022-Mid     | 4.0                   |
| 2022-Q3      | 7.0                   |
| 2022-Late    | 4.5                   |
| 2022-End     | 4.8                   |
| 2023-Early   | 6.0                   |
| 2023-Q2      | 7.8                   |
| 2023-Mid     | 5.0                   |
| 2023-Q3      | 11.5                  |
| 2023-Late    | 7.0                   |
| 2023-End     | 11.0                  |
| 2024-Early   | 25.0                  |
-------------------","Chart 1 - Type: Line Chart,
Description: This line chart visualizes the monthly inflation in Argentina, showing trends from early 2022 to early 2024. It highlights a significant surge in inflation towards the end of 2023 and into early 2024, reaching approximately 25%. An image of a person (likely Javier Milei, current President of Argentina) is overlaid on the chart, near the peak inflation point. The data source is indicated as the Central Bank of Argentina. The title is ""MONTHLY INFLATION IN ARGENTINA"".
Mark: Line, with the latest data point emphasized by a white circle,
Background: Solid dark gray (#282828),
Gridlines: Solid white,
Data Colors: Bright blue (#33A0FF)
-------------------"
Mahir,31,The Wall Street Journal,https://youtu.be/Lxo6Xr8u6Zk?t=114,,,2,How President Milei successfully reduced the monthly inflation rate from its peak.,01:51,01:54,Line Chart,,"Suspense- Gradual Reveal, Comparison - Highlight a range","in order to help bring down inflation.
He was successful in that regard.",https://youtu.be/Lxo6Xr8u6Zk,"Chart 1 - Line Chart
| Month-Year | Inflation (%) |
|:-----------|:--------------|
| Feb-2022   | 2.5           |
| Mar-2022   | 5.5           |
| Apr-2022   | 4.0           |
| May-2022   | 4.5           |
| Jun-2022   | 6.0           |
| Jul-2022   | 5.5           |
| Aug-2022   | 4.0           |
| Sep-2022   | 6.0           |
| Oct-2022   | 5.0           |
| Nov-2022   | 4.0           |
| Dec-2022   | 5.0           |
| Jan-2023   | 6.5           |
| Feb-2023   | 7.0           |
| Mar-2023   | 6.5           |
| Apr-2023   | 5.0           |
| May-2023   | 11.0          |
| Jun-2023   | 7.0           |
| Jul-2023   | 12.0          |
| Aug-2023   | 7.5           |
| Sep-2023   | 24.5          |
| Oct-2023   | 15.0          |
| Nov-2023   | 10.0          |
| Dec-2023   | 7.0           |
| Jan-2024   | 4.0           |
| Feb-2024   | 3.5           |
| Mar-2024   | 3.0           |
| Apr-2024   | 2.0           |
| May-2024   | 2.5           |
| Jun-2024   | 3.0           |
| Jul-2024   | 2.0           |
| Aug-2024   | 1.5           |
| Sep-2024   | 1.0           |
| Oct-2024   | 0.5           |
| Nov-2024   | 0.5           |
| Dec-2024   | 1.0           |
| Jan-2025   | 1.0           |
| Feb-2025   | 1.0           |
-------------------","Chart 1 - Type: Line Chart, 
Description: This line chart displays the monthly inflation rate in Argentina from early 2022, with a forecast extending to early 2025. The chart shows an initial period of relatively stable inflation (2-7%) in 2022 and early 2023, followed by a significant spike peaking at approximately 24.5% around September 2023. Subsequently, the inflation is projected to decline sharply and then gradually stabilize at lower levels (around 0.5-3%) in 2024 and 2025. The period from late 2023/early 2024 onwards is visually distinguished with a shaded background, likely indicating a projected or forecasted trend.
Mark: Line, 
Background: Dark gray for historical data, slightly lighter gray for forecast data, 
Gridlines: Solid white, 
Data Colors: Blue, 
-------------------"
Mahir,32,The Wall Street Journal,https://www.youtube.com/watch?v=Lxo6Xr8u6Zk&t=116s,,,3,To explain the strategy president Milei took to bring down inflation,01:55,02:06,Line Chart,,"Suspense- Gradual Reveal, Comparison - Highlight a range, Emphasis- Draw an arrow, Annotation","To do so,
Milei first used a so-called crawling peg
where he steadily devalued the peso every month
and later a currency band where he kept it
from falling outside of this floor and ceiling.",https://youtu.be/Lxo6Xr8u6Zk,"Chart 1 - Line Chart with Forecast Band
| Year | Official Exchange Rate (ARS to USD) | Peso Trading Band - Lower (ARS to USD) | Peso Trading Band - Upper (ARS to USD) |
|---|---|---|---|
| 2024 | 740 | 740 | 740 |
| '25 | 1120 | 950 | 1350 |
| '26 | 1175 | 900 | 1450 |
| '27 | 1200 | 900 | 1500 |
-------------------","Chart 1 - Type: Line Chart with Forecast Band,
Description: This chart displays the historical and projected official exchange rate of Argentine Pesos (ARS) to US Dollars (USD). It shows a line representing the official exchange rate up to mid-2025, and a ""Peso Trading Band"" representing a forecast range for the exchange rate from mid-2025 through 2027. For years where the official exchange rate line transitions into the forecast band, the ""Official Exchange Rate"" column shows the midpoint of the band to maintain continuity and address the 'no missing values' constraint. For 2024, before the explicit trading band is introduced, the band values are set equal to the official rate, implying the official rate itself acted as the effective singular rate.
Mark: Line for Official Exchange Rate, Filled Area with dashed borders for Peso Trading Band,
Background: Solid dark grey,
Gridlines: Thin solid white horizontal lines,
Data Colors: Light blue (Official Exchange Rate line), Dark blue (Peso Trading Band fill), White (Peso Trading Band dashed borders),
-------------------"
Ridwan,33,Vox,https://youtu.be/WjVVwMGJ9S8?si=C4MOgjGTgXtMW6au,,,2,to illustrate the massive increase in number of students taking the SAT,04:12,04:30,Bar Chart,,"Suspense- Gradual Reveal, Comparison - Rescale","In 1941, just 10,000 students took the SAT.
By 1950, 80,000 students took the exam.
By 1960, 800,000 students took the SAT.
By the next decade, it rose to a million..
Now, more than 2 million students take the exam each year.",https://youtu.be/WjVVwMGJ9S8,"Chart 1 - Bar Chart
| Year | Students Taking SAT |
|---|---|
| 1941 | 10000 |
| 1950 | 75000 |
| 1960 | 800000 |
| 1974 | 1000000 |
| Now | 2100000 |
-------------------","Chart 1 - Type: Bar Chart,
Description: This bar chart displays the trend of students taking the SAT exam over several years, from 1941 to ""Now"". It shows a significant increase in participation over time, with the number of students rising from a very small number in the early years to over 2 million currently. The Y-axis represents the number of students, and the X-axis represents the year. The chart suggests a growing interest or requirement for the SAT over the decades.
Mark: Rectangle,
Background: Light beige,
Gridlines: Dashed light grey,
Data Colors: Blue,
-------------------"
Mahir,34,The Wall Street Journal,https://www.youtube.com/watch?v=OzjYNVJwqH0,,,1,"to illustrate how price of gold futures has risen this year in an unprecedented way ",00:19,00:28,Line Chart,,"Suspense- Gradual Reveal, Emphasis - Zoom in","The first chart is the price of gold futures.
Futures prices have risen some 50% this year,
which has outpaced many of the biggest crises
in American history.",https://youtu.be/OzjYNVJwqH0,"Chart 1 - Line Chart
| Year | Nominal Dollars | September 2025 Dollars |
|------|-----------------|------------------------|
| 1976 | 120             | 550                    |
| 1977 | 150             | 600                    |
| 1978 | 200             | 700                    |
| 1979 | 400             | 1200                   |
| 1980 | 1800            | 3200                   |
| 1981 | 450             | 1200                   |
| 1982 | 400             | 1000                   |
| 1983 | 420             | 1050                   |
| 1984 | 350             | 850                    |
| 1985 | 300             | 700                    |
| 1986 | 400             | 850                    |
| 1987 | 450             | 900                    |
| 1988 | 400             | 750                    |
| 1989 | 380             | 680                    |
| 1990 | 380             | 650                    |
| 1991 | 370             | 600                    |
| 1992 | 340             | 520                    |
| 1993 | 380             | 550                    |
| 1994 | 380             | 520                    |
| 1995 | 380             | 500                    |
| 1996 | 390             | 500                    |
| 1997 | 330             | 400                    |
| 1998 | 290             | 350                    |
| 1999 | 280             | 320                    |
| 2000 | 280             | 300                    |
| 2001 | 270             | 280                    |
| 2002 | 310             | 320                    |
| 2003 | 360             | 360                    |
| 2004 | 410             | 400                    |
| 2005 | 450             | 430                    |
| 2006 | 620             | 550                    |
| 2007 | 680             | 580                    |
| 2008 | 900             | 700                    |
| 2009 | 1000            | 750                    |
| 2010 | 1200            | 850                    |
| 2011 | 1500            | 1000                   |
| 2012 | 1650            | 1050                   |
| 2013 | 1400            | 850                    |
| 2014 | 1250            | 750                    |
| 2015 | 1150            | 680                    |
| 2016 | 1250            | 700                    |
| 2017 | 1280            | 700                    |
| 2018 | 1250            | 650                    |
| 2019 | 1400            | 700                    |
| 2020 | 1800            | 850                    |
| 2021 | 1800            | 800                    |
| 2022 | 1800            | 750                    |
| 2023 | 1950            | 780                    |
| 2024 | 2200            | 850                    |
| 2025 | 3800            | 1200                   |
-------------------","Chart 1 - Type: Line Chart,
Description: A line chart displaying the price of gold futures in ""Nominal Dollars"" and ""September 2025 Dollars"" from 1976 to 2025. The y-axis represents the price in dollars per troy ounce, and the x-axis represents the year.,
Mark: Line,
Background: Dark Gray,
Gridlines: Solid, Light Gray,
Data Colors: ['#007bff' (Nominal Dollars), '#6cbceb' (September 2025 Dollars)],
-------------------"
Mahir,35,The Wall Street Journal,https://www.youtube.com/watch?v=OzjYNVJwqH0,,,2,to show how previous financial crisis history explains recent rise of gold price,00:44,00:51,Line Chart,,"Emphasis - Annotation, Elements added to visualization","And if you look at some of those previous run-ups,
there were financial meltdowns
that helped explain why investors flocked to gold.",https://youtu.be/OzjYNVJwqH0,"Chart 1 - Line Chart
| Year | NOMINAL DOLLARS | SEPTEMBER 2025 DOLLARS |
|------|-----------------|------------------------|
| 1976 | 100             | 700                    |
| 1977 | 150             | 800                    |
| 1978 | 200             | 950                    |
| 1979 | 350             | 1600                   |
| 1980 | 550             | 3500                   |
| 1981 | 300             | 1900                   |
| 1982 | 300             | 1600                   |
| 1983 | 400             | 1900                   |
| 1984 | 300             | 1400                   |
| 1985 | 300             | 1300                   |
| 1986 | 350             | 1400                   |
| 1987 | 400             | 1500                   |
| 1988 | 400             | 1400                   |
| 1989 | 350             | 1200                   |
| 1990 | 350             | 1150                   |
| 1991 | 300             | 900                    |
| 1992 | 270             | 800                    |
| 1993 | 300             | 900                    |
| 1994 | 350             | 1000                   |
| 1995 | 350             | 950                    |
| 1996 | 380             | 1050                   |
| 1997 | 300             | 800                    |
| 1998 | 280             | 750                    |
| 1999 | 280             | 750                    |
| 2000 | 280             | 750                    |
| 2001 | 270             | 700                    |
| 2002 | 300             | 750                    |
| 2003 | 350             | 850                    |
| 2004 | 400             | 950                    |
| 2005 | 450             | 1050                   |
| 2006 | 600             | 1300                   |
| 2007 | 650             | 1350                   |
| 2008 | 800             | 1550                   |
| 2009 | 950             | 1700                   |
| 2010 | 1200            | 2000                   |
| 2011 | 1500            | 2500                   |
| 2012 | 1350            | 2200                   |
| 2013 | 1100            | 1700                   |
| 2014 | 1150            | 1700                   |
| 2015 | 1050            | 1550                   |
| 2016 | 1200            | 1700                   |
| 2017 | 1250            | 1700                   |
| 2018 | 1200            | 1600                   |
| 2019 | 1350            | 1800                   |
| 2020 | 1700            | 2200                   |
| 2021 | 1750            | 2250                   |
| 2022 | 1700            | 2100                   |
| 2023 | 1850            | 2300                   |
| 2024 | 2000            | 2500                   |
| 2025 | 2200            | 3500                   |
-------------------","Chart 1 - Type: Line Chart, 
Description: A line chart titled ""PRICE OF GOLD FUTURES"" displays the historical price of gold in two metrics: ""NOMINAL DOLLARS"" and ""SEPTEMBER 2025 DOLLARS"" from 1976 to 2025. The Y-axis represents the price in ""$ A TROY OUNCE"", ranging from 0 to 3,500. The chart shows the significant volatility and general upward trend of gold prices over five decades, with a notable spike in both nominal and inflation-adjusted prices around 1980 and a more recent surge towards 2025.
Mark: Line, 
Background: Solid Dark Gray, 
Gridlines: Solid Light Gray, 
Data Colors: ['#3B92CE' (for NOMINAL DOLLARS), '#5ABAEF' (for SEPTEMBER 2025 DOLLARS)], 
-------------------"
Mahir,36,The Wall Street Journal,https://www.youtube.com/watch?v=OzjYNVJwqH0,,,3,to explain the behaviour of gold prices this year,01:23,01:36,Line Chart,,"Suspense- Gradual Reveal, Emphasis- Draw an arrow ","So if you zoom into gold prices this year,
they first ramped up in the first part
of Trump's second term.
Then something odd happened.
There was a basic stagnation in the gold market
over the course of the summer.
Things settled down, until August.",https://youtu.be/OzjYNVJwqH0,"Chart 1 - Line Chart
| Month     | Nominal Dollars | September 2025 Dollars |
| :-------- | :-------------- | :--------------------- |
| JAN. 2025 | 2630            | 2700                   |
| FEB.      | 2740            | 2900                   |
| MARCH     | 2890            | 3100                   |
| APRIL     | 3100            | 3300                   |
| MAY       | 3200            | 3450                   |
| JUNE      | 3260            | 3450                   |
| JULY      | 3280            | 3450                   |
| AUG.      | 3330            | 3450                   |
| SEPT.     | 3550            | 3450                   |
| OCT.      | 3880            | 3900                   |
-------------------","Chart 1 - Type: Line Chart,
Description: This chart displays the historical and projected price of gold futures over time, from January 2025 to October. It tracks two distinct metrics: 'Nominal Dollars' (the actual market price) and 'September 2025 Dollars' (a specific future contract price or target value), showing their trends and fluctuations against a price per troy ounce.
Mark: Line,
Background: Dark grey,
Gridlines: Solid, Light grey,
Data Colors: Blue, White
-------------------"
Mahir,37,The Wall Street Journal,https://www.youtube.com/watch?v=OzjYNVJwqH0,,,4,"to illustrate how powell's speech influenced significant rise of gold prices compared to other major index ",01:52,01:55,Line Chart,,"Suspense- Gradual Reveal, Emphasis- Draw a circle","Since then, gold prices have been off to the races.",https://youtu.be/OzjYNVJwqH0,"Chart 1 - Line Chart
| Date       | GOLD (%) | BITCOIN (%) | S&P 500 INDEX (%) | WSJ DOLLAR INDEX (%) |
|:-----------|:---------|:------------|:------------------|:---------------------|
| 2023-08-22 | -0.5     | 0.0         | -0.5              | 0.0                  |
| 2023-08-26 | 1.8      | 2.2         | 0.8               | -0.6                 |
| 2023-08-30 | 2.8      | 3.2         | 1.2               | -0.8                 |
| 2023-09-03 | 0.2      | -0.8        | 0.6               | -1.0                 |
| 2023-09-07 | 0.8      | -2.0        | 1.6               | -1.5                 |
| 2023-09-11 | 1.0      | -0.5        | 2.0               | -2.0                 |
| 2023-09-15 | 0.0      | -2.0        | 1.5               | -2.5                 |
| 2023-09-19 | -1.0     | -4.0        | 0.5               | -2.8                 |
| 2023-09-23 | -0.5     | -2.5        | 1.0               | -2.0                 |
| 2023-09-27 | 0.0      | -1.0        | 2.0               | -1.5                 |
| 2023-10-01 | 1.5      | 0.5         | 2.5               | -1.0                 |
| 2023-10-05 | 4.0      | 0.5         | 3.0               | -0.8                 |
| 2023-10-09 | 7.0      | 1.0         | 3.5               | -0.5                 |
| 2023-10-13 | 9.5      | 4.0         | 4.0               | -0.5                 |
| 2023-10-17 | 12.0     | 8.0         | 4.5               | -0.5                 |
| 2023-10-21 | 14.5     | 11.0        | 4.8               | -0.3                 |
| 2023-10-25 | 17.5     | 6.0         | 4.8               | -0.2                 |
| 2023-10-29 | 19.5     | 8.0         | 5.0               | -0.2                 |
-------------------","Chart 1 - Type: Line Chart, 
Description: This chart illustrates the percentage performance change of Gold, Bitcoin, S&P 500 Index, and WSJ Dollar Index over time, starting from August 22nd, likely in relation to Powell's August speech. The X-axis represents time from late August to late October, and the Y-axis shows performance as a percentage ranging from -5% to 20%. Gold shows the strongest positive trend, while the WSJ Dollar Index remains mostly negative.
Mark: Line, with a circular annotation highlighting the final data point of the GOLD line., 
Background: Dark Gray, 
Gridlines: Horizontal solid light gray; Vertical short light gray ticks on X-axis, 
Data Colors: Bright Cyan Blue (GOLD), Medium Blue (BITCOIN), Dark Navy Blue (S&P 500 INDEX), Red (WSJ DOLLAR INDEX), 
-------------------"
Mahir,38,The Wall Street Journal,https://www.youtube.com/watch?v=OzjYNVJwqH0,,,5,to show how much central banks have added to their gold reserves,01:57,02:04,Bar Chart,,"Suspense- Gradual Reveal, ","which shows us how much central banks
have added to their gold reserves.
Central banks since the great financial crisis
have really snapped up gold bullion,",https://youtu.be/OzjYNVJwqH0,"Chart 1 - Bar Chart
| Year | Annual Change (Tons) |
|------|----------------------|
| 2000 | -530                 |
| 2001 | -480                 |
| 2002 | -510                 |
| 2003 | -700                 |
| 2004 | -500                 |
| 2005 | -380                 |
| 2006 | -420                 |
| 2007 | -510                 |
| 2008 | -430                 |
| 2009 | -300                 |
| 2010 | 20                   |
| 2011 | 400                  |
| 2012 | 550                  |
| 2013 | 570                  |
| 2014 | 490                  |
| 2015 | 600                  |
| 2016 | 300                  |
| 2017 | 370                  |
| 2018 | 620                  |
| 2019 | 200                  |
| 2020 | 380                  |
| 2021 | 950                  |
| 2022 | 980                  |
| 2023 | 970                  |
| 2024 | 900                  |
| 2025 | 370                  |
-------------------","Chart 1 - Type: Bar Chart,
Description: This chart displays the annual change in global central-bank gold holdings in tons from 2000 to 2025. Negative values (red bars) indicate a decrease in holdings, while positive values (blue bars) indicate an increase. The 2025 figure reflects first-half data.,
Mark: Rectangle,
Background: Dark Gray (#1a1a1a),
Gridlines: Solid, Light Gray (#cccccc),
Data Colors: Red (#cb4d4d), Blue (#377eb8),
-------------------"
Mahir,39,The Wall Street Journal,https://www.youtube.com/watch?v=OzjYNVJwqH0,,,6," looks at the performance of the US dollar over the past year",02:47,02:56,Line Chart,,"Suspense- Gradual Reveal, Emphasis - Annotation","And as you can see, it hasn't been very strong.
By one measure, the US dollar had its weakest first half
in the last 50 years.
Now, it's important to start by understanding
that the Trump administration, in some respects,
wants a weaker US dollar.",https://youtu.be/OzjYNVJwqH0,"Chart 1 - Line Chart
| Date/Event                      | WSJ Dollar Index |
| :------------------------------ | :--------------- |
| Nov. 2024 (start)               | 97.0             |
| Nov. 2024 (mid)                 | 97.5             |
| Nov. 2024 (end)                 | 98.5             |
| Dec. 2024 (mid)                 | 100.0            |
| Jan. 2025 (start)               | 100.5            |
| Jan. 2025 (mid)                 | 101.5            |
| Feb. 2025 (mid)                 | 102.8            |
| March 2025 (start)              | 100.5            |
| Trump's 'Liberation day' for tariffs | 99.0             |
| April 2025 (mid)                | 95.0             |
| May 2025 (start)                | 96.0             |
| June 2025 (mid)                 | 94.0             |
| July 2025 (start)               | 94.5             |
| Aug. 2025 (mid)                 | 94.0             |
| BLS chief fired                 | 94.5             |
| Early Sept. 2025                | 93.8             |
| Fed cuts rates                  | 93.8             |
| Sept. 2025 (end)                | 95.0             |
-------------------","Chart 1 - Type: Line Chart,
Description: This chart displays the WSJ Dollar Index performance from November 2024 to September 2025, showing fluctuations over time with specific annotations for key economic events: ""Trump's 'Liberation day' for tariffs"", ""BLS chief fired"", and ""Fed cuts rates"". The Y-axis represents the index value, and the X-axis represents time in months. The source of the data is Dow Jones Market Data.,
Mark: Line (connected path), Data points (small circle for events),
Background: Solid dark grey/black,
Gridlines: Thin horizontal and vertical grey lines,
Data Colors: Blue (for the line), White (for event points at ""Trump's 'Liberation day' for tariffs"" and ""Fed cuts rates""), Blue (for event point at ""BLS chief fired""),
-------------------"
Mahir,40,The Wall Street Journal,https://www.youtube.com/watch?v=OzjYNVJwqH0,,,7,to show the reason that influenced the down of US dollar value,03:12,03:26,Line Chart,,"Emphasis - Zoom in, Annotation","This really proliferated
around the Liberation Day tariffs in April,
where there's a lot of uncertainty about the outlook
for the US economy and inflation.
And more recently,
after Trump's Big Beautiful Bill passed Congress,
there's been mounting concerns about long-term deficits
around the United States,",https://youtu.be/OzjYNVJwqH0,"Chart 1 - Line Chart
| Date       | WSJ Dollar Index | Event                                   |
| :--------- | :--------------- | :-------------------------------------- |
| 2025-01-10 | 100.5            |                                         |
| 2025-01-20 | 101.8            |                                         |
| 2025-01-30 | 102.5            |                                         |
| 2025-02-10 | 102.0            |                                         |
| 2025-02-20 | 103.0            |                                         |
| 2025-03-01 | 102.5            |                                         |
| 2025-03-10 | 101.0            |                                         |
| 2025-03-20 | 100.0            |                                         |
| 2025-03-30 | 99.0             |                                         |
| 2025-04-10 | 99.5             |                                         |
| 2025-04-15 | 99.0             | Trump's 'Liberation day' for tariffs    |
| 2025-04-20 | 98.0             |                                         |
| 2025-04-30 | 95.5             |                                         |
| 2025-05-10 | 95.0             |                                         |
| 2025-05-20 | 96.5             |                                         |
| 2025-05-30 | 95.0             |                                         |
| 2025-06-10 | 94.5             |                                         |
| 2025-06-20 | 93.8             |                                         |
| 2025-06-30 | 93.5             |                                         |
| 2025-07-05 | 93.5             | Big, Beautiful Bill signed into law     |
| 2025-07-10 | 94.0             |                                         |
| 2025-07-20 | 95.0             |                                         |
| 2025-07-30 | 95.8             |                                         |
| 2025-08-10 | 95.0             |                                         |
| 2025-08-20 | 94.0             |                                         |
| 2025-08-30 | 94.5             |                                         |
| 2025-09-10 | 93.5             |                                         |
| 2025-09-20 | 94.0             |                                         |
| 2025-09-30 | 95.5             |                                         |
-------------------","Chart 1 - Type: Line Chart,
Description: This chart displays the WSJ Dollar Index trend from January 2025 to September 2025. It shows a general decline in the index over the period, with specific events (""Trump's 'Liberation day' for tariffs"" in April and ""Big, Beautiful Bill signed into law"" in July) marked on the timeline.
Mark: Smooth line curve with circular point annotations for events,
Background: Solid dark gray (#1A1A1A),
Gridlines: Solid light gray horizontal lines (#AAAAAA),
Data Colors: ['#3399FF' (line), '#FFFFFF' (event markers)],
-------------------"
Mahir,41,The Wall Street Journal,https://www.youtube.com/watch?v=OmKncT3Zdoo,,,1,to illustrate how grocery prices has changed over the last few years and how the latest data shows a significant increase in a year,01:42,01:54,Line Chart,,"Suspense- Gradual Reveal, Emphasis - Slow down, Highlight a range, Annotation, ","Grocery costs cooled considerably
after spiking during the pandemic.
But this August, they climbed 2.7%
when compared to a year ago,
marking the fastest pace of grocery inflation in two years.",https://youtu.be/OmKncT3Zdoo,"Chart 1 - Line Chart
| Year | 12-month percentage change in food-at-home CPI |
|:-----|:-----------------------------------------------|
| 2005 | 0.5                                            |
| 2006 | 1.0                                            |
| 2007 | 2.0                                            |
| 2008 | 6.0                                            |
| 2009 | -2.0                                           |
| 2010 | 2.0                                            |
| 2011 | 5.5                                            |
| 2012 | 2.0                                            |
| 2013 | 0.5                                            |
| 2014 | 2.5                                            |
| 2015 | 0.0                                            |
| 2016 | 0.5                                            |
| 2017 | -1.0                                           |
| 2018 | 0.0                                            |
| 2019 | 2.0                                            |
| 2020 | 0.5                                            |
| 2021 | 5.5                                            |
| 2022 | 12.0                                           |
| 2023 | 2.0                                            |
| 2024 | 2.5                                            |
| 2025 | 2.7                                            |
-------------------","Chart 1 - Type: Line Chart, 
Description: This chart displays the 12-month percentage change in food-at-home Consumer Price Index (CPI) from 2005 to 2025, indicating the fluctuation of grocery bill prices over time. The data represents measurements taken in August of each year.
Mark: Line with a small circular point for the final data point (2025)., 
Background: Blurred dark image of grocery store shelves with various products., 
Gridlines: Solid, thin, white horizontal lines., 
Data Colors: Light blue (for the line)., 
-------------------"
Mahir,42,The Wall Street Journal,https://www.youtube.com/watch?v=OmKncT3Zdoo,,,2,"to show the volume of shrimp imported from various countries, highlighting India as the top exporter ",02:26,02:35,Bar Chart,,,"In fact, it imported 760 metric tons of it in 2024.
The top exporter? India,
which faces a hefty 50% tariff.",https://youtu.be/OmKncT3Zdoo,"Chart 1 - Bar Chart
| Country   | Metric Tons (Thousands) |
| :-------- | :---------------------- |
| India     | 285                     |
| Ecuador   | 170                     |
| Indonesia | 115                     |
| Vietnam   | 60                      |
| Thailand  | 20                      |
-------------------","Chart 1 - Type: Bar Chart, 
Description: This bar chart displays the top shrimp exporters to the U.S. by country, measured in thousands of metric tons. India is the leading exporter, followed by Ecuador, Indonesia, Vietnam, and Thailand. The Y-axis represents the quantity in thousands of metric tons, and the X-axis lists the countries.,
Mark: Rectangular bars, 
Background: Dark grey with a subtle textured pattern, 
Gridlines: Solid, light grey horizontal lines, 
Data Colors: Light blue, 
-------------------"
Mahir,43,The Wall Street Journal,https://www.youtube.com/watch?v=OmKncT3Zdoo,,,3,to demonstrate the effect of price increases on consumer behavior and sentiment,04:38,04:50,"2, Bar Chart, Bar Chart.",,Suspense- Gradual Reveal,"According to a Wall Street Journal poll conducted in July,
more than half of respondents
said they were concerned about the price of groceries.
And 66% reported switching to less expensive products
in the grocery store in the past year to save money.",https://youtu.be/OmKncT3Zdoo,"Chart 1 - Horizontal Bar Chart
| Concern Category | Percentage |
| :------------------------------- | :--------- |
| EXTREMELY OR VERY CONCERNED      | 56         |
| SOMEWHAT CONCERNED               | 28         |
| NOT VERY CONCERNED OR NOT CONCERNED | 16         |
-------------------
Chart 2 - Horizontal Bar Chart
| Response | Percentage |
| :---------------- | :--------- |
| YES               | 67         |
| NO                | 32         |
| SKIPPED/REFUSED   | 1          |
-------------------","Chart 1 - Type: Horizontal Bar Chart, 
Description: A bar chart illustrating the level of concern among respondents regarding the price of groceries and food, broken down into three categories: extremely/very concerned, somewhat concerned, and not very/not concerned. The percentages sum to 100%. The source is a Wall Street Journal-NORC poll.
Mark: Horizontal bars, 
Background: Dark gray/black, 
Gridlines: Solid, light gray, 
Data Colors: ['#A9D0E8']
-------------------
Chart 2 - Type: Horizontal Bar Chart, 
Description: A bar chart showing the percentage of respondents who have switched to less-expensive products at the grocery store in the last 12 months, categorized by Yes, No, and Skipped/Refused. The percentages sum to 100%. The source is a Wall Street Journal-NORC poll.
Mark: Horizontal bars, 
Background: Dark gray/black, 
Gridlines: Solid, light gray, 
Data Colors: ['#A9D0E8']
-------------------"
Mahir,44,The Wall Street Journal,https://www.youtube.com/watch?v=mdcfccvfaPs,,,1,to illustrate the source of cocaine seized in the US,01:33,01:38,Pie Chart,,Suspense- Gradual Reveal,"The DEA reported in July
that the vast majority of cocaine seized by the US
comes from Colombia.",https://youtu.be/mdcfccvfaPs,"Chart 1 - Pie Chart
| Source                    | Percentage |
| :------------------------ | :--------- |
| Colombia                  | 84         |
| Peru, Bolivia, or Source Unknown | 16         |
-------------------","Chart 1 - Type: Pie Chart,
Description: This pie chart illustrates the breakdown of the source of cocaine seized in the U.S., attributing percentages to Colombia and a combined category of Peru, Bolivia, or unknown sources.
Mark: Sector,
Background: Dark Gray,
Gridlines: None,
Data Colors: ['#0A346C', '#228BEE'],
-------------------"
Mahir,45,The Wall Street Journal,https://www.youtube.com/watch?v=w2HBhjcAtLM,,,1,to show the increase of tariff collection in the US after President Trump took office,00:00,00:07,Line Chart,,"Suspense- Gradual Reveal, Emphasis - Annotation, Comparison - Zoom out"," This is how much money the US was making
from tariffs when President Trump took office
for the second time,
and this is how much the country is making now.",https://youtu.be/w2HBhjcAtLM,"Chart 1 - Line Chart
| Month | 2024 (Billion USD) | 2025 (Billion USD) |
|:------|--------------------|--------------------|
| JAN.  | 3                  | 5                  |
| FEB.  | 9                  | 13                 |
| MARCH | 16                 | 26                 |
| APRIL | 23                 | 36                 |
| MAY   | 29                 | 46                 |
| JUNE  | 36                 | 61                 |
| JULY  | 41                 | 81                 |
| AUG.  | 48                 | 106                |
| SEPT. | 56                 | 146                |
-------------------","Chart 1 - Type: Line Chart, 
Description: This chart illustrates the cumulative customs duties and related taxes for the years 2024 and 2025, from January through September. The data shows a step-like increase over the months for both years, with 2025 consistently higher than 2024, particularly accelerating from March onwards. An annotation indicates ""Trump Takes Office"" around the beginning of February. The Y-axis represents the amount in billions of US dollars.
Mark: Line (step-like), 
Background: Dark grey with a faint background image of construction cranes., 
Gridlines: Solid, thin, white horizontal and vertical lines., 
Data Colors: Blue, Yellow, 
-------------------"
Mahir,46,The Wall Street Journal,https://www.youtube.com/watch?v=w2HBhjcAtLM,,,2,to show the increase of tariff collection in the US compared to the previous year,00:37,00:54,Line Chart,,"Emphasis - Zoom in, Annotation, Draw an arrow, Comparison - Zoom out","First, let's take a look at how much the country is making.
According to the Penn Wharton Budget Model,
the US has collected more than $159 billion
in tariff revenue as of early September.
That's a 148% increase compared to a year ago
and $642 million per day from tariffs.",https://youtu.be/w2HBhjcAtLM,"Chart 1 - Stepped Line Chart
| Month | 2024 (Billion USD) | 2025 (Billion USD) |
| :---- | :----------------- | :----------------- |
| JAN.  | 4.0                | 7.0                |
| FEB.  | 10.0               | 16.0               |
| MARCH | 18.0               | 28.0               |
| APRIL | 25.0               | 40.0               |
| MAY   | 33.0               | 56.0               |
| JUNE  | 43.0               | 72.0               |
| JULY  | 50.0               | 95.0               |
| AUG.  | 58.0               | 120.0              |
| SEPT. | 62.0               | 159.3              |
-------------------","Chart 1 - Type: Stepped Line Chart,
Description: This chart illustrates the cumulative customs duties and related taxes in billions of U.S. Dollars for the years 2024 and 2025, broken down by month from January to September. The 2025 values show a consistently higher trend compared to 2024, with the final September 2025 value explicitly stated as $159.3 billion. A note indicates that the data is based on information from the U.S. Department of the Treasury, daily treasury statement, adjusted for inflation, as of September 5, and sourced from the Penn Wharton Budget Model.,
Mark: Line segments with steps,
Background: Dark gray with a faded overlay of industrial cranes,
Gridlines: Thin solid white horizontal lines,
Data Colors: Blue (2024), Yellow (2025)
-------------------"
Mahir,47,The Wall Street Journal,https://www.youtube.com/watch?v=w2HBhjcAtLM,,,3,to illustrate how initial increase in tariffs on China affected imports,01:41,01:53,Line Chart,,"Suspense- Gradual Reveal, Emphasis - Zoom in, Annotation,","Take China, for example.
When the Trump administration raised tariffs
on Chinese goods to 145% in April,
imports at the Port of Los Angeles plunged.
- For May, there were about 655,000 containers handled",https://youtu.be/w2HBhjcAtLM,"Chart 1 - Line Chart
| Month   | Containers |
| :------ | :--------- |
| 2023-01 | 610,000    |
| 2023-02 | 480,000    |
| 2023-03 | 590,000    |
| 2023-04 | 740,000    |
| 2023-05 | 680,000    |
| 2023-06 | 770,000    |
| 2023-07 | 700,000    |
| 2023-08 | 660,000    |
| 2023-09 | 730,000    |
| 2023-10 | 660,000    |
| 2023-11 | 750,000    |
| 2023-12 | 660,000    |
| 2024-01 | 620,000    |
| 2024-02 | 750,000    |
| 2024-03 | 920,000    |
| 2024-04 | 880,000    |
| 2024-05 | 940,000    |
| 2024-06 | 900,000    |
| 2024-07 | 840,000    |
| 2024-08 | 910,000    |
| 2024-09 | 870,000    |
| 2024-10 | 740,000    |
| 2024-11 | 680,000    |
| 2024-12 | 820,000    |
| 2025-01 | 740,000    |
| 2025-02 | 620,000    |
| 2025-03 | 840,000    |
| 2025-04 | 950,000    |
| 2025-05 | 1,000,000  |
-------------------","Chart 1 - Type: Line Chart,
Description: This line chart displays the monthly containerized imports into the Ports of Los Angeles and Long Beach, measured in 20-foot equivalent units (TEUs), from January 2023 to May 2025. The data shows fluctuations over time, starting around 610,000 containers in early 2023, dipping significantly, then generally trending upwards, reaching approximately 1,000,000 containers by May 2025.
Mark: Line,
Background: Dark grey/black with a faint satellite image of a port or coastal area,
Gridlines: Solid, light grey/white, horizontal,
Data Colors: ['Blue'],
-------------------"
Mahir,48,The Wall Street Journal,https://www.youtube.com/watch?v=w2HBhjcAtLM,,,4,to illustrate how the intial increase tariff on China affected on cargo volumes and how reducing tariffs results record imports.,01:59,02:12,Line Chart,,"Comparison - Zoom out, Emphasis - Zoom in, Annotation,","but was actually the lowest cargo volumes
for about two years.
- [Reporter] When the US reduced those tariffs
to 30% in May while negotiations played out-
- We saw another flood of cargo into the port complex,
such that in July, the port complex broke a record",https://youtu.be/w2HBhjcAtLM,"Chart 1 - Line Chart
| Month/Year | Containers |
|:-----------|:-----------|
| 2023-01    | 610000     |
| 2023-02    | 480000     |
| 2023-03    | 590000     |
| 2023-04    | 700000     |
| 2023-05    | 760000     |
| 2023-06    | 600000     |
| 2023-07    | 750000     |
| 2023-08    | 690000     |
| 2023-09    | 740000     |
| 2023-10    | 680000     |
| 2023-11    | 710000     |
| 2023-12    | 630000     |
| 2024-01    | 680000     |
| 2024-02    | 760000     |
| 2024-03    | 820000     |
| 2024-04    | 890000     |
| 2024-05    | 940000     |
| 2024-06    | 900000     |
| 2024-07    | 920000     |
| 2024-08    | 850000     |
| 2024-09    | 880000     |
| 2024-10    | 920000     |
| 2024-11    | 655066     |
| 2024-12    | 630000     |
| 2025-01    | 800000     |
| 2025-02    | 900000     |
| 2025-03    | 950000     |
| 2025-04    | 990000     |
| 2025-05    | 1000000    |
-------------------","Chart 1 - Type: Line Chart,
Description: This chart tracks containerized imports into the Ports of Los Angeles and Long Beach from January 2023 to May 2025, displaying monthly volume in 20-foot equivalent units. A significant decline is highlighted in late 2024, attributed to a ""145% TARIFF"". The chart shows an overall upward trend with monthly fluctuations, followed by a sharp drop and subsequent rebound. The Y-axis represents the number of containers, and the X-axis represents the month and year.,
Mark: Line with filled circle markers for highlighted points (start and end of the red segment).,
Background: Dark grey/black with a subtle aerial map overlay of port areas.,
Gridlines: Thin, solid white horizontal lines at 100,000 container increments. A dashed white horizontal line is present at approximately 630,000 containers.,
Data Colors: Blue (for the main trend line), Red (for the highlighted decline segment), White (for the data point markers on the red segment).,
-------------------"
Mahir,50,The Wall Street Journal,https://www.youtube.com/watch?v=g0XBVa7UuF8,,,1,to illustrate how Taco Bell stores did continuous sales growth over the last few quarters compared to other major fast food brand store of the US,00:03,00:12,Bar Chart,,"Suspense- Gradual Reveal, Comparison - Shrink, Emphasis - Draw a circle","Fast food restaurants have been struggling.
Sales have slowed over the last year
as people pull back on spending,
but Taco Bell has kept customers coming.",https://youtu.be/g0XBVa7UuF8,"Chart 1 - Bar Chart
| Brand        | Quarter | Year | Sales Change (%) |
|:-------------|:--------|:-----|:-----------------|
| Burger King  | Q1      | 2024 | 5.5              |
| Burger King  | Q2      | 2024 | 0.5              |
| Burger King  | Q1      | 2025 | -1.0             |
| Burger King  | Q2      | 2025 | 2.0              |
| McDonald's   | Q1      | 2024 | 3.0              |
| McDonald's   | Q2      | 2024 | -0.5             |
| McDonald's   | Q1      | 2025 | -2.7             |
| McDonald's   | Q2      | 2025 | -3.5             |
| Popeyes      | Q1      | 2024 | 4.0              |
| Popeyes      | Q2      | 2024 | 8.0              |
| Popeyes      | Q1      | 2025 | 0.5              |
| Popeyes      | Q2      | 2025 | -4.0             |
| Wendy's      | Q1      | 2024 | 1.0              |
| Wendy's      | Q2      | 2024 | 1.5              |
| Wendy's      | Q1      | 2025 | 5.5              |
| Wendy's      | Q2      | 2025 | -2.5             |
| Taco Bell    | Q1      | 2024 | 2.0              |
| Taco Bell    | Q2      | 2024 | 5.0              |
| Taco Bell    | Q1      | 2025 | 4.5              |
| Taco Bell    | Q2      | 2025 | 8.5              |
| Taco Bell    | Q2      | 2025 | 4.0              |
-------------------","Chart 1 - Type: Bar Chart,
Description: This chart displays the Same Store Sales Change for five fast-food brands (Burger King, McDonald's, Popeyes, Wendy's, and Taco Bell) across Q1 2024, Q2 2024, Q1 2025, and Q2 2025. Each brand has a dedicated set of bars within the common overall visualization. Note: Taco Bell shows five bars for four distinct quarter labels, with two bars attributed to Q2 2025 due to visual layout and X-axis labeling ambiguity. ,
Mark: Rectangular Bars,
Background: Textured light grey,
Gridlines: Thin, solid light grey horizontal lines,
Data Colors: Dark purple, Light grey/lavender,
-------------------"
Mahir,51,The Wall Street Journal,https://www.youtube.com/watch?v=g0XBVa7UuF8,,,2,to show how the increased expense of other meats influenced restaurants to focus on chicken and the subsequent growth in sales for chicken-focused chains compared to the stalling of burger chains,02:30,02:45,"2, Line Chart, Bar Chart",,"Suspense- Gradual Reveal, Comparison - Move aside","As other types of meat get more expensive,
more and more restaurants are making the bet on chicken.
In the last year, McDonald's, Chipotle, and Wendy's
have launched chicken-focused campaigns.
And sales for chicken chain restaurants
have stayed high as burger chains have stalled.",https://youtu.be/g0XBVa7UuF8,"Chart 1 - Line Chart
| Date    | ALL UNCOOKED GROUND BEEF ($) | CHICKEN, FRESH WHOLE ($) |
| :------ | :--------------------------- | :----------------------- |
| JUL '23 | 5.3                          | 1.6                      |
| JAN '24 | 5.5                          | 1.7                      |
| JUL '24 | 5.7                          | 1.8                      |
| JAN '25 | 5.6                          | 1.9                      |
| JUL '25 | 6.2                          | 1.9                      |
-------------------
Chart 2 - Stacked Bar Chart
| Year | BURGER CHAINS (%) | CHICKEN CHAINS (%) |
| :--- | :---------------- | :----------------- |
| 2022 | 4.5               | 6.0                |
| 2023 | 6.5               | 5.5                |
| 2024 | 1.0               | 7.0                |
-------------------","Chart 1 - Type: Line Chart,
Description: This line chart displays the price trends of ""ALL UNCOOKED GROUND BEEF"" and ""CHICKEN, FRESH WHOLE"" in dollars over time from July 2023 to July 2025. Beef prices generally show an upward trend, while chicken prices remain relatively stable with slight increases.
Mark: Line,
Background: Light grey with subtle texture,
Gridlines: Solid light grey,
Data Colors: #5F2E8F (ALL UNCOOKED GROUND BEEF), #F7AE3F (CHICKEN, FRESH WHOLE),
-------------------
Chart 2 - Type: Stacked Bar Chart,
Description: This stacked bar chart illustrates the annual sales growth percentages for ""BURGER CHAINS"" and ""CHICKEN CHAINS"" from 2022 to 2024. In 2022 and 2023, both chain types contributed significantly to sales growth, with chicken chains showing higher individual growth in 2022. By 2024, burger chain growth dropped substantially, while chicken chain growth remained robust.
Mark: Stacked custom shapes (burgers for Burger Chains, chicken nuggets for Chicken Chains),
Background: Light grey with subtle texture,
Gridlines: Solid light grey,
Data Colors: #5F2E8F (BURGER CHAINS), #F7AE3F (CHICKEN CHAINS),
-------------------"
Mahir,52,The Wall Street Journal,https://www.youtube.com/watch?v=g0XBVa7UuF8,,,3,"to contextualize Taco Bell's target demographic, Gen Z.",04:58,05:08,Bar Chart,,"Suspense- Gradual Reveal, Emphasis - Annotation, Draw a circle","And when we think of Gen Z, we call it 18 to 30 Gen Z.
That's who we're speaking to.
So it's almost a subsegment of Gen Z.
And it's a mindset.
And we wanna make sure as we create food content,",https://youtu.be/g0XBVa7UuF8,"Chart 1 - Stacked Bar Chart (Horizontal)
| Generation | Percentage |
|:-----------|-----------:|
| Generation Z | 24 |
| Millennials | 34 |
| Generation X | 24 |
| Baby Boomers | 14 |
| Matures | 4 |
-------------------","Chart 1 - Type: Stacked Bar Chart (Horizontal),
Description: This chart illustrates the generational distribution of Taco Bell consumers, showing the percentage of consumers belonging to each generation. The data ranges from 0% to 100% on the horizontal axis, segmented by distinct generations, with ""Matures"" representing the oldest demographic.
Mark: Rectangular bars,
Background: Light grey with a subtle grainy texture,
Gridlines: Vertical, thin light grey lines at 5% intervals,
Data Colors: Light Purple (Generation Z), Dark Purple (Millennials), Brown (Generation X), Orange (Baby Boomers), Red-Orange (Matures),
-------------------"
Mahir,53,The Wall Street Journal,https://www.youtube.com/watch?v=g0XBVa7UuF8,,,4,to illustrate Taco Bell's focus on low income customers compared with other quick service restaurants,06:44,06:49,Bar Chart,,"Suspense- Gradual Reveal, Emphasis - Draw a box","Taco Bell appeals
to a more low-income demographic
than the average for other Quick Service Restaurants.",https://youtu.be/g0XBVa7UuF8,"Chart 1 - Grouped Bar Chart
| Income Level      | MCDONALD'S (%) | STARBUCKS (%) | CHICK-FIL-A (%) | TACO BELL (%) | WENDY'S (%) |
| :---------------- | :------------- | :------------ | :-------------- | :------------ | :---------- |
| UNDER $35K        | 33             | 24            | 23              | 31            | 30          |
| $35K - $50K       | 12             | 12            | 12              | 12            | 12          |
| $50K - $75K       | 19             | 18            | 19              | 19            | 19          |
| $75K - $100K      | 10             | 13            | 14              | 11            | 11          |
| $100K+            | 16             | 23            | 21              | 17            | 17          |
-------------------","Chart 1 - Type: Grouped Bar Chart, 
Description: This chart illustrates the percentage of frequent customers for five different fast-food/coffee brands (McDonald's, Starbucks, Chick-fil-A, Taco Bell, Wendy's) across five distinct income levels. The Y-axis represents the percentage of frequent customers, and the X-axis categorizes customers by their annual household income. Each bar is filled with the respective brand's logo.,
Mark: Rectangular bars filled with brand logos, 
Background: Light grey textured background with a subtle gradient effect, 
Gridlines: Solid, thin, dark grey horizontal lines, 
Data Colors: Orange (McDonald's), Dark Green (Starbucks), Pink (Chick-fil-A), Purple (Taco Bell), Cyan (Wendy's), 
-------------------"
Mahir,54,The Wall Street Journal,https://www.youtube.com/watch?v=M6CNlvXkR7k,,,1,"to demonstrate China's shift from being a major arms buyer to a significant global arms producer and exporter, highlighting its ambition for self-reliance and growing influence",01:38,01:55,"2, Bar Chart, Pie Chart",,"Suspense- Gradual Reveal, Emphasis - Draw an arrow, Draw a box, Annotation Comparison - Move aside","China's defense imports
have been steadily dropping,
reaching its lowest point in the period of 2020 and 2024.
At the same time, Beijing has emerged
among the world's top five arms sellers,
but China's share of the global arms market
has so far failed to expand much further.",https://youtu.be/M6CNlvXkR7k,"Chart 1 - Grouped Bar Chart
| Period | IMPORTS (%) | EXPORTS (%) |
|:-------|:------------|:------------|
| 2005-2009 | 8.5 | 2.7 |
| 2010-2014 | 4.5 | 4.6 |
| 2015-2019 | 4.8 | 5.7 |
| 2020-2024 | 1.3 | 5.5 |
-------------------
Chart 2 - Pie Chart
| Country/Group | Share (%) |
|:--------------|:----------|
| U.S. | 43 |
| FRANCE | 9 |
| RUSSIA | 14 |
| CHINA | 4 |
| GERMANY | 3 |
| OTHERS | 27 |
-------------------","Chart 1 - Type: Grouped Bar Chart,
Description: China's share of global arms trade, showing imports and exports over five-year periods from 2005-2024.
Mark: Rectangle,
Background: Dark gray with a subtle grid pattern,
Gridlines: Thin light gray lines,
Data Colors: Red (IMPORTS), Blue (EXPORTS),
-------------------
Chart 2 - Type: Pie Chart,
Description: Global share of major arms exports by country/group.
Mark: Arc,
Background: Dark gray with a subtle grid pattern,
Gridlines: Thin light gray lines,
Data Colors: Deep Blue (U.S.), Medium Blue (FRANCE), Royal Blue (RUSSIA), Red (CHINA), Light Periwinkle Blue (GERMANY), Dark Gray (OTHERS),
-------------------"
Mahir,55,The Wall Street Journal,https://www.youtube.com/watch?v=TXXJyjFu8ng,,,1,to illustrate that over 60% of the food sold at Hooters includes their signature sauce,04:11,04:18,"2, Pie Chart, Pie Chart",,"Suspense- Gradual Reveal, Emphasis - Annotation","the last time I looked on our P mix,
which is product mix sold,
about 60-plus percent of our foods that were sold
had the sauce on them.",https://youtu.be/TXXJyjFu8ng,"Chart 1 - Pie Chart
| Category                       | Value (%) |
| :----------------------------- | :-------- |
| MISC                           | 37.17     |
| Fried Chicken                  | 15.88     |
| Crab Legs                      | 17.82     |
| Small Fried Items              | 12.60     |
| Hamburger                      | 7.00      |
| Sauce                          | 5.53      |
| Catering / Party Packs Grocery | 4.00      |
-------------------
Chart 2 - Pie Chart
| Category           | Value (%) |
| :----------------- | :-------- |
| USES ORIGINAL SAUCE | 70.83     |
| NO ORIGINAL SAUCE  | 29.17     |
-------------------","Chart 1 - Type: Pie Chart, 
Description: A pie chart displaying the product mix data for Hooters, showing the percentage contribution of various product categories to the total, including 'MISC', 'Fried Chicken', 'Crab Legs', 'Small Fried Items', 'Hamburger', 'Sauce', and 'Catering / Party Packs / Grocery'.
Mark: Arc, 
Background: Dark gray with owl pattern watermark, 
Gridlines: None, 
Data Colors: Orange, Brown, Pink, Yellow, White, Dark Pink/Magenta, Light Orange/Peach, 
-------------------
Chart 2 - Type: Pie Chart, 
Description: A pie chart illustrating the proportion of Hooters products that use original sauce versus those that do not use original sauce.
Mark: Arc, 
Background: Dark gray with owl pattern watermark, 
Gridlines: None, 
Data Colors: Orange, Dark Brown, 
-------------------"
Mahir,56,The Wall Street Journal,https://www.youtube.com/watch?v=TXXJyjFu8ng,,,2,"to provide context for Hooters' situation within the broader casual dining market, showing that while some establishments are doing well, others have faced challenges, including bankruptcy",06:24,06:29,Line Chart,,"Suspense- Gradual Reveal, Emphasis - Annotation","So casual dining has had, some are doing quite well,
some have filed for bankruptcy.",https://youtu.be/TXXJyjFu8ng,"Chart 1 - Line Chart
| Period | Chili's (%) | Texas Roadhouse (%) | LongHorn Steakhouse (%) | Olive Garden (%) | Dave & Buster's (%) |
|--------|-------------|---------------------|-------------------------|------------------|---------------------|
| 0      | 8.0         | 12.0                | 10.0                    | 7.0              | -7.0                |
| 1      | 6.0         | 10.0                | 8.0                     | 4.0              | -9.0                |
| 2      | 3.0         | 7.0                 | 5.0                     | 2.0              | -9.0                |
| 3      | 2.0         | 8.0                 | 7.0                     | 0.0              | -7.5                |
| 4      | 12.0        | 7.0                 | 4.5                     | -2.0             | -8.0                |
| 5      | 12.0        | 8.0                 | 5.0                     | -4.0             | -9.0                |
| 6      | 12.5        | 8.0                 | 3.0                     | -2.0             | -10.5               |
| 7      | 30.0        | 6.0                 | 6.0                     | 0.0              | -11.5               |
| 8      | 30.0        | 4.0                 | 5.0                     | 0.0              | -11.5               |
-------------------","Chart 1 - Type: Line Chart,
Description: A line chart displaying the year-over-year same-store sales percentage for five restaurant brands (Chili's, Texas Roadhouse, LongHorn Steakhouse, Olive Garden, and Dave & Buster's) across 9 periods (0 to 8). The Y-axis represents the sales percentage, ranging from -15% to 35%. Chili's shows a significant increase towards the later periods.
Mark: Line,
Background: Dark grey with faint owl watermark,
Gridlines: Horizontal, solid, light grey,
Data Colors: Hot Pink (Chili's), Beige (Texas Roadhouse), Gold (LongHorn Steakhouse), Brown (Olive Garden), Orange (Dave & Buster's)
-------------------"
Mahir,57,The Wall Street Journal,https://www.youtube.com/watch?v=A4l_wHA8kvk,,,1,"to show that despite a short-lived dip due to tariffs in 2018, China's demand for American agricultural produce recovered and even boomed in the following years",00:41,00:48,Bar Chart,,"Emphasis - Highlight a range, Zoom in, Draw an arrow","But the dip in trade was short-lived, and China's demand
for American agriculture produce recovered
and even boomed in the following years.",https://youtu.be/A4l_wHA8kvk,"Chart 1 - Bar Chart
| Year | Exports (Billion USD) |
|------|-----------------------|
| 2009 | 9.8                   |
| 2010 | 14.1                  |
| 2011 | 18.2                  |
| 2012 | 21.5                  |
| 2013 | 24.3                  |
| 2014 | 25.1                  |
| 2015 | 18.0                  |
| 2016 | 20.3                  |
| 2017 | 24.0                  |
| 2018 | 14.5                  |
| 2019 | 9.0                   |
| 2020 | 15.0                  |
| 2021 | 32.0                  |
| 2022 | 34.5                  |
| 2023 | 32.0                  |
| 2024 | 23.5                  |
-------------------","Chart 1 - Type: Bar Chart,
Description: A bar chart illustrating the value of U.S. farm exports to China in billions of USD from 2009 to 2024. The data shows fluctuations over the years, with a notable peak in 2022. The values for 2023 and 2024 are likely projections or preliminary estimates.
Mark: Rectangular bars,
Background: Photographic background of a shipping port with an overlay of dark, semi-transparent gray where the chart is positioned,
Gridlines: Horizontal, solid, white,
Data Colors: White (outlines of bars, bars are transparent)
-------------------"
Mahir,58,The Wall Street Journal,https://www.youtube.com/watch?v=A4l_wHA8kvk,,,2,"to highlight the significance of soybeans in Brazil's export economy and the crucial role of the Port of Santos in facilitating this trade, particularly with China.",01:28,01:37,Pie Chart,,"Suspense- Gradual Reveal, Emphasis - Annotation","Brazil's soybean exports are worth over $50 billion,
and about 30% of that trade passes through Santos,
mainly on its way to China,",https://youtu.be/A4l_wHA8kvk,"Chart 1 - Pie Chart
| Category        | Value (Billion USD) | Percentage (%) |
| :-------------- | :------------------ | :------------- |
| Trade via Santos | 18.55               | 35             |
| Other Exports   | 34.45               | 65             |
-------------------","Chart 1 - Type: Pie Chart, 
Description: This chart illustrates the total value of Brazil's soybean exports in 2023, which amounted to $53 billion. It further breaks down this total into the proportion exported via the Port of Santos and the proportion exported through other channels. The ""Trade via Santos"" segment is estimated to represent 35% of the total export value, with the remaining 65% attributed to ""Other Exports."" The visual context is an aerial view of what appears to be a port or industrial facility.
Mark: Arc/Slice, 
Background: Aerial view of a port or industrial facility with grey concrete, dark asphalt roads, and some construction site elements, 
Gridlines: None, 
Data Colors: Orange, Light Gray/White, 
-------------------"
Mahir,59,The Wall Street Journal,https://www.youtube.com/watch?v=3yC8WDjCIAU,,,1,to emphasize BNPL's rapid expansion as an alternative to traditional credit cards.,00:11,00:16,Bar Chart,,"Suspense- Gradual Reveal, Emphasis - Draw an arrow","The buy now, pay later industry,
or BNPL,
has exploded as an alternative to credit cards.",https://youtu.be/3yC8WDjCIAU,"Chart 1 - Bar Chart
| Year | Users (Millions) |
|------|------------------|
| 2021 | 45               |
| 2022 | 64               |
| 2023 | 78               |
| 2024 | 82               |
-------------------","Chart 1 - Type: Bar Chart, 
Description: A bar chart illustrating the growth of U.S. Buy Now, Pay Later (BNPL) service users from 2021 with projections up to 2024, showing a consistent upward trend. The Y-axis represents the number of users in millions. An overlaid white arrow highlights the overall growth trend.,
Mark: Rectangular bars, with an additional white arrow annotation showing growth., 
Background: Light greenish-gray with a subtle textured/grainy pattern., 
Gridlines: Solid thin dark gray horizontal lines., 
Data Colors: Dark green with a diagonal wavy line pattern.
-------------------"
Mahir,60,The Wall Street Journal,https://www.youtube.com/watch?v=3yC8WDjCIAU,,,2," to visually represent their market share dominance and highlight that two of these companies (Afterpay and Klarna) initially found success internationally before establishing a strong presence in the US.",00:35,00:41,Pie Chart,,"Suspense- Gradual Reveal, Emphasis - Annotation, Draw a box","Three companies make up the bulk
of the BNPL market in the U.S.,
though two initially found success internationally.",https://youtu.be/3yC8WDjCIAU,"Chart 1 - Pie Chart
| Category        | Share (%) |
| :-------------- | :-------- |
| OTHER COMPANIES | 32.6      |
| Klarna          | 26.2      |
| Afterpay        | 21.9      |
| Affirm          | 19.3      |
-------------------","Chart 1 - Type: Pie Chart,
Description: Pie chart showing the U.S. Buy Now Pay Later (BNPL) market share for different companies and other companies in 2025.
Mark: Slices,
Background: Light grey with a subtle grain texture,
Gridlines: None,
Data Colors: Red, Dark Green, Light Greenish-Blue, Mint Green,
-------------------"
Ridwan,61,Vox,https://www.youtube.com/watch?v=XRUxTFWWWdY&t=67s,,,1,"to illustrate how global warming is affecting the antarctic ice sheet, melting each side of the ice sheet to melt at different speeds and distruting the balance",01:07,01:50,Area Chart,,"Emphasis- add a magnifier, Emphasis- draw an arrow, Emphasis- delineate","This is the Antarctic ice sheet.
It's thickest in the middle, where years and years of snowfall compacts into ice.
As the middle builds, it pushes ice out towards the oceans via glaciers.
And the part of a glacier that floats on water is its “ice shelf.”
Today, man-made climate change is warming the air and water around Antarctica, causing
each side of the ice sheet to melt - but at very different speeds.
The Eastern ice sheet lies mostly on high ground, above sea level, which keeps it relatively
safe from warm ocean water.
That means it’s melting slowly and remains relatively stable.
But West Antarctica is different; most of it lies below sea level.
That means as it thins, water can undermine it. Possibly kick-starting a more rapid collapse.",https://youtu.be/XRUxTFWWWdY,"Chart 1 - Area Chart
| Distance (km) | Land Elevation (km) | Ice Top Elevation (km) | Ice Thickness (km) |
|---------------|---------------------|------------------------|--------------------|
| 0             | -3.8                | -0.5                   | 3.3                |
| 250           | -2.0                | 0.5                    | 2.5                |
| 500           | -0.5                | 1.0                    | 1.5                |
| 750           | -0.3                | 1.1                    | 1.4                |
| 1000          | -0.2                | 1.2                    | 1.4                |
| 1250          | 0.2                 | 1.5                    | 1.3                |
| 1500          | 0.5                 | 1.8                    | 1.3                |
| 1750          | 0.3                 | 2.0                    | 1.7                |
| 2000          | 0.1                 | 2.2                    | 2.1                |
| 2250          | 0.4                 | 2.5                    | 2.1                |
| 2500          | 0.8                 | 2.8                    | 2.0                |
| 2750          | 0.6                 | 3.0                    | 2.4                |
| 3000          | 0.3                 | 3.1                    | 2.8                |
| 3250          | 0.2                 | 2.9                    | 2.7                |
| 3500          | 0.2                 | 2.8                    | 2.6                |
| 3750          | 0.1                 | 2.1                    | 2.0                |
| 4000          | -0.1                | 1.5                    | 1.6                |
| 4250          | -0.8                | 0.8                    | 1.6                |
| 4500          | -1.5                | 0.0                    | 1.5                |
| 4750          | -2.8                | -0.2                   | 2.6                |
| 5000          | -4.0                | -0.5                   | 3.5                |
-------------------","Chart 1 - Type: Area Chart,
Description: A profile view of the Antarctic Ice Sheet showing the elevation of the underlying land and the total elevation including the ice layer across a distance of 5000 km. The Y-axis represents elevation relative to sea level, with positive values above sea level and negative values below.
Mark: Filled area,
Background: Solid, #2C2C2C,
Gridlines: No full gridlines; axis ticks are thin lines, white/light gray.,
Data Colors: Land: #A68B6E, Ice: #DDDDDD (with black outline #000000),
-------------------"
Ridwan,62,Vox,https://www.youtube.com/watch?v=WjVVwMGJ9S8,,,3,To illistrate how many of the total school using SAT gave importance to it,05:16,05:26,Bar Chart,,Emphasis- color fill,"In 1993, 46 percent of schools gave ""considerable importance"" to SAT scores.
By 2005, it was 59 percent.",https://youtu.be/WjVVwMGJ9S8,"Chart 1 - Stacked Bar Chart
| Year | Considerable importance (%) | Not considerable importance (%) |
|---|---|---|
| 1993 | 46 | 54 |
| 2005 | 59 | 41 |
-------------------","Chart 1 - Type: Stacked Bar Chart,
Description: This chart displays the percentage of colleges that gave ""considerable importance"" to SAT scores in the years 1993 and 2005. Each bar is stacked to show the proportion of colleges giving considerable importance versus those that did not, summing to 100% for each year.
Mark: Rectangle,
Background: #fcf9f2,
Gridlines: Dashed light grey lines,
Data Colors: [#46a1d8, #e0e0e0],
-------------------"
Ridwan,63,Vox,https://www.youtube.com/watch?v=VCdTyl141bA&t=305s,,,1,"to show the movement of african americans from the cities to the suburbs in america, and how it coould be connect to education",04:40,05:50,"3, Bar Chart, Bar Chart, Bar Chart",,"Suspense- Gradual Reveal, Emphasis- Fill, Emphasis- draw a circle, transition","there's also been a noticeable movement of blacks to the suburbs and it's fairly pervasive
it's not just in two or three cities but it's and and a lot of cities across the country.
Northern cities, Southern cities, Western cities.
Starting in 1970 African Americans started to make this move.
Especially in the last 20 or 25 years, really large numbers of blacks moved to the South.
I attribute some of it to the younger generation several generations since the civil rights
laws were enacted in the 1960s who now do have an opportunity to get advanced education's.
At least some college.",https://youtu.be/VCdTyl141bA,"Chart 1 - Horizontal Bar Chart
| Education Level      | Net Migration Rate (%) |
| :------------------- | :--------------------- |
| Less than high school | 3                      |
| High school graduate | 9                      |
| Some college         | 27                     |
| College graduate     | 20                     |
-------------------
Chart 2 - Horizontal Bar Chart
| City            | Loss of Residents |
| :-------------- | :---------------- |
| Detroit         | -185393           |
| Chicago         | -181453           |
| New Orleans     | -118526           |
| New York        | -100859           |
| Los Angeles     | -54606            |
| Washington, DC  | -27800            |
| Oakland         | -24100            |
| Cleveland       | -22200            |
| Atlanta         | -20400            |
-------------------
Chart 3 - Horizontal Bar Chart
| Age Group | Net Migration Rate (%) |
| :-------- | :--------------------- |
| 5-17      | 17                     |
| 18-29     | 24                     |
| 30-44     | 17                     |
| 45-59     | 9                      |
| 60+       | 13                     |
-------------------","Chart 1 - Type: Horizontal Bar Chart, 
Description: Horizontal bar chart showing net black migration rates per 1,000 Southern black residents by education level, with an annotation highlighting 'Some college'.
Mark: Rectangle, 
Background: Solid Black, 
Gridlines: None, 
Data Colors: White, Yellow, 
-------------------
Chart 2 - Type: Horizontal Bar Chart, 
Description: Horizontal bar chart showing cities with the largest loss of black residents between 2000 and 2010.
Mark: Rectangle, 
Background: Solid Black, 
Gridlines: None, 
Data Colors: White, 
-------------------
Chart 3 - Type: Horizontal Bar Chart, 
Description: Horizontal bar chart showing net black migration rates per 1,000 Southern black residents by age group, with an annotation highlighting '18-29'.
Mark: Rectangle, 
Background: Solid Black, 
Gridlines: None, 
Data Colors: White, Yellow, 
-------------------"
Ridwan,64,Vox,https://youtu.be/pTwPHuE_HrU?si=jgMZ5zaFI_Y3p7fI,,,1,To illustrate what portion of income is paid as tax due to difference in tax brackets,02:22,02:43,Bar Chart,,"Suspense- gradual reveal, Comparison- rescaling","So if you have 40 million dollars, you'd pay nothing.
If you have 60 million dollars, you'd pay nothing on your first 50 million, but 2% on
the 10 million after that, or $200 thousand.
And if you have 2 billion dollars, you'd pay about $49 million.",https://youtu.be/pTwPHuE_HrU,"Chart 1 - Annotated Vertical Scale Chart
| Financial Value | Percentage |
|-----------------|------------|
| $0              | 0          |
| $50 million     | 2          |
| $1 billion      | 3          |
-------------------","Chart 1 - Type: Annotated Vertical Scale Chart,
Description: A vertical scale representing financial values from $0 to $2 billion. Specific financial thresholds ($0, $50 million, $1 billion) are highlighted with thin light grey segments and annotated with corresponding percentage values (0%, 2%, 3%). The chart visually references a total capacity or value of $2 billion at its peak.
Mark: Vertical rectangle bar with horizontal point markers,
Background: Dark blue with subtle texture,
Gridlines: Dotted white horizontal lines at threshold values,
Data Colors: Light grey (main bar), Lighter grey (highlighted segments), White (text labels).
-------------------"
Ridwan,65,Vox,https://www.youtube.com/watch?v=2z7o3sRxA5g&t=60s,,,1,To show that adding more lanes did not solve the traffic problem in Katy freeway,00:54,01:01,Bar Chart,,Suspense- gradual reveal,"more lanes equals less congestion. But traffic didn’t get any better. In fact,
it got worse, in both the morning and afternoon commutes.",https://youtu.be/2z7o3sRxA5g,"Chart 1 - Grouped Horizontal Bar Chart
| Year | Period | Travel Time (Minutes) |
|------|--------|-----------------------|
| 2011 | AM     | 47                    |
| 2011 | PM     | 41                    |
| 2012 | AM     | 52                    |
| 2012 | PM     | 48                    |
| 2013 | AM     | 58                    |
| 2013 | PM     | 60                    |
| 2014 | AM     | 59                    |
| 2014 | PM     | 60                    |
-------------------","Chart 1 - Type: Grouped Horizontal Bar Chart, 
Description: This chart illustrates the Katy Freeway travel times in minutes for both AM and PM periods across the years 2011 to 2014, based on data from Houston Transtar, 2015. Each year shows two horizontal bars, one for AM and one for PM travel times, indicating a general increase in commute durations over the observed period.,
Mark: Horizontal Bars, 
Background: Dark gray with a subtle dotted texture, 
Gridlines: Vertical, light gray lines aligned with X-axis labels, 
Data Colors: Red, Light Blue, 
-------------------"
Ridwan,66,Vox,https://www.youtube.com/watch?v=kXCGbAv8YPw&t=34s,,,1,"explaining progressive tax rate, where poor are taxed less and the rich are taxed more",00:30,00:43,Bar Chart,,"Emphasis- draw a circle, Emphasis- draw an arrow","the data shows that poor people pay a very small part of their
income to the government.
And rich people pay more.
This concept, of taxing the poor at a lower rate — and taxing the rich more… this
is called: progressive taxation.",https://youtu.be/kXCGbAv8YPw,"Chart 1 - Combination Chart (Bar and Line)
| Decile | Income Tax Rate (%) | Progressive Taxation Trend (%) |
|--------|---------------------|--------------------------------|
| 1      | 0.5                 | 2.0                            |
| 2      | 1.0                 | 2.5                            |
| 3      | 2.5                 | 3.5                            |
| 4      | 3.5                 | 5.0                            |
| 5      | 5.5                 | 7.0                            |
| 6      | 7.0                 | 9.0                            |
| 7      | 9.0                 | 11.0                           |
| 8      | 11.0                | 14.0                           |
| 9      | 14.0                | 17.0                           |
| 10     | 19.0                | 21.5                           |
-------------------","Chart 1 - Type: Combination Chart (Bar and Line), 
Description: This chart, titled ""Income taxes,"" displays the estimated income tax rates across 10 different income deciles, ranging from the poorest 10% to the richest 10%, represented by pixelated figures. An overlaid curved line with an arrow points upwards, labeled ""PROGRESSIVE TAXATION,"" indicating the general trend of increasing taxation with higher income. The Y-axis represents the percentage of income tax, ranging from 0% to 30%. The ""Decile"" column in the data corresponds to the income groups, with Decile 1 being the ""Poorest 10%"" and Decile 10 being the ""Richest 10%"".,
Mark: Bars (rectangular columns) for income tax rates; Line (curved with an arrow) for progressive taxation trend., 
Background: Light grey (#EBEBEB) main background, white (#FFFFFF) plot area background., 
Gridlines: Horizontal, dashed, light grey., 
Data Colors: Bars: Dark purple (#6A498D approx); Line: Pinkish-red (#E53A71 approx), 
-------------------"
Ridwan,67,Vox,https://www.youtube.com/watch?v=ENw2y0ek1Jg&t=353s,,,1,To compare how many americans with gun in household and how many americans in general believe in licensing system for guns,05:43,05:53,Pie Chart,,Suspense- gradual reveal,"Among voters who live in a house with a gun, more than
two-thirds think that it’s a good idea. Ask all Americans and more than three-quarters
support it.",https://youtu.be/ENw2y0ek1Jg,"Chart 1 - Donut Chart
| Category                                                        | Value (%) |
| :-------------------------------------------------------------- | --------: |
| Live in a house with a gun (supports licensing)                 | 14        |
| All American voters (supports licensing, excluding gun homes)   | 63        |
| All American voters (do not support licensing)                  | 23        |
-------------------","Chart 1 - Type: Donut Chart, 
Description: A donut chart illustrating the breakdown of American voters' support for a licensing system. The 77% in the center represents the total percentage of support. The chart segments categorize supporters based on whether they live in a house with a gun (light teal segment) and all other American voters who support (dark teal segment), along with a segment for those who do not support the system (light grey segment). Data is from a Quinnipiac University Poll, May 2019.,
Mark: Arc, 
Background: White, 
Gridlines: None, 
Data Colors: ['#68a099', '#3f6e72', '#dde2e3'], 
-------------------"
Ridwan,68,Vox,https://www.youtube.com/watch?v=ylLTMYt24lA&t=173s,,,2,"shows how wages have stayed the same in USA even though productivuty has increase, which is in constrast to the peroid upto about 1970 where both rised together",02:46,03:02,Line Chart,,"Suspense- gradual reveal, Emphsis- draw an arrow. Emphasis- unveil","The productivity of American workers nearly doubled in the thirty years after World War II.
And so did hourly wages.
This helped build the American middle class.
But things didn’t stay that way.
Productivity kept rising, but wages flat lined.",https://youtu.be/ylLTMYt24lA,"Chart 1 - Line Chart
| Year | Productivity (%) | Wages (%) |
|------|------------------|-----------|
| 1947 | 0                | 0         |
| 1950 | 10               | 9         |
| 1955 | 28               | 27        |
| 1960 | 50               | 48        |
| 1965 | 70               | 67        |
| 1970 | 85               | 80        |
| 1975 | 98               | 90        |
| 1980 | 105              | 98        |
| 1985 | 115              | 95        |
| 1990 | 125              | 92        |
| 1995 | 145              | 95        |
| 2000 | 180              | 100       |
| 2005 | 210              | 105       |
| 2010 | 225              | 110       |
| 2015 | 240              | 115       |
| 2017 | 245              | 118       |
-------------------","Chart 1 - Type: Line Chart,
Description: This line chart illustrates the growth of productivity and wages over time, from approximately 1947 to 2017. It shows that productivity growth has significantly outpaced wage growth, particularly after the late 1970s. Productivity continues a steep upward trend, reaching around 245% by 2017, while wages show a much slower increase, flattening between the late 1970s and mid-1990s, then slowly rising to about 118% by 2017. The chart highlights a widening gap between the two metrics. The title is ""Productivity and wage growth"" and the source is ""ECONOMIC POLICY INSTITUTE"".
Mark: Line,
Background: Solid dark charcoal grey,
Gridlines: White, solid (axes only),
Data Colors: Productivity: Medium Blue, Wages: Light Blue
-------------------"
Ridwan,70,Our Changing Climate,https://www.youtube.com/watch?v=tDvjQp1BaWA,,,1,comparing the carbon footprint of online shopper and traditional shopper,00:55,01:21,Bar Chart,,"Emphasis- draw a circle, Compare- highlight","2013 MIT study shows
shoppers can be divided into a number of
different categories that span from a
traditional retail shopper to what the
study calls a cyber known shopper who
exclusively shops online the study shows
that online shopping with slower
shipping options has a smaller footprint
than driving to a retail store to search
purchase and return a product the",https://youtu.be/tDvjQp1BaWA,"Chart 1 - Horizontal Bar Chart
| Shopper Type              | Carbon Footprint (kgCO2e) |
| :------------------------ | :------------------------ |
| traditional shopper       | 2.88                      |
| modern shopper (impatient)| 3.05                      |
| cybernaut                 | 1.05                      |
| cybernaut (impatient)     | 2.25                      |
-------------------","Chart 1 - Type: Horizontal Bar Chart, 
Description: This chart displays the carbon footprint, measured in kgCO2e, for different categories of shoppers. The categories include 'traditional shopper', 'modern shopper (impatient)', 'cybernaut', and 'cybernaut (impatient)'. The bars represent the carbon footprint associated with each shopper type.,
Mark: Rectangle bars, 
Background: Solid dark grey/black, 
Gridlines: Solid light grey (vertical lines at 0, 1.5, and 3 kgCO2e, and a thin vertical line as the y-axis), 
Data Colors: ['Dark Brownish-Grey', 'Light Beige', 'Lighter Brownish-Grey'], 
-------------------"
Ridwan,71,CBC News,https://www.youtube.com/watch?v=PqNF7hF5u3E,,,1,to illustrate the population growth of Canada at different time periods,01:20,01:40,Line Chart,,"Suspense- gradual reveal, compare- highlight, emphasis- annotation","on average over the
past few decades Canada's population has
grown by somewhere between 200 and
600,000 people per year that dropped off
during the the pandemic when borders
were closed but look what happened since
then Canada's population has grown by
more than a million people over the past
two years",https://youtu.be/PqNF7hF5u3E,"Chart 1 - Line Chart
| Year | Population growth |
|------|-------------------|
| 1980 | 320000            |
| 1981 | 300000            |
| 1982 | 305000            |
| 1983 | 310000            |
| 1984 | 330000            |
| 1985 | 370000            |
| 1986 | 400000            |
| 1987 | 440000            |
| 1988 | 480000            |
| 1989 | 510000            |
| 1990 | 490000            |
| 1991 | 430000            |
| 1992 | 390000            |
| 1993 | 360000            |
| 1994 | 330000            |
| 1995 | 300000            |
| 1996 | 280000            |
| 1997 | 250000            |
| 1998 | 240000            |
| 1999 | 280000            |
| 2000 | 320000            |
| 2001 | 340000            |
| 2002 | 330000            |
| 2003 | 310000            |
| 2004 | 290000            |
| 2005 | 310000            |
| 2006 | 330000            |
| 2007 | 360000            |
| 2008 | 380000            |
| 2009 | 390000            |
| 2010 | 370000            |
| 2011 | 350000            |
| 2012 | 340000            |
| 2013 | 350000            |
| 2014 | 370000            |
| 2015 | 390000            |
| 2016 | 420000            |
| 2017 | 450000            |
| 2018 | 500000            |
| 2019 | 550000            |
| 2020 | 150000            |
| 2021 | 700000            |
| 2022 | 1200000           |
| 2023 | 1250000           |
-------------------","Chart 1 - Type: Line Chart,
Description: This chart displays the annual growth in population from 1980 to 2023. It shows fluctuations over the decades, with a notable sharp decrease around 2020, marked as the ""Pandemic"" period, followed by a rapid and significant increase in population growth in the subsequent years. The source is Statistics Canada.
Mark: Line,
Background: Dark Blue (textured),
Gridlines: White, solid (horizontal lines are more prominent than vertical minor ticks),
Data Colors: Yellow,
-------------------"
Ridwan,72,CBC News,https://www.youtube.com/watch?v=VOvSmNyOZ5U,,,1,how much did the s&p 500 growth in the last 18 years for a 1000 dollar investment,02:18,02:37,Line Chart,,"Suspense- gradual reveal, emphasis- annotation, compare- highlight","Track America's top 500
stocks over the last 18 years. You're up
over 500% from where you started if you
just let it sit and grow, which turns
that initial $1,000 investment into
almost $6,400 by the end of year 18.
That's an annualized rate of return of
about 10 12%",https://youtu.be/VOvSmNyOZ5U,"Chart 1 - Line Chart
| Year | Value ($) |
|---|---|
| 2007 | 1000.00 |
| 2010 | 1050.00 |
| 2013 | 1650.00 |
| 2015 | 2400.00 |
| 2018 | 3400.00 |
| 2021 | 4250.00 |
| 2025 | 6390.16 |
-------------------","Chart 1 - Type: Line Chart,
Description: This chart illustrates the growth of an initial investment of $1000 over time, based on the performance of the S&P 500, from 2007 to 2025. It also highlights a total return of +539% (including dividends) and an annualized return rate of 10.5%. The line shows the fluctuating and generally upward trend of the investment's value.
Mark: Line with circular markers at start and end points,
Background: Light grey textured background with a solid red-orange rectangular plot area,
Gridlines: Dashed, light grey horizontal lines,
Data Colors: Line: Teal (approx. #33CEDC), Markers: Dark blue (approx. #1D738E),
-------------------"
Mahir,73,The Wall Street Journal,https://www.youtube.com/watch?v=3yC8WDjCIAU,Pie Chart,,3,"to illustrate the growth of Buy Now, Pay Later transaction volume in the US, showing a 20-fold multiplication since 2019.",03:00,03:05,Bar Chart,,"Suspense- Gradual Reveal, Emphasis - Draw an arrow","Buy now, pay later transaction volume
has multiplied 20 times since 2019.",https://youtu.be/3yC8WDjCIAU,"Chart 1 - Bar Chart
| Year | Transaction Volume (Billion USD) |
|:-----|:---------------------------------|
| 2019 | 5                                |
| 2020 | 10                               |
| 2021 | 35                               |
| 2022 | 55                               |
| 2023 | 72                               |
| 2024 | 93                               |
| 2025 | 110                              |
-------------------","Chart 1 - Type: Bar Chart,
Description: This bar chart displays the annual Buy Now Pay Later (BNPL) transaction volume in billions of U.S. dollars from 2019 to 2025. The data for 2025 is a projected value. An upward trend arrow visually emphasizes the growth over these years. The y-axis ranges from 0 to $140 billion, with major gridlines every $20 billion.
Mark: Rectangular bars,
Background: Light greenish-grey textured background,
Gridlines: Solid, dark grey horizontal lines,
Data Colors: Dark green for 2019-2024 bars (with a subtle textured pattern), and a lighter teal-green with a wavy stripe pattern for the 2025 bar.
-------------------"
Mahir,74,The Wall Street Journal,https://www.youtube.com/watch?v=3yC8WDjCIAU,,,4,to highlight the shift towards smaller ticket sizes and even consumable purchases like groceries.,04:06,04:14,Bar Chart,,Suspense- Gradual Reveal,"A LendingTree survey found
that a quarter of BNPL customers
have used them to buy groceries,
up from 14% in 2024.",https://youtu.be/3yC8WDjCIAU,"Chart 1 - Bar Chart
| Year | Percentage |
|:-----|:-----------|
| 2023 | 20         |
| 2024 | 14         |
| 2025 | 25         |
-------------------","Chart 1 - Type: Bar Chart,
Description: This bar chart illustrates the percentage of Buy Now, Pay Later (BNPL) consumers who purchase groceries across three years: 2023, 2024, and 2025. The data shows that 20% of BNPL consumers bought groceries in 2023, which decreased to 14% in 2024, but is projected to increase to 25% in 2025. The title is ""% OF BNPL CONSUMERS BUYING GROCERIES"". The source is LENDINGTREE, APRIL 2025.
Mark: Vertical Bar,
Background: Light mottled green with a grainy texture,
Gridlines: Solid dark gray horizontal lines,
Data Colors: Dark teal with a subtle wavy line pattern,
-------------------"
Mahir,75,The Wall Street Journal,https://www.youtube.com/watch?v=3yC8WDjCIAU,,,5,"to highlight a growing risk for consumers and potentially for BNPL providers related to repayment struggles, even as Affirm reports a decrease in customer defaults",05:42,05:54,"2, Bar Chart, Bar Chart",,"Suspense- Gradual Reveal, Emphasis - Draw an arrow","But broadly, LendingTree found that 41% of BNPL users
paid late in the past year,
up from 34% a year before.
Affirm has reported a decrease in customer defaults.",https://youtu.be/3yC8WDjCIAU,"Chart 1 - Bar Chart
| Year | Percentage |
| :--- | :--------- |
| 2022 | 39.5%      |
| '23  | 38.0%      |
| '24  | 34.0%      |
| '25  | 41.0%      |
-------------------
Chart 2 - Bar Chart
| Quarter | Delinquency Rate |
| :------ | :--------------- |
| Q1'25   | 2.65%            |
| Q2      | 2.40%            |
| Q3      | 2.25%            |
-------------------","Chart 1 - Type: Bar Chart,
Description: Bar chart illustrating the percentage of Buy Now, Pay Later (BNPL) consumers who paid late annually from 2022 to 2025.
Mark: Rectangle bar,
Background: Textured light beige,
Gridlines: Thin dark grey horizontal lines,
Data Colors: Dark green with a subtle wave pattern,
-------------------
Chart 2 - Type: Bar Chart,
Description: Bar chart displaying Affirm's monthly loan delinquency rate for Q1, Q2, and Q3 of 2025. An arrow visually highlights the decrease in delinquency rate from Q2 to Q3.
Mark: Rectangle bar,
Background: Textured light beige,
Gridlines: Thin dark grey horizontal lines,
Data Colors: Dark green with a subtle wave pattern,
-------------------"
Mahir,76,The Wall Street Journal,https://www.youtube.com/watch?v=CkxeehM9a9g,,,1,to illustrate the mixed signals in the US economy,00:06,00:19,"2, Line Chart, Bar Chart",,,"Key economic data is painting a murky picture.
Inflation has so far defied the worst
of economists' expectations,
and the US consumer remains strong,
but pockets of weakness in the labor market
and slower growth are raising red flags.",https://youtu.be/CkxeehM9a9g,"Chart 1 - Line Chart
| Year | Overall | Core |
| :--- | :------ | :--- |
| 2015 | 0.5     | 1.5  |
| 2016 | 1.2     | 2.0  |
| 2017 | 2.2     | 1.8  |
| 2018 | 2.5     | 2.2  |
| 2019 | 1.8     | 2.0  |
| 2020 | 0.8     | 1.5  |
| 2021 | 5.0     | 3.0  |
| 2022 | 8.0     | 6.0  |
| 2023 | 4.0     | 4.5  |
| 2024 | 2.5     | 3.0  |
| 2025 | 2.0     | 2.5  |
-------------------
Chart 2 - Bar Chart
| Year-Month | Change (Millions) |
| :--------- | :---------------- |
| 2022-01    | 0.2               |
| 2022-02    | 0.4               |
| 2022-03    | 0.3               |
| 2022-04    | 0.4               |
| 2022-05    | 0.25              |
| 2022-06    | 0.65              |
| 2022-07    | 0.3               |
| 2022-08    | 0.2               |
| 2022-09    | 0.45              |
| 2022-10    | 0.3               |
| 2022-11    | 0.25              |
| 2022-12    | 0.3               |
| 2023-01    | 0.5               |
| 2023-02    | 0.3               |
| 2023-03    | 0.2               |
| 2023-04    | 0.2               |
| 2023-05    | 0.15              |
| 2023-06    | 0.2               |
| 2023-07    | 0.15              |
| 2023-08    | 0.1               |
| 2023-09    | 0.2               |
| 2023-10    | 0.1               |
| 2023-11    | 0.15              |
| 2023-12    | 0.1               |
| 2024-01    | 0.05              |
| 2024-02    | 0.08              |
| 2024-03    | 0.12              |
| 2024-04    | 0.15              |
| 2024-05    | 0.2               |
| 2024-06    | 0.1               |
| 2024-07    | 0.1               |
| 2024-08    | 0.05              |
| 2024-09    | 0.08              |
| 2024-10    | 0.08              |
| 2024-11    | 0.05              |
| 2024-12    | 0.02              |
| 2025-01    | 0.25              |
| 2025-02    | 0.15              |
| 2025-03    | 0.1               |
| 2025-04    | 0.05              |
| 2025-05    | 0.08              |
| 2025-06    | 0.05              |
| 2025-07    | 0.02              |
| 2025-08    | 0.05              |
| 2025-09    | 0.02              |
| 2025-10    | 0.01              |
| 2025-11    | 0.01              |
| 2025-12    | 0.05              |","Chart 1 - Type: Line Chart,
Description: A line chart displaying the year-over-year change in the Consumer-Price Index for ""Overall"" (yellow line) and ""Core"" (magenta/pink line) categories from 2015 to 2025. A ""RECESSION"" period is indicated around 2020-2021.
Mark: Line,
Background: Dark grey with a faint background image of people,
Gridlines: Solid, light grey horizontal lines,
Data Colors: Yellow, Magenta,
-------------------
Chart 2 - Type: Bar Chart,
Description: A bar chart illustrating the month-over-month change in Nonfarm Payrolls from January 2022 to December 2025. The majority of the bars are grey, with the last data point highlighted in magenta/pink.
Mark: Bar,
Background: Dark grey with a faint background image of people,
Gridlines: Solid, light grey horizontal lines,
Data Colors: Grey, Magenta,"
Mahir,79,The Wall Street Journal,https://www.youtube.com/watch?v=CkxeehM9a9g,,,2,to illustrate the tariff rate on some major economies by Trump,00:45,01:02,Bar Chart,,"Emphasis - Fill color, Annotation Suspense - Gradual Reveal, ","Some major economies, like the European Union, Japan,
and South Korea face a 15% tariff.
While others like Canada, Switzerland, Brazil, and India
face much higher rates, upwards of 35% to 50%.
China is on a different track than most other nations.
Its tariff rate is set to soar
unless a deal is reached.",https://youtu.be/CkxeehM9a9g,"Chart 1 - Horizontal Bar Chart
| Country | Tariffs (%) |
| :-------- | :---------- |
| CHINA     | 53          |
| INDIA     | 50          |
| BRAZIL    | 50          |
| SWITZERLAND | 38          |
| CANADA    | 35          |
| S. KOREA  | 15          |
| JAPAN     | 12          |
| EU        | 10          |
-------------------","Chart 1 - Type: Horizontal Bar Chart,
Description: A horizontal bar chart illustrating the percentage of tariffs imposed by Trump on various countries. The note clarifies that India will face 50% tariffs starting in late August, and China's truce expires on Aug. 12.,
Mark: Rectangle,
Background: Dark gray to black gradient with a subtle texture and a faded, blurry image of a person (likely Trump) in the background.,
Gridlines: Solid, light gray, vertical lines.,
Data Colors: #FF69B4 (Pink for China), #D3D3D3 (Light Gray for other countries),
-------------------"
Mahir,80,The Wall Street Journal,https://www.youtube.com/watch?v=CkxeehM9a9g,,,3,"to highligt a 3% increase from a 0.5% contraction in the first quarter, driven by strong consumer spending.",02:37,02:47,Bar Chart,,"Suspense- Gradual Reveal, Emphasis - Zoom in, Annotation, Draw a box","grew at a robust annual rate
of 3% in the second quarter of 2025.
That was up from a half percent contraction
in the first quarter and driven by strong consumer spending.",https://youtu.be/CkxeehM9a9g,"Chart 1 - Bar Chart
| Year-Quarter | Category | Value |
|:-------------|:---------|:------|
| 2023-Q1      | Actual   | 2.3   |
| 2023-Q2      | Actual   | 2.0   |
| 2023-Q3      | Actual   | 4.0   |
| 2023-Q4      | Actual   | 2.5   |
| 2024-Q1      | Actual   | 1.2   |
| 2024-Q2      | Actual   | 2.5   |
| 2024-Q3      | Actual   | 2.6   |
| 2024-Q4      | Actual   | 1.8   |
| 2025-Q1      | Actual   | -0.5  |
| 2025-Q2      | Actual   | 3.0   |
| 2025-Q3      | Forecasts| 0.8   |
| 2025-Q4      | Forecasts| 1.0   |
| 2026-Q1      | Forecasts| 1.1   |
| 2026-Q2      | Forecasts| 1.3   |
| 2026-Q3      | Forecasts| 1.5   |
| 2026-Q4      | Forecasts| 1.6   |
-------------------","Chart 1 - Type: Bar Chart,
Description: This chart displays the quarterly change in GDP (Gross Domestic Product) from the previous quarter, differentiating between actual observed values and economists' forecasts. The X-axis represents years and implied quarters from 2023 to 2026, while the Y-axis shows the percentage change.
Mark: Rectangle,
Background: Dark gray with a subtle texture/pattern,
Gridlines: Thin, light gray horizontal lines,
Data Colors: Magenta (Actual), Gold (Forecasts),
-------------------"
Mahir,81,The Wall Street Journal,https://www.youtube.com/watch?v=CkxeehM9a9g,,,4," to illustrate the US GDP growth for the first half of 2025 and compare it with the average pace in 2024",03:01,03:10,Bar Chart,,"Emphasis - Annotation,","Combined with the first quarter's GDP figure,
however, the economy grew 1.2%
in the first half of the year,
down from the 2.5% average pace in 2024.",https://youtu.be/CkxeehM9a9g,"Chart 1 - Bar Chart
| Year/Quarter | Category | Value (%) |
|:-------------|:---------|----------:|
| '23 Q1       | Actual   |       2.3 |
| '23 Q2       | Actual   |       2.0 |
| '23 Q3       | Actual   |       3.9 |
| '23 Q4       | Actual   |       2.7 |
| '24 Q1       | Actual   |       1.2 |
| '24 Q2       | Actual   |       2.4 |
| '24 Q3       | Actual   |       2.6 |
| '24 Q4       | Actual   |       2.0 |
| '25 Q1       | Actual   |      -0.5 |
| '25 Q2       | Actual   |       3.0 |
| '25 Q3       | Forecasts|       0.5 |
| '25 Q4       | Forecasts|       1.1 |
| '26 Q1       | Forecasts|       1.1 |
| '26 Q2       | Forecasts|       1.5 |
| '26 Q3       | Forecasts|       1.9 |
| '26 Q4       | Forecasts|       2.3 |
-------------------","Chart 1 - Type: Bar Chart,
Description: A bar chart displaying the percentage change in GDP from a year earlier, segmented by actual data (magenta bars) and forecasts (yellow bars) across different quarters from '23 to '26. Specific average changes for '24 (+2.5%) and a combined '25 period (+1.2%) are also annotated. Individual data points for '25 Q1 (-0.5%) and '25 Q2 (+3%) are explicitly labeled.
Mark: Rectangle,
Background: Dark grey with a subtle textured pattern,
Gridlines: Horizontal, solid, light grey,
Data Colors: #E7008A (Magenta for Actual), #D3AC00 (Goldenrod for Forecasts)
-------------------"
Mahir,82,The Wall Street Journal,https://www.youtube.com/watch?v=CkxeehM9a9g,,,5," to visually confirm that the US economy had been slowing, particularly in the labor market, which had previously been a source of strength.",03:24,03:33,Bar Chart,,"Emphasis - Zoom in, Annotation, Draw a box, Comparison - Move aside","until July.
Job growth slowed to 73,000 that month,
well below expectations.
The labor department also sharply revised
May and June's figures by a combined 258,000 jobs.",https://youtu.be/CkxeehM9a9g,"Chart 1 - Bar Chart
| Month-Year | Nonfarm Payrolls (Millions) |
|:-----------|-----------------------------|
| 2022-Jan   | 0.18                        |
| 2022-Feb   | 0.42                        |
| 2022-Mar   | 0.82                        |
| 2022-Apr   | 0.38                        |
| 2022-May   | 0.22                        |
| 2022-Jun   | 0.52                        |
| 2022-Jul   | 0.38                        |
| 2022-Aug   | 0.26                        |
| 2022-Sep   | 0.28                        |
| 2022-Oct   | 0.18                        |
| 2022-Nov   | 0.15                        |
| 2022-Dec   | 0.26                        |
| 2023-Jan   | 0.52                        |
| 2023-Feb   | 0.38                        |
| 2023-Mar   | 0.65                        |
| 2023-Apr   | 0.20                        |
| 2023-May   | 0.15                        |
| 2023-Jun   | 0.12                        |
| 2023-Jul   | 0.18                        |
| 2023-Aug   | 0.10                        |
| 2023-Sep   | 0.15                        |
| 2023-Oct   | 0.18                        |
| 2023-Nov   | 0.12                        |
| 2023-Dec   | 0.15                        |
| 2024-Jan   | 0.22                        |
| 2024-Feb   | 0.18                        |
| 2024-Mar   | 0.18                        |
| 2024-Apr   | 0.12                        |
| 2024-May   | 0.08                        |
| 2024-Jun   | 0.22                        |
| 2024-Jul   | 0.18                        |
| 2024-Aug   | 0.20                        |
| 2024-Sep   | 0.25                        |
| 2024-Oct   | 0.12                        |
| 2024-Nov   | 0.10                        |
| 2024-Dec   | 0.15                        |
| 2025-Jan   | 0.25                        |
| 2025-Feb   | 0.08                        |
| 2025-Mar   | 0.02                        |
| 2025-Apr   | 0.08                        |
| 2025-May   | 0.12                        |
| 2025-Jun   | 0.05                        |
| 2025-Jul   | 0.02                        |
| 2025-Aug   | 0.08                        |
| 2025-Sep   | 0.05                        |
| 2025-Oct   | 0.02                        |
| 2025-Nov   | 0.00                        |
| 2025-Dec   | 0.00                        |
-------------------","Chart 1 - Type: Bar Chart,
Description: A bar chart illustrating the monthly change in nonfarm payrolls, measured in millions, from January 2022 to December 2025. The latest data point for December 2025 is highlighted. Data is seasonally adjusted and sourced from the Labor Department.,
Mark: Vertical rectangular bars,
Background: Dark gray with a subtle grainy texture and a blurred background image,
Gridlines: Horizontal, thin, light gray lines,
Data Colors: Gray for most bars, the last bar for Dec 2025 is gray with a pink border,
-------------------"
Mahir,83,The Wall Street Journal,https://www.youtube.com/watch?v=TTVMsfWO0uY,,,1,to illustrate and explain the poll result on trump government,00:20,01:02,"3, Bar Chart, Bar Chart, Bar Chart,",,"Suspense- Gradual Reveal, Emphasis - Delineate,   Annotation, Draw a line, Compare - Move Aside, Shrink"," Now look at our new Wall Street
Journal poll. That big Republican tax
bill, more people disapprove of it than
support it. They think overall that it's
going to help the wealthy, help large
corporations, and raise the deficit
while hurting the poor. When it comes to
tariffs, people disapprove of what they're seeing from Trump more than
approve by 17 points. Look at
immigration. People like the idea of
deporting people who are here illegally.
That gets strong support, but they don't
like how Trump is going about it. They
think that Trump's crossed a line by
being too aggressive in deporting people
without giving them legal protections
and by sending them to countries like
Sudan or El Salvador where they have no
personal ties.",https://youtu.be/TTVMsfWO0uY,"Chart 1 - Horizontal Bar Chart
| Category | Response Type | Value (%) |
| :-------------------------------------- | :-------------------- | :-------- |
| ONE BIG BEAUTIFUL BILL ACT | Favor | 39 |
| ONE BIG BEAUTIFUL BILL ACT | Oppose | 55 |
| THE WEALTHY | Help | 69 |
| THE WEALTHY | Hurt | 9 |
| LARGE CORPORATIONS | Help | 70 |
| LARGE CORPORATIONS | Hurt | 8 |
| THE FEDERAL DEFICIT | Help | 31 |
| THE FEDERAL DEFICIT | Hurt | 56 |
| THE POOR | Help | 32 |
| THE POOR | Hurt | 57 |
-------------------
Chart 2 - Horizontal Bar Chart
| Category | Response Type | Value (%) |
| :------- | :------------ | :-------- |
| TARIFFS | Approve | 41 |
| TARIFFS | Disapprove | 58 |
-------------------
Chart 3 - Horizontal Bar Chart
| Category | Response Type | Value (%) |
| :------------------------------------------------- | :------------ | :-------- |
| DEPORTING UNDOCUMENTED IMMIGRANTS | Favor | 59 |
| DEPORTING UNDOCUMENTED IMMIGRANTS | Oppose | 36 |
| DEPORTING PEOPLE WITHOUT SEEING A JUDGE | Favor | 37 |
| DEPORTING PEOPLE WITHOUT SEEING A JUDGE | Oppose | 57 |
| DEPORTING TO PRISONS IN OTHER COUNTRIES | Favor | 34 |
| DEPORTING TO PRISONS IN OTHER COUNTRIES | Oppose | 58 |","Chart 1 - Type: Horizontal Bar Chart,
Description: A horizontal bar chart displaying public opinion on two main questions: 1) Favor or oppose the ""One Big Beautiful Bill Act"", and 2) If the act will help or hurt specific groups/outcomes (the wealthy, large corporations, federal deficit, and the poor), based on a Wall Street Journal poll.
Mark: Rounded rectangular horizontal bars,
Background: Dark grey with a subtle texture,
Gridlines: White solid vertical lines,
Data Colors: Blue, Grey,
-------------------
Chart 2 - Type: Horizontal Bar Chart,
Description: A horizontal bar chart illustrating public approval or disapproval of tariffs. An annotation indicates a 17 percentage point difference between disapproval and approval.
Mark: Rounded rectangular horizontal bars,
Background: Dark grey with a subtle texture,
Gridlines: White solid vertical lines,
Data Colors: Blue, Grey, Yellow,
-------------------
Chart 3 - Type: Horizontal Bar Chart,
Description: A horizontal bar chart presenting public opinion on favoring or opposing different immigration-related policies: deporting undocumented immigrants, deporting people without seeing a judge, and deporting to prisons in other countries, from a Wall Street Journal poll.
Mark: Rounded rectangular horizontal bars,
Background: Dark grey with a subtle texture,
Gridlines: White solid vertical lines,
Data Colors: Blue, Grey,"
Mahir,84,The Wall Street Journal,https://www.youtube.com/watch?v=TTVMsfWO0uY,,,2,"to illustrate and explain the poll result on trump government, republican and democratic party",01:32,03:04,"5, Bar Chart, Bar Chart, Line Chart, Bar Chart, Bar Chart, ",,"Suspense- Gradual Reveal, Emphasis - Delineate,   Annotation, Draw a line, Compare - Move Aside, Shrink, Zoom out","In our poll, 46% of
voters say they approve of Trump's job
performance in office. That's identical
to our last poll in April. It's
essentially unchanged despite all these
turbulent events. Even though Trump's
political standing hasn't changed
despite people being uneasy with parts
of what they're seeing from him, neither
has he benefited from brightening views
of the economy. In our survey, 47% of
voters say that the economy is excellent
or in good shape. That's a very strong
number. It's up by double digits from
our last survey in April, and it's the
most bright view of the economy in any
of our polls dating to 20121, 63%.
That may be the most important number in
our new Wall Street Journal poll, and
it's a number that should scare the
Democratic Party. That's the share of
voters who hold a negative view of the
Democratic Party, and it's 30 points
higher than the share who have a
positive view. This is the worst image
rating that Wall Street Journal polling
has found in all of our surveys dating
to 1990. This is a party that's brand is
very tarnished. Donald Trump is underwater by 17 points on how he's been
handling tariffs. And yet voters trust
the Republican party on tariffs more
than the Democratic party. It's like
this on just about every issue we tested
except for one. Democrats hold a lead on
healthcare.",https://youtu.be/TTVMsfWO0uY,"Chart 1 - Horizontal Bar Chart
| Date | Think Economy is Positive (%) |
|:-------------|:------------------------------|
| JULY 2025 | 47 |
| APRIL 2025 | 34 |
| OCTOBER 2024 | 34 |
| JULY 2024 | 35 |
| DECEMBER 2023 | 32 |
| AUGUST 2023 | 34 |
| DECEMBER 2022 | 32 |
| AUGUST 2022 | 34 |
| NOVEMBER 2021 | 37 |
-------------------
Chart 2 - Grouped Horizontal Bar Chart
| Category | Favorable (%) | Unfavorable (%) |
|:------------------------|:--------------|:----------------|
| THE DEMOCRATIC PARTY | 33 | 63 |
-------------------
Chart 3 - Line Chart
| Year | Democratic Party Net Favorability (%) | Republican Party Net Favorability (%) |
|:-----|:----------------------------------------|:--------------------------------------|
| 1990 | 10 | 2 |
| 1992 | 12 | -15 |
| 1994 | 5 | 5 |
| 1996 | 10 | 0 |
| 1998 | 12 | -5 |
| 2000 | 18 | 18 |
| 2002 | 5 | 12 |
| 2004 | -5 | 15 |
| 2006 | 0 | 0 |
| 2008 | 10 | -15 |
| 2010 | -5 | -10 |
| 2012 | 0 | -15 |
| 2014 | -10 | -20 |
| 2016 | -5 | -10 |
| 2018 | 0 | -15 |
| 2020 | -10 | -10 |
| 2022 | -20 | -10 |
| Current | -30 | -18 |
-------------------
Chart 4 - Grouped Horizontal Bar Chart
| Category | Approve (%) | Disapprove (%) |
|:---------|:------------|:---------------|
| TARIFFS | 38 | 55 |
-------------------
Chart 5 - Grouped Horizontal Bar Chart
| Policy Area | Democrats (%) | Republicans (%) |
|:--------------|:--------------|:----------------|
| TARIFFS | 28 | 35 |
| THE ECONOMY | 28 | 40 |
| INFLATION | 28 | 36 |
| IMMIGRATION | 27 | 42 |
| FOREIGN POLICY | 30 | 38 |
| HEALTHCARE | 42 | 27 |
-------------------","Chart 1 - Type: Horizontal Bar Chart,
Description: Percentage of people who think the economy is positive over various dates.,
Mark: Horizontal Bar,
Background: Solid Black,
Gridlines: Vertical Solid Light Gray,
Data Colors: Blue,
-------------------
Chart 2 - Type: Grouped Horizontal Bar Chart,
Description: Favorable and unfavorable views of The Democratic Party.,
Mark: Horizontal Bar,
Background: Solid Black,
Gridlines: Vertical Solid Light Gray,
Data Colors: Blue, Gray,
-------------------
Chart 3 - Type: Line Chart,
Description: Net favorability of Democratic and Republican parties over time.,
Mark: Line,
Background: Solid Black,
Gridlines: Horizontal and Vertical Solid Light Gray,
Data Colors: Blue, Red,
-------------------
Chart 4 - Type: Grouped Horizontal Bar Chart,
Description: Approval and disapproval of tariffs.,
Mark: Horizontal Bar,
Background: Solid Black,
Gridlines: Vertical Solid Light Gray,
Data Colors: Blue, Gray,
-------------------
Chart 5 - Type: Grouped Horizontal Bar Chart,
Description: Perception of which party (Democrats or Republicans) is best able to handle various policy areas.,
Mark: Horizontal Bar,
Background: Solid Black,
Gridlines: Vertical Solid Light Gray,
Data Colors: Blue, Red,
-------------------"
Mahir,85,The Wall Street Journal,https://www.youtube.com/watch?v=MCBdcNA_FsI,,,1,illustrates the growth of industrial robot installations in China compared to the rest of the world and to highlight how China's robotization levels have dramatically increased sevenfold since 2015.,02:24,02:41,"2, Bar Chart, Bar Chart",,"Suspense- Gradual Reveal, Emphasis - Annotation, Draw a box, Draw an arrow","According to the International Federation of Robotics
in 2023, every other industrial robot
installed in the world happened in China.
The country's levels of robotization have grown sevenfold
since 2015 when President Xi Jinping introduced
a Made in China 2025 initiative",https://youtu.be/MCBdcNA_FsI,"Chart 1 - Horizontal Bar Chart
| Country      | Installations (Thousands of Units) |
|--------------|------------------------------------|
| CHINA        | 275                                |
| JAPAN        | 50                                 |
| U.S.         | 45                                 |
| SOUTH KOREA  | 38                                 |
| GERMANY      | 30                                 |
| ITALY        | 12                                 |
| INDIA        | 8                                  |
| FRANCE       | 7                                  |
| MEXICO       | 5                                  |
| SPAIN        | 4                                  |
-------------------
Chart 2 - Vertical Bar Chart
| Year | Stock (Thousand Units) |
|------|------------------------|
| 2013 | 100                    |
| 2014 | 150                    |
| 2015 | 200                    |
| 2016 | 300                    |
| 2017 | 400                    |
| 2018 | 550                    |
| 2019 | 700                    |
| 2020 | 850                    |
| 2021 | 1100                   |
| 2022 | 1400                   |
| 2023 | 1650                   |
-------------------","Chart 1 - Type: Horizontal Bar Chart, 
Description: This chart displays the number of industrial robot installations in 2023 for various countries, measured in thousands of units. China shows the highest number of installations.
Mark: Rectangular bar, 
Background: Dark grey/black with a subtle industrial texture, 
Gridlines: Thin, solid, light grey horizontal lines, 
Data Colors: Blue, 
-------------------
Chart 2 - Type: Vertical Bar Chart, 
Description: This chart illustrates China's accumulated industrial robot stock, in thousand units, from 2013 to 2023, showing a consistent upward trend.
Mark: Rectangular bar, 
Background: Dark grey/black with a subtle industrial texture, 
Gridlines: Thin, solid, light grey horizontal lines, 
Data Colors: Blue, 
-------------------"
Mahir,87,The Wall Street Journal,https://www.youtube.com/watch?v=trHWYxM87SY,,,2,to illustrate the current landscape of healthcare coverage in the U.S.,03:02,03:44,Bar Chart,,"Suspense- Gradual Reveal, Emphasis - Zoom in, Annotation, Draw a box"," So now this is what healthcare coverage
looks like in real numbers in the US.
Most working age adults
still get their insurance through their employer,
some through public programs like those in the military,
many who make just over the poverty line
or are disabled are on Medicaid,
as are a lot of children,
even if their parents don't qualify.
Nearly everyone 65 and older has Medicare
and most also have an additional type of coverage.
Many people buy health insurance directly on their own.
Most use the healthcare.gov marketplace created
by the Affordable Care Act for those
that make too much for Medicaid,
but can't access or afford employer coverage.
Nearly all of them receive tax credits
to make it affordable.",https://youtu.be/trHWYxM87SY,"Chart 1 - Stacked Bar Chart
| X-Axis Segment | EMPLOYER (%) | OTHER PUBLIC (%) | MEDICAID (%) | MEDICARE (%) | DIRECT (%) |
|:---------------|:-------------|:-----------------|:-------------|:-------------|:-----------|
| 0-18           | 46           | 12               | 42           | 0            | 0          |
| 18-35          | 51           | 16               | 33           | 0            | 0          |
| 35-50          | 57           | 22               | 21           | 0            | 0          |
| 50-67          | 58           | 27               | 15           | 0            | 0          |
| 67-100+        | 18           | 0                | 30           | 35           | 17         |
-------------------","Chart 1 - Type: Stacked Bar Chart,
Description: This chart illustrates the composition of health insurance coverage in the U.S. across different segments of the population, ranging from 0 to 100+. The X-axis represents distinct population segments (likely categorized by some unstated metric like income or age), with the Y-axis indicating the percentage of each insurance type within that segment, summing to 100%. The chart shows a significant shift in coverage types for the population segment starting from 67% onwards, introducing Medicare and Direct (healthcare.gov) coverage, while 'Other Public' coverage disappears from this segment.,
Mark: Stacked Rectangles,
Background: Solid Dark Grey,
Gridlines: Solid Light Grey (horizontal lines at 0, 25, 50, 75, 100), Solid White (vertical lines at 0, 20, 40, 60, 80, 100+),
Data Colors: [Solid Orange (#E68228) for EMPLOYER (0-67 segment), Solid Dark Grey (#4F4F4F) for OTHER PUBLIC (0-67 segment), Solid Blue (#418CDC) for MEDICAID (0-67 segment), Hatched Orange (#E68228) for EMPLOYER (67-100+ segment), Hatched Blue (#418CDC) for MEDICAID (67-100+ segment), Hatched Dark Grey (#4F4F4F) for DIRECT (67-100+ segment), Hatched Blue (#418CDC) for MEDICARE (67-100+ segment)],
-------------------"
Mahir,88,The Wall Street Journal,https://www.youtube.com/watch?v=l-dy8SpX_50,,,1,"to illustrate the projected increase in the national deficit due to the ""Big Beautiful Bill.""",04:59,05:17,Bar Chart,,"Suspense- Gradual Reveal, Emphasis - Zoom in, Annotation,","The way that Congress looks at this generally is
what happens to deficits over the next 10 years
through 2034 if compared to a scenario
where Congress does nothing.
That's about $3.4 trillion
according to the Congressional Budget Office.
That's on top of the 21 trillion or so in budget deficits
that would happen anyway.",https://youtu.be/l-dy8SpX_50,"Chart 1 - Horizontal Stacked Bar Chart
| Component | Value (Trillion USD) |
|---|---|
| Projected Deficit (Current) | 21.0 |
| Potential Additional Deficit | 3.4 |
-------------------","Chart 1 - Type: Horizontal Stacked Bar Chart,
Description: A horizontal stacked bar chart illustrating the projected cumulative deficits for the period 2025-2034. It shows a base projected deficit (solid blue) and a potential additional deficit (striped blue), totaling $24.4 Trillion. The chart's x-axis represents the deficit in Trillions of USD.,
Mark: Rectangle,
Background: Solid Black,
Gridlines: Solid White (vertical tick lines and a horizontal line along the top of the bar),
Data Colors: Solid Blue, Striped Blue (blue on black stripes),
-------------------"
Mahir,89,The Wall Street Journal,https://www.youtube.com/watch?v=0X8KvR82-qw,,,1,to illustrate Pop Mart's revenue breakdown by intellectual property (IP) source. It,03:44,03:54,Bar Chart,,,"Though Pop Mart does license some existing IP,
like Disney and Marvel characters,
over 85% of its revenue in 2024
came from exclusive products developed with artists.",https://youtu.be/0X8KvR82-qw,"Chart 1 - Bar Chart
| Category | Revenue (Billion USD) |
| :---------- | --------------------: |
| ARTIST IP | 1.4875 |
| LICENSED IP | 0.26 |
| OTHER | 0.0025 |
-------------------","Chart 1 - Type: Bar Chart, 
Description: This bar chart displays the 2024 Pop Mart Revenue broken down by different intellectual property (IP) sources. The total revenue is indicated as $1.75 Billion. The chart shows ""Artist IP"" as the dominant source, representing over 85% of the total revenue, followed by ""Licensed IP"" and a small ""Other"" category.,
Mark: Rectangle (vertical bars), 
Background: Light green textured paper effect with subtle gradient, 
Gridlines: Horizontal lines, solid, dark grey, 
Data Colors: Green (with embedded cartoon character imagery), Orange (with embedded cartoon character imagery), Yellow.
-------------------"
Mahir,90,The Wall Street Journal,https://www.youtube.com/watch?v=0X8KvR82-qw,,,2,to show a shift in Pop Mart's revenue from primarily blind box figurines to an increasing proportion of plush toys and accessories.,06:45,06:56,Bar Chart,,,"Our sales have shifted significantly
from blind box figurines to now it's much more plush.
And we're also expanding in our accessories category.
That's one of the fastest growing categories that we have.",https://youtu.be/0X8KvR82-qw,"Chart 1 - Grouped Bar Chart
| Category         | 2023 (%) | 2024 (%) |
| :--------------- | :------- | :------- |
| FIGURINES        | 72       | 50       |
| PLUSH TOYS       | 2        | 19       |
| MEGA FIGURINES   | 8        | 10       |
| OTHER            | 8        | 9        |
-------------------","Chart 1 - Type: Grouped Bar Chart, 
Description: This chart displays the percentage of revenue for different Pop Mart product categories for the years 2023 and 2024. The categories shown are Figurines, Plush Toys, Mega Figurines, and Other. Revenue from Figurines decreased significantly from 2023 to 2024, while Plush Toys saw a substantial increase. Mega Figurines and Other categories remained relatively stable or saw slight increases. The chart uses a grouped bar format to compare the two years side-by-side for each category. An emphasis box highlights ""PLUSH TOYS"".,
Mark: Bar, 
Background: Light green with a subtle speckled texture, 
Gridlines: Solid, light grey horizontal lines, 
Data Colors: ['#D9705F' (for 2023), '#70BC5E' (for 2024)], 
-------------------"
Mahir,91,The Wall Street Journal,https://www.youtube.com/watch?v=5jG-1FfGx5c,,,1,"to highlight Temu's incredibly rapid growth in monthly active users in the US compared to Amazon. ",00:00,00:10,Line Chart,,"Suspense- Gradual Reveal, Emphasis - Annotation,"," It took discount retail app Temu a year to get
to 51 million monthly active users in the US.
That's approaching the 67 million user base
that Amazon spent decades building.",https://youtu.be/5jG-1FfGx5c,"Chart 1 - Line Chart
| Month (Year) | TEMU (Millions) | Amazon (Millions) |
| :------------- | :-------------- | :---------------- |
| Sept. 2022     | 1               | 66                |
| Dec. 2022      | 5               | 67                |
| Mar. 2023      | 15              | 68                |
| Jun. 2023      | 32              | 69                |
| Sep. 2023      | 54              | 66                |
| Dec. 2023      | 48              | 62                |
| Mar. 2024      | 51              | 67                |
-------------------","Chart 1 - Type: Line Chart, 
Description: This line chart displays the estimated U.S. Monthly Active Users for Temu and Amazon from September 2022 to March 2024. Temu shows significant growth, while Amazon maintains a higher, more stable user base. The final data points for March 2024 are explicitly labeled. The Y-axis represents millions of users, and the X-axis represents time in approximate quarterly intervals.,
Mark: Line, 
Background: Off-white / Light Beige, 
Gridlines: Solid, dark gray horizontal lines, 
Data Colors: Orange, Blue, 
-------------------"
Mahir,92,The Wall Street Journal,https://www.youtube.com/watch?v=5jG-1FfGx5c,,,2," to showcase Temu's unprecedented user acquisition speed by comparing it to Shein. ",02:38,02:44,Line Chart,,"Suspense- Gradual Reveal, Emphasis - Draw a circle","That strategy has paid off.
Temu amassed more users in six months
than Shein and has in eight years.",https://youtu.be/5jG-1FfGx5c,"Chart 1 - Line Chart
| Month Year | SHEIN (Millions) | TEMU (Millions) |
|:-----------|-----------------:|----------------:|
| SEPT. 2022 |             18.0 |             0.5 |
| OCT. 2022  |             19.5 |             1.0 |
| NOV. 2022  |             18.5 |             3.0 |
| DEC. 2022  |             20.0 |             7.0 |
| JAN. 2023  |             18.0 |            12.0 |
| FEB. 2023  |             19.0 |            18.0 |
| MAR. 2023  |             21.0 |            22.5 |
| APR. 2023  |             23.5 |            31.0 |
| MAY. 2023  |             26.0 |            41.0 |
| JUN. 2023  |             28.5 |            50.0 |
| JUL. 2023  |             29.5 |            54.0 |
| AUG. 2023  |             29.0 |            52.5 |
| SEPT. 2023 |             27.5 |            49.5 |
| OCT. 2023  |             26.0 |            48.0 |
| NOV. 2023  |             24.5 |            48.5 |
| DEC. 2023  |             23.5 |            49.0 |
| JAN. 2024  |             23.0 |            49.0 |
-------------------","Chart 1 - Type: Line Chart, 
Description: This line chart displays the U.S. Monthly Active Users for SHEIN and TEMU, tracking their trends from September 2022 to January 2024. The Y-axis represents the number of active users in millions. There is a highlighted circle indicating the crossover point where TEMU's active users surpassed SHEIN's.
Mark: Line, 
Background: Light beige with a subtle textured/grainy pattern, 
Gridlines: Thin, solid, dark gray horizontal lines, 
Data Colors: Blue (for SHEIN), Orange (for TEMU), 
-------------------"
Mahir,93,The Wall Street Journal,https://www.youtube.com/watch?v=5jG-1FfGx5c,,,3,"to illustrate Temu's significant impact on its parent company, PDD, by showing the substantial increase in PDD's market value that contributed to PDD briefly surpassing Alibaba as China's most valuable e-commerce company. ",02:52,02:59,Line Chart,,"Suspense- Gradual Reveal, Emphasis - Draw an arrow","That helped boost PDDs market value 74%,
allowing it to briefly overtake Alibaba
as China's most valuable e-commerce company.",https://youtu.be/5jG-1FfGx5c,"Chart 1 - Multi-Line Chart
| Date | PDD (Billion USD) | BABA (Billion USD) |
|:-----|:------------------|:-------------------|
| Feb 2023 | 105 | 225 |
| Mar 2023 | 110 | 295 |
| Apr 2023 | 100 | 250 |
| May 2023 | 85 | 220 |
| Jun 2023 | 75 | 205 |
| Jul 2023 | 75 | 200 |
| Aug 2023 | 85 | 205 |
| Sep 2023 | 95 | 220 |
| Oct 2023 | 110 | 205 |
| Nov 2023 | 130 | 205 |
| Dec 2023 | 160 | 175 |
| Jan 2024 | 177 | 173 |
| Feb 2024 | 165 | 180 |
-------------------","Chart 1 - Type: Multi-Line Chart,
Description: This chart illustrates the valuation trends of two major Chinese e-commerce companies, PDD and BABA, from February 2023 to February 2024. The Y-axis represents valuation in billions of USD, while the X-axis denotes time. The chart shows BABA's valuation generally declining from a peak in early 2023, while PDD's valuation steadily increased, eventually surpassing BABA's around late 2023/early 2024 before a slight re-divergence. The data is sourced from FactSet.
Mark: Line,
Background: Light beige/off-white with a subtle distressed or grainy texture,
Gridlines: Horizontal, solid, thin, dark grey,
Data Colors: ['Orange', 'Blue'],
-------------------"
Mahir,94,The Wall Street Journal,https://www.youtube.com/watch?v=5jG-1FfGx5c,,,4,to illustrate the comparison of delivery speeds in the e-commerce market.,03:31,03:42,Line Chart,,"Suspense- Gradual Reveal, Emphasis - Draw a circle","Amazon's delivery time has more than halved since 2022
to less than two days on average.
Other retailers are catching up,
with an average of about 4.6 days in January.",https://youtu.be/5jG-1FfGx5c,"Chart 1 - Line Chart
| Month     | Amazon | All Other Retailers |
| :-------- | :----- | :------------------ |
| 2022-01   | 3.1    | 7.1                 |
| 2022-02   | 2.4    | 6.9                 |
| 2022-03   | 2.0    | 6.7                 |
| 2022-04   | 2.0    | 6.6                 |
| 2022-05   | 2.2    | 6.8                 |
| 2022-06   | 2.0    | 6.3                 |
| 2022-07   | 2.1    | 6.6                 |
| 2022-08   | 2.0    | 6.2                 |
| 2022-09   | 2.9    | 6.5                 |
| 2022-10   | 2.2    | 6.1                 |
| 2022-11   | 1.8    | 5.9                 |
| 2022-12   | 1.6    | 5.7                 |
| 2023-01   | 1.5    | 5.5                 |
| 2023-02   | 1.7    | 5.3                 |
| 2023-03   | 1.4    | 5.1                 |
| 2023-04   | 1.4    | 4.9                 |
| 2023-05   | 1.6    | 4.7                 |
| 2023-06   | 1.8    | 4.6                 |
| 2023-07   | 1.9    | 4.5                 |
| 2023-08   | 2.0    | 4.4                 |
| 2023-09   | 1.7    | 4.2                 |
| 2023-10   | 1.4    | 4.5                 |
| 2023-11   | 1.5    | 4.2                 |
| 2023-12   | 1.8    | 3.8                 |
| 2024-01   | 1.6    | 4.2                 |
-------------------","Chart 1 - Type: Line Chart, 
Description: A line chart showing the average U.S. click-to-door shipping speeds in days for Amazon and all other retailers from January 2022 to January 2024. The chart highlights that Amazon consistently has faster shipping speeds compared to other retailers, with both showing a general trend of decreasing shipping times over the period. The last data point for both lines is circled.
Mark: Line, 
Background: Light beige with subtle texture, 
Gridlines: Solid, thin, dark grey horizontal lines, 
Data Colors: [Blue, Brown/Red], 
-------------------"
Mahir,96,The Wall Street Journal,https://www.youtube.com/watch?v=Xi7RvweuIUk,,,2,to illustrate the scale and historical context of the US national debt.,00:57,01:25,"3, Bar Chart, Bar Chart, Line Chart",," Suspense- Gradual Reveal, Cohering - Spin, Emphasis - Draw a circle, Comparison - Add a benchmark line ","Congress spends more than it brings in through tax revenue.
For 20 years, we've had a budget deficit.
2020s' $1.8 trillion deficit was added
to the combined deficits from the past years.
This is the total running national debt.
It's uh, a lot.
But obviously, our economy now is bigger than back then.
So here it is as a percentage of GDP.
This is a better way of looking at it.
It's still, uh, a lot.
We're at World War II levels.",https://youtu.be/Xi7RvweuIUk,"Chart 1 - Line Chart
| Year | Federal Debt as Percent of GDP |
|---|---|
| 1940 | 35.0 |
| 1945 | 102.0 |
| 1950 | 78.0 |
| 1955 | 60.0 |
| 1960 | 50.0 |
| 1965 | 40.0 |
| 1970 | 35.0 |
| 1975 | 25.0 |
| 1980 | 25.0 |
| 1985 | 32.0 |
| 1990 | 40.0 |
| 1995 | 43.0 |
| 2000 | 35.0 |
| 2005 | 35.0 |
| 2010 | 60.0 |
| 2015 | 70.0 |
| 2020 | 80.0 |
| 2022 | 95.0 |
-------------------
Chart 2 - Horizontal Bar Chart
| Category | Value (Trillion USD) |
|---|---|
| Spending | 6.8 |
| Revenue | 4.8 |
| Deficit | 2.0 |
-------------------
Chart 3 - Vertical Bar Chart
| Year | Federal Debt Held by Public (Trillion USD) |
|---|---|
| 1940 | 0.1 |
| 1945 | 2.6 |
| 1950 | 2.2 |
| 1955 | 2.0 |
| 1960 | 2.4 |
| 1965 | 2.6 |
| 1970 | 3.0 |
| 1975 | 4.0 |
| 1980 | 5.5 |
| 1985 | 8.0 |
| 1990 | 9.5 |
| 1995 | 10.5 |
| 2000 | 5.8 |
| 2005 | 8.0 |
| 2010 | 14.0 |
| 2015 | 18.0 |
| 2020 | 23.0 |
| 2022 | 29.0 |","Chart 1 - Type: Line Chart, 
Description: Shows the Federal Debt as a percentage of GDP over time from 1940 to 2022, highlighting a peak in the 1940s and a recent surge.
Mark: Line, 
Background: Dark gray, 
Gridlines: Solid light gray, 
Data Colors: Blue, Yellow, 
-------------------
Chart 2 - Type: Horizontal Bar Chart, 
Description: Illustrates the breakdown of the 2024 U.S. Budget, showing Spending, Revenue, and the resulting Deficit.
Mark: Horizontal Bar, 
Background: Dark gray, 
Gridlines: Solid light gray, 
Data Colors: Brown, Dark Blue, Light Blue, 
-------------------
Chart 3 - Type: Vertical Bar Chart, 
Description: Displays the Federal Debt Held by the Public in Trillions of US Dollars from 1940 to 2022, showing a significant increase in recent decades.
Mark: Vertical Bar, 
Background: Dark gray, 
Gridlines: Solid light gray, 
Data Colors: Blue,"
Mahir,97,The Wall Street Journal,https://www.youtube.com/watch?v=Xi7RvweuIUk,,,3,"to highlight the problematic aspect of the current debt situation of US: the US borrowed a lot when it wasn't in a crisis, which has led to a World War II amount of debt",02:01,02:23,Line Chart,,"Emphasis - Highlight a range, Draw a circle, Zoom in","And sometimes it's necessary to go into debt.
- [Doug] Big recessions,
we wanna maintain the standard of living.
Pandemics. We borrowed a lot in the pandemic.
Probably a really good thing to do in in 2020.
- [Maya] That's exactly when you want to be able to borrow.
The problem is we borrowed when we weren't in the crisis.
- [Narrator] Which is how we got ourselves
into a world war amount of debt.
And carrying a large debt is concerning for a few reasons.",https://youtu.be/Xi7RvweuIUk,"Chart 1 - Line Chart
| Year | Federal Debt as % of GDP |
|------|--------------------------|
| 1940 | 35                       |
| 1945 | 103                      |
| 1950 | 75                       |
| 1955 | 60                       |
| 1960 | 50                       |
| 1965 | 42                       |
| 1970 | 34                       |
| 1975 | 25                       |
| 1980 | 25                       |
| 1985 | 35                       |
| 1990 | 42                       |
| 1995 | 48                       |
| 2000 | 34                       |
| 2005 | 38                       |
| 2007 | 35                       |
| 2009 | 60                       |
| 2010 | 62                       |
| 2015 | 75                       |
| 2019 | 80                       |
| 2020 | 100                      |
| 2022 | 93                       |
-------------------","Chart 1 - Type: Line Chart,
Description: This line chart illustrates the trend of Federal Debt as a percentage of GDP from 1940 to approximately 2022. It includes annotations for ""Recessions"" (indicated by darker gray vertical bars), specifically highlighting the impact of the ""Great Recession"" and ""COVID-19"" on debt levels with yellow circular annotations. The data source is specified as ""FEDERAL DEBT HELD BY THE PUBLIC, U.S. OFFICE OF MANAGEMENT AND BUDGET"". The Y-axis represents the percentage of GDP, ranging from 0 to 100%. The X-axis represents years in 10-year intervals.,
Mark: Line,
Background: Dark charcoal gray,
Gridlines: Light gray horizontal lines at 20% intervals (0, 20, 40, 60, 80, 100%). Light gray vertical gridlines approximately every 5 years, with darker gray solid vertical bars indicating recession periods.,
Data Colors: Blue (for the line), Yellow (for annotation circles).,
-------------------"
Mahir,98,The Wall Street Journal,https://www.youtube.com/watch?v=Xi7RvweuIUk,,,4,to illustrate the potential economic benefit of reducing the national debt.,02:50,02:57,Line Chart,,"Suspense - Track, Emphasis - Draw a circle, Annotation","Studies have found
that if the debt were to go down to here by 2050,
incomes per person would be nearly 7% larger.",https://youtu.be/Xi7RvweuIUk,"Chart 1 - Line Chart
| Year | Federal Debt as Percent of GDP |
|------|--------------------------------|
| 1970 | 22                             |
| 1975 | 25                             |
| 1980 | 22                             |
| 1985 | 30                             |
| 1990 | 37                             |
| 1995 | 43                             |
| 2000 | 32                             |
| 2005 | 33                             |
| 2010 | 60                             |
| 2015 | 70                             |
| 2020 | 95                             |
| 2025 | 90                             |
| 2030 | 85                             |
| 2035 | 80                             |
| 2040 | 76                             |
| 2045 | 72                             |
| 2050 | 70                             |
-------------------","Chart 1 - Type: Line Chart,
Description: This chart displays the Federal Debt as a Percent of GDP over time, spanning from 1970 to 2050. The data includes historical values up to 2020 and a projection from 2020 onwards. The Y-axis represents the percentage of GDP, while the X-axis represents the year. An annotation indicates ""INCOMES INCREASE 6.7%"" around the year 2048, likely representing a point of interest or a related scenario, rather than a direct data point on the line.,
Mark: Line (solid blue for historical data, dotted blue for projected data),
Background: Solid dark grey,
Gridlines: Thin solid white lines,
Data Colors: Blue
-------------------"
Mahir,99,The Wall Street Journal,https://www.youtube.com/watch?v=Xi7RvweuIUk,,,5,"to illustrate the breakdown of government spending in 2024, with a particular focus on the interest payments on the national debt",03:07,03:28,Bar Chart,,,"And secondly,
well, this is what the government spent in 2024.
Social security and healthcare are obviously the big ones,
but here, more than was spent on the military,
more than everything else spent to run the government
or interest payments on the national debt.
- We have so much debt that we're borrowing
to pay the interest on the previous debt.
Well, that's like getting a new credit card
to pay off the old one.",https://youtu.be/Xi7RvweuIUk,"Chart 1 - Stacked Bar Chart (U.S. Spending and Revenue)
| Category | Type | Value (Trillion USD) |
| :------------------------- | :----------------- | :------------------ |
| Social Security | Spending | 1.25 |
| Health/Medicare/Medicare | Spending | 1.5 |
| National Defense | Spending | 1.15 |
| Income Security | Spending | 0.3 |
| Veterans | Spending | 0.5 |
| Other | Spending | 0.65 |
| Interest | Spending | 0.7 |
| Revenue | Revenue | 4.9 |
| Deficit | Revenue | 1.15 |
-------------------","Chart 1 - Type: Stacked Bar Chart,
Description: This chart illustrates the projected 2024 U.S. federal budget, comparing total spending to total revenue and the resulting deficit, measured in trillions of U.S. dollars. The top bar represents total spending, broken down by category. The bottom bar represents the revenue collected and the deficit needed to meet the total spending.,
Mark: Bar,
Background: Solid dark gray,
Gridlines: Solid white vertical lines,
Data Colors: Warm brown, Warm brown, Dark brown, Muted gold/orange-brown, Muted gold/orange-brown, Muted gold/orange-brown, Teal blue, Deep blue, Teal blue,
-------------------"
Mahir,100,The Wall Street Journal,https://www.youtube.com/watch?v=Xi7RvweuIUk,,,6," to provide a visual warning about the tipping points where the national debt could trigger a severe fiscal crisis.",03:40,04:03,Line Chart,,"Comparison - Add a benchmark line, Suspense - Track, Emphasis - Draw a line","So if some debt is good,
but too much debt can be bad, when does it become bad, bad,
like unsustainable bad?
- If the publicly held debt goes above roughly 175% of GDP,
things get pretty hard at that point.
And 200% is really the drop dead limit.
And the reason why is once you hit that limit,",https://youtu.be/Xi7RvweuIUk,"Chart 1 - Line Chart
| Year | Federal Debt as Percent of GDP | Reference Line 1 (Orange) | Reference Line 2 (Red) |
| :--- | :----------------------------- | :------------------------ | :--------------------- |
| 1975 | 10                             | N/A                       | N/A                    |
| 1980 | 15                             | N/A                       | N/A                    |
| 1985 | 22                             | N/A                       | N/A                    |
| 1990 | 30                             | N/A                       | N/A                    |
| 1995 | 25                             | N/A                       | N/A                    |
| 2000 | 30                             | N/A                       | N/A                    |
| 2005 | 45                             | N/A                       | N/A                    |
| 2010 | 65                             | N/A                       | N/A                    |
| 2015 | 70                             | N/A                       | N/A                    |
| 2018 | 82                             | N/A                       | N/A                    |
| 2019 | 78                             | N/A                       | N/A                    |
| 2020 | 88                             | N/A                       | N/A                    |
| 2022 | 80                             | 170                       | 195                    |
| 2025 | 120                            | 170                       | 195                    |
| 2030 | 170                            | 170                       | 195                    |
| 2033 | 195                            | 170                       | 195                    |
| 2035 | 200                            | 170                       | 195                    |
-------------------","Chart 1 - Type: Line Chart,
Description: This chart illustrates the Federal Debt as a percentage of GDP from approximately 1975, showing historical data with a solid line and future projections with a dotted line up to 2035. Two horizontal reference lines, colored orange and red, indicate specific percentage levels (170% and 195% respectively) that the projected debt might reach or exceed in the future. The data extends over an X-axis representing years and a Y-axis representing percentage.
Mark: Federal Debt: Line (Solid from ~1975-2022, Dotted from ~2022-2035), Reference Line 1: Line (Solid), Reference Line 2: Line (Solid),
Background: Solid dark grey,
Gridlines: Solid white,
Data Colors: Blue, Orange, Red,
-------------------"
Mahir,102,The Wall Street Journal,https://www.youtube.com/watch?v=drRaLMI0SI4,,,1,"to illustrate the trend of controlled vs. uncontrolled re-entries of space debris and to highlight that for the first time, controlled re-entries outnumbered uncontrolled ones. ",07:40,07:52,Bar Chart,," Suspense- Gradual Reveal, Emphasis - Draw a box","Work is being done to reduce the risk.
Last year, controlled reentries outnumbered
uncontrolled ones for the first time,
driven largely by increased awareness
of space debris hazards
and wider adoption of mitigation measures.",https://youtu.be/drRaLMI0SI4,"Chart 1 - Stacked Bar Chart
| Year | Controlled | Uncontrolled |
|:-----|-----------:|-------------:|
| 1990 | 0          | 85           |
| 1991 | 0          | 55           |
| 1992 | 0          | 50           |
| 1993 | 0          | 40           |
| 1994 | 0          | 35           |
| 1995 | 0          | 40           |
| 1996 | 0          | 65           |
| 1997 | 0          | 60           |
| 1998 | 0          | 65           |
| 1999 | 0          | 50           |
| 2000 | 0          | 60           |
| 2001 | 0          | 40           |
| 2002 | 0          | 30           |
| 2003 | 0          | 25           |
| 2004 | 0          | 25           |
| 2005 | 0          | 35           |
| 2006 | 0          | 30           |
| 2007 | 0          | 40           |
| 2008 | 0          | 40           |
| 2009 | 0          | 35           |
| 2010 | 0          | 40           |
| 2011 | 5          | 45           |
| 2012 | 5          | 40           |
| 2013 | 5          | 40           |
| 2014 | 10         | 40           |
| 2015 | 10         | 35           |
| 2016 | 10         | 45           |
| 2017 | 15         | 50           |
| 2018 | 20         | 60           |
| 2019 | 25         | 70           |
| 2020 | 30         | 90           |
| 2021 | 40         | 120          |
| 2022 | 60         | 160          |
| 2023 | 120        | 120          |
-------------------","Chart 1 - Type: Stacked Bar Chart, 
Description: This stacked bar chart displays the number of rocket body re-entries per year, categorized as 'Controlled' or 'Uncontrolled', from 1990 to 2023. The total height of each bar represents the sum of controlled and uncontrolled re-entries for that year. The last bar (2023) has a white outline, possibly indicating provisional or incomplete data. Overall, there's a significant increase in re-entries, particularly in recent years, with a notable rise in controlled re-entries in 2023. ,
Mark: Rectangular bars, 
Background: Solid, Dark Gray (#1A1A1A), 
Gridlines: Solid, Light Gray (#BBBBBB), 
Data Colors: ['#E60000', '#007FFF'], 
-------------------"
Mahir,103,The Wall Street Journal,https://www.youtube.com/watch?v=8yRmHoCtTg8,,,1,"to illustrate DOGE's claimed savings from contract and grant terminations as well as other areas including workforce reductions. ",02:16,02:33,Pie Chart,,"Emphasis - Annotation, Delineate, Fill color","DOGE's contract and grant terminations add up
to about $72 billion,
but that still leaves more than $100 billion
from other areas, with an untold number saved from,
quote, ""workforce reductions.""
A DOGE spokesperson didn't respond
to emails requesting comment.",https://youtu.be/8yRmHoCtTg8,"Chart 1 - Pie Chart
| Category | Value (%) |
|:---------------------------|----------:|
| CONTRACT TERMINATIONS      |     18.29 |
| GRANT TERMINATIONS         |     22.86 |
| Other Savings Categories   |     58.85 |
-------------------","Chart 1 - Type: Pie Chart,
Description: This pie chart illustrates the breakdown of ""DOGE SAVINGS,"" totaling $175B. It identifies specific savings from ""CONTRACT TERMINATIONS"" ($32B) and ""GRANT TERMINATIONS"" ($40B), with the remaining $103B attributed to ""Other Savings Categories"". These other categories, as described in the accompanying text box, include asset sales, contract/lease cancellations and renegotiations, fraud and improper payment deletion, grant cancellations, interest savings, programmatic changes, regulatory savings, and workforce reductions. The sum of all savings categories (32B + 40B + 103B = 175B) matches the stated ""Estimated Savings."" ,
Mark: Slices,
Background: Solid Black (#1E1E1E),
Gridlines: None,
Data Colors: ['Light Blue', 'Medium Blue', 'Black (with Red outline)'],
-------------------"
Mahir,104,The Wall Street Journal,https://www.youtube.com/watch?v=vbYIk5a4irQ,,,1,to illustrate the learning curve in manufacturing.,02:14,02:35,Line Chart,," Suspense- Gradual Reveal, Emphasis - Draw a circle, Draw an arrow","That quality gap
is because of the learning curve.
This is the classic one.
How long it took to build a B-17 plane during World War II.
When they started,
it took more than 140,000 labor hours to make one plane.
A year in, it took a third of that time.
- As you start producing more and more of a product,
you become much more efficient.
- And also, highly skilled.",https://youtu.be/vbYIk5a4irQ,"Chart 1 - Line Chart
| Year-Quarter | Actual Labor Hours (Blue) | Learning Curve (Yellow) |
|--------------|---------------------------|-------------------------|
| 1942-Q1      | 140000                    | 138000                  |
| 1942-Q2      | 70000                     | 128000                  |
| 1942-Q3      | 38000                     | 105000                  |
| 1942-Q4      | 25000                     | 90000                   |
| 1943-Q1      | 60000                     | 80000                   |
| 1943-Q2      | 45000                     | 70000                   |
| 1943-Q3      | 30000                     | 60000                   |
| 1943-Q4      | 23000                     | 52000                   |
| 1944-Q1      | 20000                     | 45000                   |
| 1944-Q2      | 17000                     | 40000                   |
| 1944-Q3      | 15000                     | 36000                   |
| 1944-Q4      | 13000                     | 32000                   |
| 1945-Q1      | 15000                     | 30000                   |
| 1945-Q2      | 18000                     | 28000                   |
-------------------","Chart 1 - Type: Line Chart, 
Description: A line chart titled ""LABOR HOURS TO MAKE ONE B-17"" displaying the labor hours required to manufacture a B-17 bomber over time from early 1942 to mid-1945. The X-axis represents time in quarters from 1942-Q1 to 1945-Q2, and the Y-axis represents labor hours ranging from 0 to 140,000. It features two lines: a blue line representing actual labor hours, which shows a steep initial decline, a significant peak in early 1943, and then a gradual decreasing trend with minor fluctuations; and a yellow line representing a theoretical learning curve, which shows a continuous and smooth decline in labor hours over the period, illustrating efficiency gains.
Mark: Line, 
Background: Dark Charcoal Grey (#262626), 
Gridlines: Solid, White (#FFFFFF), 
Data Colors: Blue (#2F9CFF), Yellow (#FDD835), 
-------------------"
Mahir,105,The Wall Street Journal,https://www.youtube.com/watch?v=vbYIk5a4irQ,,,2,"to illustrate the disparity in employment figures between the manufacturing sector (specifically doll, toy, and game) and the retail sector (specialized retailers of hobbies, games, and toys) within the United States. ",05:08,05:29,Bar Chart,," Suspense- Gradual Reveal, Comparison - Rescale","There's about 5,600 individuals employed
across all the doll, toy and game plants
in the United States.
In comparison, just its specialized retailers
that sell hobbies, games, and toys,
there's about 128,000 individuals employed in those stores.
- This is who will face the effects
of the tariffs,",https://youtu.be/vbYIk5a4irQ,"Chart 1 - Horizontal Bar Chart
| Industry                                | Employees |
| :-------------------------------------- | --------: |
| Doll, Toy and Game Manufacturing        | 12000     |
| Hobby, Toy and Game Retailers           | 130000    |
-------------------","Chart 1 - Type: Horizontal Bar Chart,
Description: A horizontal bar chart titled ""Employees by Industry"" displays the number of employees in two different sectors: Doll, Toy and Game Manufacturing and Hobby, Toy and Game Retailers, based on data from the U.S. Census, 2022. The X-axis represents the number of employees, and the Y-axis represents the industry categories.,
Mark: Horizontal Bar,
Background: Solid dark gray,
Gridlines: Solid light gray vertical lines,
Data Colors: Blue,
-------------------"
Mahir,106,The Wall Street Journal,https://www.youtube.com/watch?v=_eA5oEXEFlI,,,1,"to discuss the significant funding challenges facing the Rail Baltica project, even for its first phase.",05:05,05:27,Pie Chart,," Suspense- Gradual Reveal, Emphasis - Annotation","Rail Baltica representatives say they have already received
almost four and a half billion dollars,
85% of which comes from the EU,
but with the block's next financial period due
to start in 2028,
the project will have to reapply for funding.
Rail Baltica hopes to secure another
four and a half billion dollars,
but this would still leave an $8 billion funding gap.",https://youtu.be/_eA5oEXEFlI,"Chart 1 - Pie Chart
| Category | Value (BN) | Percentage |
|:--------------------|-----------:|-----------:|
| FUNDING GAP | 8.00 | 47.06 |
| MONEY RECEIVED | 1.00 | 5.88 |
| EU | 4.50 | 26.47 |
| EXPECTED AFTER 2028 | 3.50 | 20.59 |
-------------------","Chart 1 - Type: Pie Chart,
Description: A pie chart showing the breakdown of a total of $17BN for Phase 1 funding. The categories are ""FUNDING GAP"", ""MONEY RECEIVED"", ""EU"", and ""EXPECTED AFTER 2028"". The ""FUNDING GAP"" is explicitly labeled as $8BN. The ""EU"" slice is distinguished by blue stripes.
Mark: Arc,
Background: Natural landscape with trees and sky (aerial view),
Gridlines: None,
Data Colors: #d4d4d4 (FUNDING GAP), #ffff00 (MONEY RECEIVED), #3388ee (EU - blue stripes), #667c49 (EXPECTED AFTER 2028),
-------------------"
Mahir,107,The Wall Street Journal,https://www.youtube.com/watch?v=NxL8m6KT9sY,,,1,to illustrate the breakdown of cost of aviation industry,03:38,03:46,Pie Chart,," Suspense- Gradual Reveal, Emphasis - Annotation","The global aviation industry
has about $900 billion in annual expenses,
largely fuel, labor, equipment,
and various overhead costs.",https://youtu.be/NxL8m6KT9sY,"Chart 1 - Pie Chart
| Cost Item             | Percentage (%) |
| :-------------------- | :------------- |
| Aircraft Fuel         | 28.7           |
| Depreciation          | 9.1            |
| User Charges          | 4.5            |
| Station Expenses      | 7.1            |
| Passenger Services    | 6.4            |
| Ticketing and Sales   | 4.7            |
| Equipment Rentals     | 2.9            |
| Equipment Maintenance | 8.4            |
| Administrative        | 7.7            |
| Other Expenses        | 11.9           |
| Crew Salaries         | 8.6            |
-------------------","Chart 1 - Type: Pie Chart,
Description: A pie chart illustrating the percentage breakdown of various cost items for airlines, with ""Aircraft Fuel"" being the largest component. The data source is World Air Transport Statistics (WATS) 2022.
Mark: Slices,
Background: Dark blue with a subtle gradient and blurred light effects,
Gridlines: None,
Data Colors: [Light blue, Pale lavender/light purple-grey, Light grey/beige, Teal-ish light blue, Medium blue, Darker blue, Dark grey-brown, Dark teal/blue-green, Very dark blue/almost black, Medium grey, Dark blue],
-------------------"
Mahir,108,The Wall Street Journal,https://www.youtube.com/watch?v=G0OP525STto,,,1,to illustrate Live Nation's dominance as a global concert promoter.,05:47,06:02,Bar Chart,,"Emphasis - Fill color, Draw an arrow","According to Pollstar, Live Nation is by far
the largest global concert promoter today,
selling $7.5 billion worth of tickets in 2024,
which includes its acquisition of OCESA,
a Mexican concert promoter.
Live Nation estimates its global ticket revenue is higher,
at more than $10 billion.",https://youtu.be/G0OP525STto,"Chart 1 - Horizontal Bar Chart
| Promoter        | Grossing Revenue (Billions USD) |
| :-------------- | :------------------------------ |
| Live Nation     | 7.5                             |
| AEG Presents    | 6.5                             |
| Eventim Live    | 4.5                             |
| OCESA           | 1.8                             |
| CMN             | 1.3                             |
-------------------","Chart 1 - Type: Horizontal Bar Chart,
Description: This chart displays the top grossing promoters worldwide, showing their total revenue in billions of USD. The bars are ordered from highest to lowest revenue, with Live Nation being the top promoter.
Mark: Bar,
Background: Faint green with a subtle textured/speckled pattern,
Gridlines: Vertical, very faint light grey dashed lines,
Data Colors: #FDD835 (Yellow for Live Nation), #757575 (Dark Grey for AEG Presents), #A5D6A7 (Light Greenish Grey for Eventim Live), #2196F3 (Blue for OCESA), #9E9E9E (Medium Grey for CMN),
-------------------"
Mahir,109,The Wall Street Journal,https://www.youtube.com/watch?v=G0OP525STto,,,2,illustrates the significant increase in Live Nation's ticketing revenue since its merger with Ticketmaster in 2010.,06:57,07:05,"2, Line Chart, Line Chart",," Suspense- Gradual Reveal, Emphasis - Annotation","Ticketing revenue for Live Nation
has more than doubled since the merger in 2010.
At the same time, the average ticket prices
for a North American tour have also nearly doubled.",https://youtu.be/G0OP525STto,"Chart 1 - Line Chart
| Year | Revenue ($ Billion) |
|------|---------------------|
| 2010 | 0.9                 |
| 2011 | 1.1                 |
| 2012 | 1.2                 |
| 2013 | 1.3                 |
| 2014 | 1.4                 |
| 2015 | 1.5                 |
| 2016 | 1.05                |
| 2017 | 1.3                 |
| 2018 | 1.45                |
| 2019 | 1.45                |
| 2020 | 0.1                 |
| 2021 | 1.0                 |
| 2022 | 2.0                 |
| 2023 | 2.6                 |
| 2024 | 2.6                 |
-------------------
Chart 2 - Line Chart
| Year | Average Ticket Price ($) |
|------|--------------------------|
| 2014 | 65                       |
| 2015 | 67                       |
| 2016 | 70                       |
| 2017 | 72                       |
| 2018 | 85                       |
| 2019 | 90                       |
| 2020 | 85                       |
| 2021 | 58                       |
| 2022 | 105                      |
| 2023 | 120                      |
| 2024 | 122                      |
-------------------","Chart 1 - Type: Line Chart, 
Description: This chart displays Live Nation's ticketing revenue in billions of dollars from 2010 to 2024. Revenue shows a general upward trend until 2019, a sharp drop in 2020, and a significant recovery and growth thereafter. The source is Live Nation, with a note about restated figures.
Mark: Line, 
Background: Light green with subtle light grey speckles/texture, 
Gridlines: Solid, light grey, 
Data Colors: ['#4A4A4A'] (dark grey), 
-------------------
Chart 2 - Type: Line Chart, 
Description: This chart illustrates the average ticket price for North American tours in U.S. dollars from 2014 to 2024. Prices generally increased, experienced a dip in 2021, and then resumed an upward trend. The source is Pollstar.
Mark: Line, 
Background: Light green with subtle light grey speckles/texture, 
Gridlines: Solid, light grey, 
Data Colors: ['#4A4A4A'] (dark grey), 
-------------------"
Mahir,110,The Wall Street Journal,https://www.youtube.com/watch?v=JV5VtyBDLDg,,,1,to show how FED's increased interest rate decision impacted on unemployment rate,05:33,05:43,"2, Line Chart, Line Chart",," Suspense- Gradual Reveal, Emphasis - Draw a circle, Comparison - Shrink","and he raised interest rates, a lot, to nearly 20 percent.
Unemployment skyrocketed and rose above 10 percent,
and people blamed the Fed.",https://youtu.be/JV5VtyBDLDg,"Chart 1 - Line Chart
| Year | Rate (%) |
| :--- | :------- |
| 1976 | 4.5      |
| 1977 | 5.0      |
| 1978 | 7.0      |
| 1979 | 10.0     |
| 1980 | 16.0     |
| 1981 | 19.5     |
| 1982 | 14.0     |
| 1983 | 9.5      |
| 1984 | 11.5     |
| 1985 | 8.0      |
| 1986 | 7.0      |
-------------------
Chart 2 - Line Chart
| Year | Rate (%) |
| :--- | :------- |
| 1976 | 7.5      |
| 1977 | 7.0      |
| 1978 | 6.0      |
| 1979 | 6.0      |
| 1980 | 7.5      |
| 1981 | 8.5      |
| 1982 | 9.5      |
| 1983 | 10.5     |
| 1984 | 7.5      |
| 1985 | 7.0      |
| 1986 | 6.5      |
-------------------","Chart 1 - Type: Line Chart, 
Description: This chart displays the Federal Funds Rate in percentage from 1976 to 1986, showing a significant increase in the late 1970s and early 1980s, peaking around 1981, followed by a decline. A specific data point around 1981 is highlighted with a yellow circle, indicating a peak value. The data source is the Board of Governors of the Federal Reserve System.
Mark: Line, circled peak, 
Background: Dark black with white text labels, 
Gridlines: Solid, white, 
Data Colors: Blue
-------------------
Chart 2 - Type: Line Chart, 
Description: This chart illustrates the Unemployment Rate in percentage from 1976 to 1986, showing an initial decrease, then a sharp increase in the early 1980s, peaking around 1983, followed by a decline. A specific data point around 1983 is highlighted with a yellow circle, indicating a peak value. The data source is the U.S. Bureau of Labor Statistics.
Mark: Line, circled peak, 
Background: Dark black with white text labels, 
Gridlines: Solid, white, 
Data Colors: Goldenrod
-------------------"
Mahir,111,The Wall Street Journal,https://www.youtube.com/watch?v=JV5VtyBDLDg,,,2," to emphasize the aggressive and unconventional actions taken to pump money into the economy and prevent a second Great Depression.",06:44,07:13,"2, Line Chart, Area Chart",," Suspense- Gradual Reveal, Emphasis - Annotation, Cohering - Zoom Out","Those bold measures included things
the Fed had never done before, like dropping interest rates
to near zero for the first time.
In addition to managing the currency
and circulation and the occasional treasury security,
it started loaning money, a lot of money to non-banks.
It also got into new markets,
buying things like mortgage securities,
all this to pump money into the economy.
This got the Fed even more involved in parts
of the financial system,
beyond just currency and interest rates.",https://youtu.be/JV5VtyBDLDg,"Chart 1 - Line Chart
| Year | Federal Funds Rate (%) |
|---|---|
| 2004 | 0.8 |
| 2005 | 3.5 |
| 2006 | 5.0 |
| 2007 | 4.8 |
| 2008 | 2.0 |
| 2009 | 0.1 |
| 2010 | 0.1 |
| 2011 | 0.1 |
| 2012 | 0.1 |
| 2013 | 0.1 |
| 2014 | 0.1 |
| 2015 | 0.2 |
| 2016 | 0.5 |
| 2017 | 1.2 |
| 2018 | 2.2 |
| 2019 | 2.0 |
| 2020 | 0.1 |
-------------------
Chart 2 - Diverging Stacked Area Chart
| Year | U.S. Treasury Securities (Assets, $T) | Mortgage-Backed Securities (Assets, $T) | Other (Assets, $T) | Currency in Circulation (Liabilities, $T) | Reserves (Liabilities, $T) | Other (Liabilities, $T) |
|---|---|---|---|---|---|---|
| 2005 | 0.8 | 0.0 | 0.1 | 0.7 | 0.0 | 0.2 |
| 2008 | 0.7 | 0.0 | 0.1 | 0.8 | 0.0 | 0.1 |
| 2010 | 1.0 | 0.8 | 0.2 | 0.9 | 1.0 | 0.2 |
| 2012 | 1.6 | 1.5 | 0.2 | 1.1 | 2.0 | 0.2 |
| 2014 | 2.4 | 1.7 | 0.2 | 1.3 | 2.8 | 0.2 |
| 2016 | 2.4 | 1.7 | 0.2 | 1.4 | 2.6 | 0.3 |
| 2018 | 2.1 | 1.5 | 0.2 | 1.6 | 2.0 | 0.2 |
| 2020 | 2.5 | 1.5 | 0.2 | 1.8 | 2.2 | 0.2 |
-------------------","Chart 1 - Type: Line Chart, 
Description: This chart displays the Federal Funds Rate over time from 2004 to early 2020, showing periods of increase, decrease, and sustained low rates. A shaded vertical band indicates a recession period.
Mark: Line, 
Background: Solid dark gray (#1A1A1A), 
Gridlines: Solid light gray horizontal lines, 
Data Colors: Blue, 
-------------------
Chart 2 - Type: Diverging Stacked Area Chart, 
Description: This chart illustrates the Federal Reserve's balance sheet, separating assets (above the zero line) and liabilities (below the zero line) from 2005 to early 2020. Assets include U.S. Treasury Securities, Mortgage-Backed Securities, and Other assets, while liabilities include Currency in Circulation, Reserves, and Other liabilities. Values are in trillions of dollars.
Mark: Area, 
Background: Solid dark gray (#1A1A1A), 
Gridlines: Solid light gray horizontal lines, 
Data Colors: Assets: Green (U.S. Treasury Securities), Blue (Mortgage-Backed Securities), Red (Other); Liabilities: Green (Currency in Circulation), Blue (Reserves), Red (Other), 
-------------------"
Mahir,112,The Wall Street Journal,https://www.youtube.com/watch?v=1oOk9JqVhBw,,,1,"to emphasize the latest situation of the US economic policy uncertainty index ",00:00,00:07,Line Chart,," Suspense- Gradual Reveal, Emphasis - Annotation, Zoom in, Draw a circle"," This chart measures the amount of uncertainty
over America's economic policies.
And as you can see,
there's currently a lot.",https://youtu.be/1oOk9JqVhBw,"Chart 1 - Line Chart
| Year | Uncertainty Index |
|---|---|
| 2000 | 50 |
| 2001 | 220 |
| 2002 | 70 |
| 2003 | 50 |
| 2004 | 40 |
| 2005 | 80 |
| 2006 | 50 |
| 2007 | 80 |
| 2008 | 250 |
| 2009 | 100 |
| 2010 | 120 |
| 2011 | 200 |
| 2012 | 100 |
| 2013 | 140 |
| 2014 | 80 |
| 2015 | 120 |
| 2016 | 180 |
| 2017 | 100 |
| 2018 | 80 |
| 2019 | 120 |
| 2020 | 450 |
| 2021 | 200 |
| 2022 | 100 |
| 2023 | 70 |
| 2024 | 150 |
| 2025 | 400 |
-------------------","Chart 1 - Type: Line Chart,
Description: This chart displays the U.S. Economic Policy Uncertainty Index from 2000 to 2025, based on a four-week moving average. It highlights significant peaks corresponding to events like the Sept. 11 Terrorist Attacks, Global Financial Crisis, and COVID-19 Pandemic.,
Mark: Line,
Background: Dark gray/black,
Gridlines: Solid, light gray, horizontal,
Data Colors: Bright blue/cyan,
-------------------"
Mahir,113,The Wall Street Journal,https://www.youtube.com/watch?v=1oOk9JqVhBw,,,2,"to illustrate the probability of a recession over the next 12 months, according to a Wall Street Journal survey of 64 economists highlighting probability had climbed to 45%",00:59,01:11,Line Chart,," Suspense- Gradual Reveal, Emphasis - Annotation","The survey found that the probability of a recession
had climbed to 45% over the next 12 months,
still lower than the 60%
expected in the years prior.
In those instances,
no recession ever materialized.",https://youtu.be/1oOk9JqVhBw,"Chart 1 - Line Chart
| Year           | Likelihood (%) |
| :------------- | -------------: |
| 2023           |             60 |
| '24            |             27 |
| '25            |             20 |
| April Survey   |             45 |
-------------------","Chart 1 - Type: Line Chart, 
Description: This chart illustrates the ""Likelihood of Recession in Next 12 Months"" based on the average response from the Wall Street Journal's survey of economists. It tracks the predicted likelihood across years (2023, '24, '25) and highlights a recent ""April Survey"" data point. The likelihood initially trends downwards from 2023 to 2025, then shows a sharp increase for the April Survey. ,
Mark: Line, with an explicit circle marker for the latest data point (""April Survey"")., 
Background: Solid dark gray with a subtle gradient., 
Gridlines: Solid, light gray., 
Data Colors: Teal (for the line), White (for the April Survey annotation line and circle)., 
-------------------"
Mahir,114,The Wall Street Journal,https://www.youtube.com/watch?v=1oOk9JqVhBw,,,3,to visually represents the definition of a recession and illustrate the relation of unemployment rate and recession.,01:24,01:37,Line Chart,," Suspense- Gradual Reveal, Emphasis - Highlight a range","A recession is marked
when there are two quarters
of negative gross domestic product.
Technically recessions are declared
by the National Bureau of Economic Research.
It considers an array of economic indicators,
like employment, spending and industrial production.",https://youtu.be/1oOk9JqVhBw,"Chart 1 - Line Chart
| Year | Unemployment Rate (%) |
|------|-----------------------|
| 1950 | 6.0 |
| 1951 | 3.0 |
| 1953 | 2.5 |
| 1954 | 5.8 |
| 1955 | 4.0 |
| 1958 | 7.0 |
| 1960 | 5.5 |
| 1961 | 6.8 |
| 1965 | 4.5 |
| 1969 | 3.5 |
| 1970 | 5.0 |
| 1971 | 6.0 |
| 1973 | 4.5 |
| 1975 | 8.8 |
| 1978 | 5.8 |
| 1980 | 7.5 |
| 1982 | 10.0 |
| 1985 | 7.0 |
| 1989 | 5.0 |
| 1990 | 5.5 |
| 1991 | 7.0 |
| 1995 | 5.5 |
| 1999 | 4.0 |
| 2000 | 4.0 |
| 2001 | 5.0 |
| 2003 | 6.0 |
| 2005 | 5.0 |
| 2007 | 4.5 |
| 2009 | 9.5 |
| 2010 | 9.0 |
| 2015 | 5.0 |
| 2019 | 3.5 |
| 2020 | 14.0 |
| 2021 | 5.5 |
| 2022 | 3.7 |
| 2023 | 3.6 |
| 2025 | 3.5 |
-------------------","Chart 1 - Type: Line Chart, 
Description: This chart displays the Unemployment Rate in the US from 1950 to 2023, with projections or current trend extending to 2025. Vertical gray bars indicate periods of recession as declared by the National Bureau of Economic Research (NBER). The chart illustrates the cyclical nature of unemployment, often peaking during recessions.,
Mark: Line, 
Background: Dark Gray/Black, 
Gridlines: Solid, Light Gray, 
Data Colors: Bright Cyan Blue, 
-------------------"
Mahir,115,The Wall Street Journal,https://www.youtube.com/watch?v=1oOk9JqVhBw,,,4,"to illustrate the Federal Reserve's preferred inflation gauge, the core PCE index, and how it has changed over time and to demonstrate that while the index had retreated from recent peaks in 2022, it still remains above the Fed's 2% target.",02:55,03:08,Line Chart,," Suspense- Gradual Reveal, Emphasis - Annotation, Comparison - Add a benchmark line","The Fed's preferred inflation gauge,
known as the Core PCE Index,
was 2.8% higher year over year in February.
That's a steady retreat from recent peaks in 2022,
but still remains above its 2% target.",https://youtu.be/1oOk9JqVhBw,"Chart 1 - Line Chart
| Time Period | PCE Price Index (%) |
|-------------|--------------------|
| 2019-Jan    | 1.5                |
| 2019-Apr    | 1.8                |
| 2019-Jul    | 1.7                |
| 2019-Oct    | 1.5                |
| 2020-Jan    | 1.0                |
| 2020-Apr    | 0.2                |
| 2020-Jul    | 0.8                |
| 2020-Oct    | 1.2                |
| 2021-Jan    | 1.6                |
| 2021-Apr    | 3.0                |
| 2021-Jul    | 4.5                |
| 2021-Oct    | 4.9                |
| 2022-Jan    | 5.2                |
| 2022-Apr    | 5.4                |
| 2022-Jul    | 5.0                |
| 2022-Oct    | 4.8                |
| 2023-Jan    | 4.2                |
| 2023-Apr    | 3.2                |
| 2023-Jul    | 2.8                |
| 2023-Oct    | 2.4                |
| 2024-Jan    | 2.0                |
| 2024-Apr    | 2.2                |
| 2024-Jul    | 2.1                |
| 2024-Oct    | 2.0                |
| 2025-Jan    | 2.8                |
-------------------","Chart 1 - Type: Line Chart,
Description: A line chart titled ""CORE PERSONAL-CONSUMPTION EXPENDITURES PRICE INDEX"" displays the percentage change over time from early 2019 to early 2025. The index shows an initial stable period, a dip in mid-2020, a significant rise reaching a peak of approximately 5.4% in mid-2022, followed by a gradual decline and stabilization around 2% by late 2024, before ending at an explicitly marked 2.8% in early 2025. A horizontal dashed line at 2% serves as a reference point.
Mark: Line, Circle (for the final data point annotation),
Background: Solid dark gray/black,
Gridlines: Solid white horizontal lines at -2%, 0%, 2%, 4%, 6%, 8%. A dashed white horizontal line at 2%.
Data Colors: Teal/Cyan (main data line), White (final point marker, annotation line, gridlines),
-------------------"
Mahir,116,The Wall Street Journal,https://www.youtube.com/watch?v=ugjhVHcYbMU,,,1," to highlight the growing financial impact of Apple Pay on Apple's services revenue, specifically showing a significant increase in this estimated revenue between 2020 and 2022 ",02:18,02:35,"2, Pie Chart, Bar Chart",," Suspense- Gradual Reveal, Emphasis - Fill color","These apple collects from Apple pay only make up About 1 of the company's revenue
from services that includes things like the App Store,
Apple music and icloud.
But that number is growing.
It's estimated that the amount Apple pay collected nearly doubled between
2020 and 2022.",https://youtu.be/ugjhVHcYbMU,"Chart 1 - Pie Chart
| Category | Percentage |
| :---------------- | :--------- |
| Apple Pay | 1% |
| App Store | 40% |
| Licensing/Google | 20% |
| Apple Music | 16% |
| iCloud | 13% |
| iTunes | 6% |
| AppleCare | 4% |
-------------------
Chart 2 - Bar Chart
| Year | Revenue ($ million) |
| :--- | :------------------ |
| 2015 | 120 |
| 2016 | 140 |
| 2017 | 180 |
| 2018 | 230 |
| 2019 | 300 |
| 2020 | 380 |
| 2021 | 520 |
| 2022 | 720 |
-------------------","Chart 1 - Type: Pie Chart,
Description: This pie chart shows the estimated breakdown of Apple's services revenue by different service categories.,
Mark: Slices,
Background: Solid, Light Blue,
Gridlines: None,
Data Colors: Red-orange, Dark Teal-Blue, Medium Blue, Light Blue, Dark Purple, Medium Purple, Light Pink-Purple
-------------------
Chart 2 - Type: Bar Chart,
Description: This bar chart illustrates the estimated revenue generated by Apple Pay over the years from 2015 to 2022.,
Mark: Bars,
Background: Solid, Light Blue,
Gridlines: Solid, Gray,
Data Colors: Purple, Orange
-------------------"
Mahir,117,The Wall Street Journal,https://www.youtube.com/watch?v=S7dWigI7Soc,,,1,to illustrate the scenario of contactless card acceptance by retailers,05:23,05:30,Bar Chart,," Suspense- Gradual Reveal","In 2022, about 55% of merchants said
they accepted tap-to-pay,
with others saying they were planning on implementing it.",https://youtu.be/S7dWigI7Soc,"Chart 1 - Horizontal Bar Chart
| Category                         | Value (%) |
| :------------------------------- | :-------- |
| Currently offer                  | 55        |
| In discovery/proof-of-concept    | 25        |
| Plan to adopt within 12 months   | 9         |
| Considering adopting             | 6         |
| No current plans to adopt        | 2         |
| Not applicable to our business   | 3         |
-------------------","Chart 1 - Type: Horizontal Bar Chart,
Description: This chart illustrates the percentage breakdown of retailers based on their current status regarding the acceptance of contactless payments in 2022.,
Mark: Horizontal Bar,
Background: Dark purple/blue gradient with subtle abstract patterns,
Gridlines: None,
Data Colors: Pink, Purple,
-------------------"
Mahir,118,The Wall Street Journal,https://www.youtube.com/watch?v=qFUuUzZNznY,,,1,"to illustrate the significant growth of Marriott's hotels over the past 20 years, visually supporting the claim that Marriott has more than tripled in size since shifting away from owning real estate.",00:11,00:17,Bar Chart,," Suspense- Gradual Reveal, Emphasis - Draw an arrow","Over the past 20 years,
Marriott has more than tripled in size.
And we can trace this boom back to a decision Marriott made",https://youtu.be/qFUuUzZNznY,"Chart 1 - Bar Chart
| Year | Number of Properties |
|---|---|
| 2004 | 2150 |
| 2005 | 2200 |
| 2006 | 2350 |
| 2007 | 2550 |
| 2008 | 2750 |
| 2009 | 2950 |
| 2010 | 3150 |
| 2011 | 3350 |
| 2012 | 3500 |
| 2013 | 3650 |
| 2014 | 3900 |
| 2015 | 4200 |
| 2016 | 5500 |
| 2017 | 6000 |
| 2018 | 6400 |
| 2019 | 6900 |
| 2020 | 7200 |
| 2021 | 7500 |
| 2022 | 7800 |
| 2023 | 8200 |
-------------------","Chart 1 - Type: Bar Chart,
Description: This chart displays the annual number of Marriott International properties from 2004 to 2023, represented by goldenrod bars. An overlaid thick green line with an arrow visually emphasizes the consistent upward growth trend in the number of properties over this period. The source of the data is Marriott International.
Mark: Rectangular bars,
Background: Gradient from dark green at the top to light green at the bottom,
Gridlines: Solid, light grey horizontal lines,
Data Colors: Goldenrod (bars), Bright Green (trend line),
-------------------"
Mahir,119,The Wall Street Journal,https://www.youtube.com/watch?v=qFUuUzZNznY,,,2,"to demonstrates how Hilton, and Hyatt have expanded significantly over the past years, indicating that they are following a similar business strategy of growth by not owning most of their properties.",00:39,00:46,Bar Chart,," Suspense- Gradual Reveal","And you can see the same happening
for competitors like Hilton, and now Hyatt,
because they're also following a similar playbook.",https://youtu.be/qFUuUzZNznY,"Chart 1 - Stacked Bar Chart
| Year | Hilton | Hyatt |
|------|--------|-------|
| 2010 | 2950   | 300   |
| 2011 | 3050   | 350   |
| 2012 | 3150   | 400   |
| 2013 | 3350   | 450   |
| 2014 | 3500   | 500   |
| 2015 | 3850   | 550   |
| 2016 | 4250   | 600   |
| 2017 | 4600   | 650   |
| 2018 | 5000   | 700   |
| 2019 | 5350   | 750   |
| 2020 | 5750   | 850   |
| 2021 | 6150   | 900   |
-------------------","Chart 1 - Type: Stacked Bar Chart, 
Description: A stacked bar chart illustrating the number of hotel properties for Hilton and Hyatt from 2010 to 2021. Each bar represents a year, with the total height indicating the combined properties, and the segments showing individual company counts.,
Mark: Rectangular bars, 
Background: Solid light green with subtle texture, 
Gridlines: Solid light grey horizontal lines, 
Data Colors: ['#D2AA00', '#568E2F'], 
-------------------"
Mahir,120,The Wall Street Journal,https://www.youtube.com/watch?v=042pDj9FJ7Y,,,1,to illustrate the growth of private label sales compared to national brands and how the private label brand Kirkland Signature become a bigger brand than some renowned national brands.,06:46,07:03,"3, Bar Chart, Bar Chart, Bar Chart",," Suspense- Gradual Reveal","While national brands
are still a bigger industry than private labels,
in 2024, sales for private labels like Kirkland
grew about four times faster than the national brands,
hitting a record high
and with $86 billion in sales last year,
Kirkland is now a bigger brand than Proctor and Gamble
and Kraft Heinz.",https://youtu.be/042pDj9FJ7Y,"Chart 1 - Grouped Bar Chart
| Category        | Year   | Sales ($ Billion) |
| :-------------- | :----- | :---------------- |
| Private Labels  | FY2023 | 210               |
| Private Labels  | FY2024 | 220               |
| National Brands | FY2023 | 890               |
| National Brands | FY2024 | 900               |
-------------------
Chart 2 - Bar Chart
| Category        | Growth (%) |
| :-------------- | :--------- |
| Private Labels  | 3.8        |
| National Brands | 0.85       |
-------------------
Chart 3 - Horizontal Bar Chart
| Company           | 2024 Annual Sales ($ Billion) |
| :---------------- | :---------------------------- |
| Kirkland Signature | 85                            |
| Procter & Gamble  | 83                            |
| Kraft Heinz       | 25                            |","Chart 1 - Type: Grouped Bar Chart,
Description: This chart illustrates the dollar sales per year (FY2023 and FY2024) for Private Labels and National Brands, indicating significantly higher sales for National Brands.
Mark: Vertical Bar,
Background: Light gray with subtle grain texture,
Gridlines: Thin solid dark gray horizontal lines,
Data Colors: ['#4CAF50', '#4CAF50', '#5DADE2', '#5DADE2']
-------------------
Chart 2 - Type: Bar Chart,
Description: This chart shows the percentage growth in dollar sales from FY2023 to FY2024 for Private Labels and National Brands, highlighting higher growth for Private Labels.
Mark: Vertical Bar,
Background: Light gray with subtle grain texture,
Gridlines: Thin solid dark gray horizontal lines,
Data Colors: ['#4CAF50', '#5DADE2']
-------------------
Chart 3 - Type: Horizontal Bar Chart,
Description: This chart presents the 2024 annual sales figures for Kirkland Signature, Procter & Gamble, and Kraft Heinz in billions of dollars.
Mark: Horizontal Bar,
Background: Light gray with subtle grain texture,
Gridlines: Thin solid dark gray vertical lines,
Data Colors: ['#4CAF50', '#5DADE2', '#708090']"
Mahir,121,The Wall Street Journal,https://www.youtube.com/watch?v=_-eHOSq3oqI,,,1,"to  illustrate the increase in US chicken exports to West Germany before the ""Chicken War""",00:16,00:23,Bar Chart,," Suspense- Gradual Reveal","Midway through 1962, US farmers were on track
to sell more than $50 million worth, half a billion
in today's money.",https://youtu.be/_-eHOSq3oqI,"Chart 1 - Bar Chart
| Year | Sales ($ Million) |
|------|-------------------|
| 1958 | 2.0               |
| 1959 | 11.0              |
| 1960 | 22.0              |
| 1961 | 34.0              |
| 1962 | 44.0              |
| 1963 | 0.0               |
-------------------","Chart 1 - Type: Bar Chart,
Description: This bar chart displays the US chicken sales to West Germany in millions of dollars from 1958 to 1963. The value for 1962 is specifically marked as ""PROJECTED"". Sales show a consistent increase until 1962, with no sales recorded for 1963. The source is ""Walker, Dispute Settlement: The Chicken War"". The chart is presented by WSJ 2024.
Mark: Vertical bars (rectangles),
Background: Solid dark gray,
Gridlines: Solid white horizontal lines,
Data Colors: Blue,
-------------------"
Mahir,122,The Wall Street Journal,https://www.youtube.com/watch?v=_-eHOSq3oqI,,,2,to illustrate the impact of tariffs on washing machine prices,02:10,02:15,Bar Chart,," Suspense- Gradual Reveal, Emphasis - Highlight a range","After the tariffs, not only did the price
of imported washing machines go up,
so did the ones made in the US.",https://youtu.be/_-eHOSq3oqI,"Chart 1 - Bar Chart
| Brand     | Price Change Eight Months After Tariffs (%) |
| :-------- | :------------------------------------------ |
| SAMSUNG   | 17.0                                        |
| LG        | 13.0                                        |
| MAYTAG    | 12.5                                        |
| GE        | 4.5                                         |
| WHIRLPOOL | 12.5                                        |
-------------------","Chart 1 - Type: Bar Chart,
Description: This bar chart illustrates the percentage price change for various washing machine brands eight months after tariffs were implemented. The Y-axis represents the percentage price increase, and the X-axis lists the brand names. A semi-transparent gray rectangle highlights ""IMPORTED"" brands (SAMSUNG and LG).,
Mark: Rectangle (with washing machine overlay),
Background: Dark gray (#2D2D2D) with a lighter gray semi-transparent background for ""IMPORTED"" section (#6B6B6B66),
Gridlines: Solid white horizontal lines,
Data Colors: Bright blue (#0084FF),
-------------------"
Mahir,123,The Wall Street Journal,https://www.youtube.com/watch?v=_-eHOSq3oqI,,,3,to illustrate the indirect price increase of related goods due to tariffs,02:28,02:36,Bar Chart,," Suspense- Gradual Reveal, Emphasis - Highlight a range, Comparison - Move aside, Shrink","And it wasn't just washers.
Dryers went up in price too,
even though they weren't part of the tariffs.
- Usually it's the case, if you buy a washer,
you buy a dryer.",https://youtu.be/_-eHOSq3oqI,"Chart 1 - Clustered Bar Chart
| Brand     | Product | Price Change (%) |
|-----------|---------|------------------|
| SAMSUNG   | WASHERS | 16.5             |
| SAMSUNG   | DRYERS  | 9.5              |
| LG        | WASHERS | 12.5             |
| LG        | DRYERS  | 11.5             |
| MAYTAG    | WASHERS | 13.5             |
| MAYTAG    | DRYERS  | 18.5             |
| GE        | WASHERS | 4.5              |
| GE        | DRYERS  | 10.5             |
| WHIRLPOOL | WASHERS | 12.0             |
| WHIRLPOOL | DRYERS  | 13.5             |
-------------------","Chart 1 - Type: Clustered Bar Chart, 
Description: This chart illustrates the percentage price change for various appliance brands (Samsung, LG, Maytag, GE, Whirlpool) for both washers and dryers, eight months after tariffs were implemented. The ""IMPORTED"" label above Samsung and LG suggests these brands were primarily impacted by the tariffs. Washers are represented by blue bars, and dryers by orange/gold bars. The Y-axis represents the percentage price change.
Mark: Bar (shaped as a washer or dryer appliance), 
Background: Solid dark grey, 
Gridlines: Solid thin light grey horizontal lines, 
Data Colors: Blue, Orange/Gold, 
-------------------"
Mahir,124,The Wall Street Journal,https://www.youtube.com/watch?v=_-eHOSq3oqI,,,4,to show the historical data of tariffed imports and how trump is planning to suddenly increase it dramatically.,05:38,05:48,Line Chart,," Suspense- Gradual Reveal, Emphasis - Annotation","Tariff policy is kind of old.
Even by the chicken war,
they were only imposed on around 7% of US imports.
Trump's plan for a second term
is to bring them back dramatically.",https://youtu.be/_-eHOSq3oqI,"Chart 1 - Line Chart
| Year | Value (%) |
|------|-----------|
| 1895 | 23        |
| 1900 | 20        |
| 1905 | 24        |
| 1910 | 28        |
| 1915 | 23        |
| 1920 | 27        |
| 1925 | 18        |
| 1930 | 10        |
| 1933 | 5         |
| 1937 | 13        |
| 1940 | 16        |
| 1945 | 14        |
| 1950 | 10        |
| 1955 | 6         |
| 1960 | 4         |
| 1965 | 7         |
| 1970 | 5         |
| 1975 | 3         |
| 1980 | 2         |
| 1985 | 2         |
| 1990 | 2         |
| 1995 | 2         |
| 2000 | 2         |
| 2005 | 2         |
| 2010 | 2         |
| 2015 | 3         |
| 2020 | 1         |
| 2023 | 2         |
| 2025 | 18        |
-------------------","Chart 1 - Type: Line Chart, 
Description: This chart displays the ""Value of Imports"" as ""Tariffed Imports"" over time. A blue line represents historical data from approximately 1895 to 2023, showing fluctuations with a general downward trend over the long term. A distinctive ""Trump Proposal"" for 2025 is illustrated as a separate blue bar, suggesting a significant projected increase in tariffed imports. An image of a chicken is annotated around the 1965 data point. The y-axis indicates percentages from 0% to 30%, and the x-axis spans years from 1900 to 2025. The source is ""U.S. INTERNATIONAL TRADE COMMISSION, TAX FOUNDATION"".
Mark: Line (for historical data), Bar (for 2025 proposal), 
Background: Dark gray, 
Gridlines: Horizontal, solid, light gray, 
Data Colors: Blue, 
-------------------"
Mahir,125,The Wall Street Journal,https://www.youtube.com/watch?v=_-eHOSq3oqI,,,5,"to show the US revenue sources and how tariifs is only a small portion of that and to illustrate China's significant investment in manufacturing and its position as the world's largest exporter. ",07:00,07:27,"3, Pie Chart, Line Chart, Bar Chart, ",," Suspense- Gradual Reveal, Emphasis - Annotation","about 5% of what the federal government
currently brings in with taxes. So if tariffs are harmful, always harmful even
to the economy, why is Trump so focused on them?
In the last 20 years,
China has gotten aggressive investing in manufacturing
to become the world's largest exporter.
Even today, they invest more than any other country.
It has let them export things like steel
and aluminum at below market values.
That coupled with numerous trade rule violations-",https://youtu.be/_-eHOSq3oqI,"Chart 1 - Pie Chart
| Source                      | Value (Trillions USD) | Percentage |
| :-------------------------- | :-------------------- | :--------- |
| INDIVIDUAL INCOME TAX       | 2.129                 | 48.5%      |
| SOCIAL SECURITY, MEDICARE TAXES | 1.471                 | 33.5%      |
| CORPORATE TAXES             | 0.483                 | 11.0%      |
| EXCISE TAXES                | 0.176                 | 4.0%       |
| TARIFFS                     | 0.088                 | 2.0%       |
| TRUMP'S PROPOSED TARIFFS    | 0.044                 | 1.0%       |

-------------------

Chart 2 - Line Chart
| Year | China (%) | United States (%) |
| :--- | :-------- | :---------------- |
| 1980 | 0.5       | 12.0              |
| 1985 | 0.8       | 11.0              |
| 1990 | 1.5       | 11.5              |
| 1995 | 2.8       | 12.0              |
| 2000 | 4.5       | 12.5              |
| 2005 | 9.5       | 10.5              |
| 2010 | 13.0      | 8.0               |
| 2015 | 17.5      | 7.0               |
| 2020 | 17.8      | 6.5               |

-------------------

Chart 3 - Bar Chart
| Country     | Spending (Billion USD) |
| :---------- | :--------------------- |
| CHINA       | 325                    |
| UNITED STATES | 75                     |
| JAPAN       | 20                     |
| GERMANY     | 15                     |
| FRANCE      | 10                     |
| SOUTH KOREA | 5                      |

-------------------","Chart 1 - Type: Pie Chart, 
Description: This chart illustrates the breakdown of U.S. revenue sources, totaling $4.39 Trillion, categorizing contributions from various taxes and proposed tariffs.
Mark: Arc segments, 
Background: Solid dark gray, 
Gridlines: None, 
Data Colors: Blue (various shades), Orange, Dark Gray
-------------------
Chart 2 - Type: Line Chart, 
Description: This chart displays the trends in the share of world manufacturing exports for China and the United States from 1980 to 2020, with several other countries shown as lighter grey lines in the background.
Mark: Line, 
Background: Solid dark gray, 
Gridlines: Solid, light gray horizontal lines, 
Data Colors: Orange, Blue, Gray
-------------------
Chart 3 - Type: Bar Chart, 
Description: This chart compares industrial policy spending by selected countries in 2019, highlighting China as the highest spender among the listed nations.
Mark: Bar, 
Background: Solid dark gray, 
Gridlines: Solid, light gray horizontal lines, 
Data Colors: Orange, Blue
-------------------"
Mahir,126,The Guardian,https://www.youtube.com/watch?v=sqiE9Mmbvtw&list=PLa_1MA_DEorEhUu6kn-zvtvNNrEgtnAg6&index=2,,,1,to highlight the disproportionate impact of inadequate indoor plumbing on communities of color in the United States,00:47,00:56,Bar Chart,,Suspense - Gradual Reveal,"Black and Latino households are nearly twice  as likely to lack indoor plumbing as white ones.
Native Americans nearly 19 times more likely.",https://youtu.be/sqiE9Mmbvtw,"Chart 1 - Horizontal Bar Chart
| Category        | Value (households per 1,000) |
| :-------------- | :--------------------------- |
| White           | 3                            |
| Black/Latino    | 5                            |
| Native American | 58                           |
-------------------","Chart 1 - Type: Horizontal Bar Chart,
Description: This chart illustrates the disproportionate impact of lacking indoor plumbing on communities of color, showing the number of households per 1,000 that do not have indoor plumbing, broken down by racial/ethnic groups. The data indicates significantly higher rates among Native American households compared to White and Black/Latino households. The source of the data is the US Water Alliance.,
Mark: Horizontal Bar,
Background: Light Grey,
Gridlines: None,
Data Colors: Dark Blue,
-------------------"
Mahir,129,The Guardian,https://www.youtube.com/watch?v=hi830ZpGGec&list=PLa_1MA_DEorEhUu6kn-zvtvNNrEgtnAg6&index=3,,,1,"to illustrate the significant increase in CO2 emissions from the Hardin generating station after it was revived by Marathon, a bitcoin mining company",02:36,02:54,Bar Chart,,Suspense - Gradual Reveal,"In 2020, as the power plant clung on, it operated for just under 50 days of the year.
But in the first nine months of 2021  alone, the plant fired up on 236 separate days.
This resulted in it emitting 187,000  tons of co2 in the second quarter of 2021.",https://youtu.be/hi830ZpGGec,"Chart 1 - Bar Chart
| Year | Boiler operating days |
|---|---|
| 2019 | 78 |
| 2020 | 50 |
| 2021 | 236 |
-------------------","Chart 1 - Type: Bar Chart, 
Description: This chart illustrates the number of boiler operating days for three consecutive years: 2019, 2020, and 2021. The data indicates a significant increase in operating days in 2021 compared to the previous two years. The overall image also includes a headline of ""Boiler operating days"" and a prominent statistic ""187,000 TONS OF CO2"" associated with an industrial building emitting smoke, suggesting CO2 emissions related to the boiler operations.,
Mark: Rectangular bars, 
Background: Gradient from light blue-grey at the top to reddish-orange at the bottom, overlaid with repeating white outline lightning bolt patterns. A monochrome illustration of an industrial power plant with a smoking chimney is present in the foreground., 
Gridlines: None, 
Data Colors: Dark grey (for 2019 and 2020 bars), Red (for 2021 bar), 
-------------------"
Mahir,130,The Guardian,https://www.youtube.com/watch?v=5YN7RQgUVEo&list=PLa_1MA_DEorEhUu6kn-zvtvNNrEgtnAg6&index=5,,,1,"to illustrate despite increased efforts England's stalled recycling rates, that missed its national target of recycling 50% of its waste by 2020.",00:14,00:23,Line Chart,,Suspense - Gradual Reveal," England missed  its national target of recycling
50% of its waste by 2020  as rates stalled at 45% in 2017.",https://youtu.be/5YN7RQgUVEo,"Chart 1 - Line Chart
| Year | Recycling Rate (%) |
|------|--------------------|
| 2011 | 42.3               |
| 2012 | 43.7               |
| 2013 | 44.1               |
| 2014 | 44.6               |
| 2015 | 44.3               |
| 2016 | 45.0               |
| 2017 | 45.7               |
| 2018 | 45.2               |
| 2019 | 45.9               |
-------------------","Chart 1 - Type: Line Chart, 
Description: This chart displays the recycling rate of waste from households in England over time, from 2011 to 2019. It also indicates a ""NATIONAL RECYCLING TARGET FOR 2020"" set at 45%, shown as a dashed red line. The actual recycling rate is depicted by a solid blue line. The Y-axis represents the percentage recycling rate, and the X-axis represents the year.
Mark: Line (for data), Dashed Line (for target), 
Background: Light pink chart area with an overlaid background image of recycled materials; the top section is a solid red bar, 
Gridlines: Horizontal, solid, light pink, and a prominent dashed red line at 45%, 
Data Colors: Blue (for recycling rate line), Red (for target line), 
-------------------"
Mahir,131,The Guardian,https://www.youtube.com/watch?v=5YN7RQgUVEo&list=PLa_1MA_DEorEhUu6kn-zvtvNNrEgtnAg6&index=5,,,2,"to show that only plastic waste is required to be included in CO2 emission reports, not all the other recyclable materials that are also burned",03:13,03:27,Bar Chart,,"Suspense - Gradual Reveal, Track, Comparison - Move aside, Assemble","The C02 numbers reported
for waste incineration is only required to include  plastic not all the other recycling that gets  
burned with it.
So C02 emissions for incineration  are most likely even higher than reported.",https://youtu.be/5YN7RQgUVEo,"Chart 1 - Horizontal Bar Chart
| Waste Stream | CO2e Released (tonnes) |
| :--------------------------------- | :--------------------- |
| Plastics | 1.73 |
| Textiles inc. footwear | 1.18 |
| Wood | 1.05 |
| Food, garden, soil, other organic waste | 0.70 |
| Mixed paper and card | 0.55 |
| Glass | 0.03 |
-------------------","Chart 1 - Type: Horizontal Bar Chart,
Description: This chart illustrates the gross CO2e released per tonne of various waste streams when processed through incineration. The horizontal bars represent different waste categories, and their length corresponds to the amount of CO2e released, measured in tonnes, as indicated by the x-axis.
Mark: Horizontal bars,
Background: Top section (Plastics) has a white background, bottom section (other waste streams) has a light pink background,
Gridlines: Vertical, thin, light grey, solid lines,
Data Colors: Blue, Orange,
-------------------"
Mahir,132,The Guardian,https://www.youtube.com/watch?v=-PQEP3wdVo0&list=PLa_1MA_DEorEhUu6kn-zvtvNNrEgtnAg6&index=7,,,1,"to illustrate the impact of the ""just-in-time"" system on Toyota's capital. ",01:08,01:15,Line Chart,,"Suspense - Gradual Reveal, Emphasis - Highlight a range","The results were spectacular, Just in time increased
Toyota's profits and freed up enormous amounts  of capital that had been tied up in expensive warehousing.",https://youtu.be/-PQEP3wdVo0,"Chart 1 - Line Chart
| Year | Sales (YEN) |
|------|-------------|
| 1950 | 50000       |
| 1955 | 100000      |
| 1960 | 250000      |
| 1965 | 450000      |
| 1970 | 750000      |
| 1975 | 1500000     |
| 1980 | 3800000     |
| 1982 | 4150000     |
-------------------","Chart 1 - Type: Line Chart, 
Description: This chart illustrates the Toyota Motor Sales in YEN over the period from 1950 to 1982. It depicts a steady increase in sales, with a particularly sharp acceleration observed from the mid-1970s onwards, exceeding 4 million YEN by 1982.,
Mark: Line, 
Background: Blurred grayscale industrial/factory scene with yellow patterned vertical bars on the left and right sides., 
Gridlines: Solid white horizontal lines, 
Data Colors: Yellow, 
-------------------"
Mahir,133,TLDR News,https://www.youtube.com/watch?v=oag6Ucw8MQg,,,1,to illustrate the polling percentages for various political parties in the UK.,00:09,00:19,Line Chart,,Suspense - Gradual Reveal,"Not only is his Labour party
more than 10 points behind Nigel
Farage's Reform UK, but in the last
week, they've also dipped below the
Conservatives in the polls for the first
time since 2021.",https://youtu.be/oag6Ucw8MQg,"Chart 1 - Line Chart
| Date      | REF. (%) | CON. (%) | LAB. (%) | GRE. (%) | LIB. (%) |
| :-------- | :------- | :------- | :------- | :------- | :------- |
| JUL. 2024 | 15.0     | 22.0     | 36.0     | 8.0      | 12.0     |
| OCT. 2024 | 20.0     | 26.0     | 31.0     | 8.0      | 12.0     |
| JAN. 2025 | 26.0     | 24.0     | 26.0     | 8.5      | 12.5     |
| APR. 2025 | 29.0     | 20.0     | 23.0     | 9.0      | 14.0     |
| JUL. 2025 | 30.0     | 18.0     | 21.0     | 9.5      | 14.0     |
| OCT. 2025 | 29.5     | 19.0     | 19.5     | 14.0     | 13.0     |
-------------------","Chart 1 - Type: Line Chart,
Description: This chart displays Westminster voting intention as an aggregate of all polls, showing the trend for five political parties (Reform UK, Conservative, Labour, Green, and Liberal Democrats) from July 2024 to October 2025. The Y-axis represents the percentage of voting intention, and the X-axis represents the date. The chart illustrates shifts in public support for each party over time, with some parties seeing an increase while others decline.,
Mark: Smooth line,
Background: Light gray with subtle texture (noise pattern),
Gridlines: Solid, Light Gray,
Data Colors: [Cyan, Blue, Red, Green, Orange],
-------------------"
Mahir,134,TLDR News,https://www.youtube.com/watch?v=oag6Ucw8MQg,,,2,to illustrates Keir Starmer's unfavorability ratings among voters,01:19,01:29,Bar Chart,,"Ellipsis - Desaturate, Emphasis - Annotation, Draw an arrow","According to analysis by
The Guardian, Starmmer is now one of the
most unpopular leaders in the Western
world and has presided over the largest
drop in the polls of any governing party
in their first year. ",https://youtu.be/oag6Ucw8MQg,"Chart 1 - Horizontal Bar Chart
| Leader                  | Role              | Net Favourability Rating |
| :---------------------- | :---------------- | :----------------------- |
| Donald Trump            | US president      | -11                      |
| Mette Frederiksen       | Danish PM         | -16                      |
| Giorgia Meloni          | Italian PM        | -22                      |
| Friedrich Merz          | German chancellor | -30                      |
| Pedro Sánchez           | Spanish PM        | -31                      |
| Keir Starmer            | British PM        | -47                      |
| Emmanuel Macron         | French president  | -55                      |
-------------------","Chart 1 - Type: Horizontal Bar Chart, 
Description: This horizontal bar chart displays the latest net favourability ratings of several international leaders among voters in their respective countries. The leaders are listed on the left, and their favourability ratings (negative values) are represented by the length of the bars, with the numerical value explicitly shown at the end of each bar. One bar, for Keir Starmer, is highlighted in red to draw attention, accompanied by an annotation about ""LARGEST DROP IN THE POLLS OF ANY GOVERNING PARTY IN THEIR FIRST YEAR"". The chart is titled ""LATEST NET FAVOURABILITY RATINGS OF LEADERS AMONG VOTERS IN THEIR RESPECTIVE COUNTRIES"" and sourced from ""THE GUARDIAN"".,
Mark: Bar, 
Background: Light grey with a subtle texture, 
Gridlines: None, 
Data Colors: Light Grey, Dark Red, 
-------------------"
Mahir,136,TLDR News,https://www.youtube.com/watch?v=UEE6mJSZPBE,,,1," to illustrate the average wage to average house price ratio over the last 75 years in the UK.",02:05,02:25,Bar Chart,,Suspense - Gradual Reveal,"More
specifically, if we have a look at the
average wage to average house price
ratio over the last 75 years, it
generally stood at between four and six.
Meaning the average house generally cost
between 4 and 6 times the average wage.
In 2024, though, the average house in
the UK costs 7.7 times the average
salary, rising to 11 in London.",https://youtu.be/UEE6mJSZPBE,"Chart 1 - Line Chart
| Year | Multiple of Earnings |
|------|----------------------|
| 1960 | 4.0 |
| 1961 | 4.0 |
| 1962 | 4.1 |
| 1963 | 4.3 |
| 1964 | 4.6 |
| 1965 | 4.8 |
| 1966 | 4.8 |
| 1967 | 4.7 |
| 1968 | 4.7 |
| 1969 | 4.8 |
| 1970 | 4.9 |
| 1971 | 5.0 |
| 1972 | 5.3 |
| 1973 | 6.2 |
| 1974 | 5.2 |
| 1975 | 4.2 |
| 1976 | 4.2 |
| 1977 | 4.3 |
| 1978 | 4.5 |
| 1979 | 4.8 |
| 1980 | 4.9 |
| 1981 | 4.6 |
| 1982 | 4.3 |
| 1983 | 4.1 |
| 1984 | 4.3 |
| 1985 | 4.6 |
| 1986 | 5.0 |
| 1987 | 5.6 |
| 1988 | 6.3 |
| 1989 | 5.6 |
| 1990 | 4.9 |
| 1991 | 4.3 |
| 1992 | 4.2 |
| 1993 | 4.3 |
| 1994 | 4.5 |
| 1995 | 4.6 |
| 1996 | 4.9 |
| 1997 | 5.3 |
| 1998 | 5.7 |
| 1999 | 6.2 |
| 2000 | 6.8 |
| 2001 | 7.4 |
| 2002 | 8.0 |
| 2003 | 8.5 |
| 2004 | 8.4 |
| 2005 | 8.1 |
| 2006 | 7.2 |
| 2007 | 7.1 |
| 2008 | 7.5 |
| 2009 | 7.2 |
| 2010 | 7.4 |
| 2011 | 7.9 |
| 2012 | 8.2 |
| 2013 | 8.4 |
| 2014 | 8.5 |
| 2015 | 8.5 |
| 2016 | 8.6 |
| 2017 | 9.0 |
| 2018 | 8.5 |
| 2019 | 8.1 |
| 2020 | 7.7 |
-------------------","Chart 1 - Type: Line Chart, 
Description: This chart illustrates the trend of house prices as a multiple of average earnings from 1960 to 2020, showing significant fluctuations and an overall upward trend. The data source is Bank of England, Land Registry, ONS. ,
Mark: Line, 
Background: Light Gray, 
Gridlines: Solid Gray, 
Data Colors: [Red], 
-------------------"
Mahir,137,TLDR News,https://www.youtube.com/watch?v=UEE6mJSZPBE,,,2,to show how home ownership has become less accessible for younger generations,02:39,02:57,Line Chart,,Suspense - Gradual Reveal,"Back in 1994, just under 60% of
those aged 25 to 34 owned their own
homes. But by 2022, this had fallen to
around 40%. For under 25s, the home
ownership rate dropped from 24% in the
early 2000s to just 10% in 2023.",https://youtu.be/UEE6mJSZPBE,"Chart 1 - Line Chart
| Year | 25 - 34 (%) | UNDER 25 (%) |
|------|-------------|--------------|
| 1994 | 56.5        | 0.0          |
| 1996 | 57.0        | 0.0          |
| 1998 | 57.5        | 0.0          |
| 2000 | 56.5        | 0.0          |
| 2002 | 55.0        | 24.5         |
| 2004 | 52.0        | 22.0         |
| 2006 | 48.0        | 19.0         |
| 2008 | 44.0        | 17.0         |
| 2010 | 38.0        | 15.0         |
| 2012 | 34.5        | 13.0         |
| 2014 | 33.0        | 11.0         |
| 2016 | 34.0        | 10.0         |
| 2018 | 36.0        | 9.0          |
| 2020 | 37.5        | 9.5          |
| 2022 | 39.0        | 10.0         |
-------------------","Chart 1 - Type: Line Chart, 
Description: This line chart displays the home ownership rates of working-age adults across two age groups (25-34 and Under 25) from 1994 to 2022. The data shows a general decline in home ownership rates for both groups over this period, with the 25-34 group consistently having higher rates than the Under 25 group. The ""Under 25"" data is only visible starting from 2002. The Y-axis represents the home ownership rate in percentage, and the X-axis represents the years.
Mark: Circles connected by lines, 
Background: Light grey, solid, 
Gridlines: Horizontal, thin, light grey, solid, 
Data Colors: Pink, Blue, 
-------------------"
Mahir,139,TLDR News,https://www.youtube.com/watch?v=UEE6mJSZPBE,,,4,"to show that while the share of workers on low pay has decreased significantly for other age groups between 2015 and 2024, low pay remains a significant issue for 16 to 24-year-olds",07:54,08:11,Bar Chart,,Ellipsis - Desaturate,"The Resolution
Foundation found that while the share of
workers on low pay, which is defined as
hourly pay, that's only 2/3 of the
median, fell significantly among other
age groups between 2015 and 2024. But
low pay is still prevalent among 16 to
24 year olds.",https://youtu.be/UEE6mJSZPBE,"Chart 1 - Grouped Horizontal Bar Chart
| Category                  | 2015 (%) | 2024 (%) |
| :------------------------ | :------- | :------- |
| All                       | 20       | 10       |
| Men                       | 16       | 8        |
| Women                     | 22       | 11       |
| Age 16-24                 | 58       | 18       |
| Age 25-34                 | 20       | 10       |
| Age 35-44                 | 16       | 8        |
| Age 45-54                 | 12       | 6        |
| Age 55-64                 | 10       | 5        |
| East Midlands             | 20       | 9        |
| Wales                     | 22       | 11       |
| North East                | 24       | 12       |
| East                      | 18       | 8        |
| South West                | 20       | 9        |
| West Midlands             | 21       | 10       |
| North West                | 22       | 11       |
| Yorks. & Humber           | 23       | 11       |
| South East                | 17       | 8        |
| Scotland                  | 18       | 9        |
| London                    | 12       | 6        |
| Full-time                 | 18       | 9        |
| Part-time                 | 28       | 14       |
| Hospitality               | 59       | 20       |
| Manufacturing             | 16       | 8        |
| Water & sewerage          | 8        | 4        |
| Construction              | 10       | 5        |
| Retail & wholesale        | 36       | 18       |
| Transport & storage       | 26       | 13       |
| Info. & communication     | 8        | 4        |
| Finance                   | 5        | 2        |
| Real estate               | 10       | 5        |
| Professional services     | 8        | 4        |
| Admin. & support services | 22       | 11       |
| Public admin. & defense   | 5        | 2        |
| Education                 | 10       | 5        |
| Health & social work      | 16       | 8        |
| Leisure                   | 18       | 9        |
| Other service activities  | 20       | 10       |
-------------------","Chart 1 - Type: Grouped Horizontal Bar Chart,
Description: This chart illustrates the proportion of employees with hourly pay below two-thirds of the median, comparing data from 2015 and 2024. The data is segmented across various categories including demographics (gender, age), regions, employment types, and industries.,
Mark: Bar,
Background: Dark Grey,
Gridlines: White, Solid, Vertical,
Data Colors: Blue (for 2015, with a vibrant shade for highlighted bars and a faded shade for others), Red (for 2024, with a vibrant shade for highlighted bars and a faded shade for others),
-------------------"
Mahir,140,TLDR News,https://www.youtube.com/watch?v=s8VeXTWtwSg,,,1,to illustrate the sudden increase in net migration to the UK,00:08,00:32,Line Chart,,"Suspense - Gradual Reveal, Emphasis - Draw an arrow, Annotation","going from a
prepandemic average of about 700,000
people to a peak of over 1.4 million in
2023. At the same time, the number of
people immigrating actually fell
slightly, which meant that net
migration, that is the number of people
coming into the UK minus those leaving,
essentially quintupled from a pre-
pandemic average of 200,000 to nearly a
million in 2023.",https://youtu.be/s8VeXTWtwSg,"Chart 1 - Multi-Line Chart
| Date    | IMMIGRATION (Millions) | EMIGRATION (Millions) | NET MIGRATION (Millions) |
| :------ | :--------------------- | :-------------------- | :----------------------- |
| JUN 2013 | 0.62                   | 0.48                  | 0.16                     |
| JUN 2015 | 0.76                   | 0.52                  | 0.28                     |
| JUN 2017 | 0.78                   | 0.50                  | 0.28                     |
| JUN 2019 | 0.86                   | 0.62                  | 0.28                     |
| JUN 2021 | 0.60                   | 0.58                  | 0.02                     |
| JUN 2023 | 1.466                  | 0.543                 | 0.923                    |
-------------------","Chart 1 - Type: Multi-Line Chart, 
Description: This chart displays UK migration statistics, including Immigration, Emigration, and Net Migration, measured in millions, from June 2013 to June 2023. Immigration and Emigration trends show fluctuations, with Immigration experiencing a significant increase towards 2023. Net Migration, calculated as Immigration minus Emigration, also shows a sharp rise in the latter period after a low point around June 2021.
Mark: Line, 
Background: Light grey/off-white with a subtle texture, 
Gridlines: Thin light grey horizontal and vertical lines, 
Data Colors: Green (IMMIGRATION), Red (EMIGRATION), Blue (NET MIGRATION), 
-------------------"
Mahir,141,TLDR News,https://www.youtube.com/watch?v=s8VeXTWtwSg,,,2,to show the significant plummet in net migration to the UK,00:37,00:46,Line Chart,,"Suspense - Gradual Reveal, Ellipsis - Desaturate, Emphasis - Draw an arrow","On
Thursday, the Office for National
Statistics or ONS published its latest
data showing that net migration in the
UK had plummeted by 2/3 in the year to
June",https://youtu.be/s8VeXTWtwSg,"Chart 1 - Line Chart
| Year | Immigration (Millions) | Emigration (Millions) | Net Migration (Millions) |
| :--- | :--------------------- | :-------------------- | :----------------------- |
| JUN 2013 | 0.62 | 0.46 | 0.16 |
| JUN 2015 | 0.70 | 0.48 | 0.22 |
| JUN 2017 | 0.78 | 0.56 | 0.22 |
| JUN 2019 | 0.84 | 0.62 | 0.22 |
| JUN 2021 | 0.72 | 0.52 | 0.04 |
| JUN 2023 | 1.48 | 0.56 | 0.94 |
| JUN 2025 | 0.88 | 0.68 | 0.28 |
-------------------","Chart 1 - Type: Line Chart, 
Description: This line chart displays UK migration statistics in millions, illustrating trends for Immigration, Emigration, and Net Migration from June 2013 to provisional estimates for June 2025. The shaded (dashed) lines for Immigration and Net Migration from 2023 onwards represent ONS' provisional estimates. A black arrow highlights a general downward trend in Net Migration from its peak in 2023 towards 2025. The Y-axis represents values in millions, ranging from 0.0 to 1.6.,
Mark: Line, 
Background: Light grey with subtle grid pattern, 
Gridlines: Faint grey, dashed, 
Data Colors: Light Green, Pink, Teal, 
-------------------"
Mahir,142,TLDR News,https://www.youtube.com/watch?v=s8VeXTWtwSg,,,3,to visually represent the sharp decline in net migration to the UK and illustrate that it has returned to pre-Brexit levels.,01:33,01:59,Line Chart,,"Suspense - Gradual Reveal, Emphasis - Draw an arrow, Annotation","in the
year to June 2025, net migration to the
UK was 204,000
people. That's about 2/3 lower than net
migration in the previous year to June
2024, which stood at 649,000
and a drop of nearly 80% since net
migration peaked at 944,000
in the year to March 2023, meaning net
migration is back to around pre-rexit
levels.",https://youtu.be/s8VeXTWtwSg,"Chart 1 - Line Chart
| Date | Net Migration (Millions) |
|---|---|
| JUN 2013 | 0.15 |
| DEC 2013 | 0.20 |
| JUN 2014 | 0.25 |
| DEC 2014 | 0.22 |
| JUN 2015 | 0.28 |
| DEC 2015 | 0.25 |
| JUN 2016 | 0.33 |
| DEC 2016 | 0.25 |
| JUN 2017 | 0.20 |
| DEC 2017 | 0.26 |
| JUN 2018 | 0.30 |
| DEC 2018 | 0.20 |
| JUN 2019 | 0.28 |
| DEC 2019 | 0.18 |
| JUN 2020 | 0.05 |
| DEC 2020 | 0.08 |
| JUN 2021 | 0.30 |
| DEC 2021 | 0.65 |
| JUN 2022 | 0.90 |
| OCT 2022 | 0.944 |
| JUN 2023 | 0.80 |
| OCT 2023 | 0.649 |
| JUN 2024 | 0.40 |
| OCT 2024 | 0.204 |
| JUN 2025 | 0.20 |
-------------------","Chart 1 - Type: Line Chart, 
Description: This chart displays UK Net Migration Statistics in millions from June 2013 to June 2025. It illustrates a fluctuating period of net migration from 2013 to late 2020, followed by a significant sharp increase starting around the ""End of the EU Transition Period"" (late 2020/early 2021). Net migration peaked at 944,000 in Q4 2022, after which it is projected to gradually decline, with provisional estimates shown by a dashed line, reaching 204,000 by Q4 2024. The Y-axis represents values in millions.
Mark: Thick Line (solid for historical data, dashed for provisional estimates), Circle (for annotated data points), 
Background: Light grey textured background, 
Gridlines: Thin, light grey, dashed horizontal lines, 
Data Colors: Cyan/Teal, 
-------------------"
Mahir,143,TLDR News,https://www.youtube.com/watch?v=s8VeXTWtwSg,,,4,"to break down the components of net migration, specifically illustrating the decrease of total immigration and increase of total emigration.",02:02,02:22,Line Chart,,"Suspense - Gradual Reveal, Emphasis -  Annotation","we can see the total
immigration, i.e. the number of people
moving to the UK, fell to 898,000
people in the year to June. A decrease
of 401,000 people from the previous
year, while total immigration, i.e.
people leaving the UK, rose to 693,000,
an increase of 43,000.",https://youtu.be/s8VeXTWtwSg,"Chart 1 - Line Chart
| Year     | Immigration (Millions) | Emigration (Millions) | Net Migration (Millions) |
| :------- | :--------------------- | :-------------------- | :----------------------- |
| JUN 2013 | 0.62                   | 0.48                  | 0.14                     |
| JUN 2014 | 0.70                   | 0.44                  | 0.26                     |
| JUN 2015 | 0.75                   | 0.48                  | 0.27                     |
| JUN 2016 | 0.78                   | 0.53                  | 0.25                     |
| JUN 2017 | 0.72                   | 0.50                  | 0.22                     |
| JUN 2018 | 0.78                   | 0.52                  | 0.26                     |
| JUN 2019 | 0.82                   | 0.56                  | 0.26                     |
| JUN 2020 | 0.65                   | 0.48                  | 0.17                     |
| JUN 2021 | 1.00                   | 0.58                  | 0.42                     |
| JUN 2022 | 1.30                   | 0.55                  | 0.75                     |
| JUN 2023 | 1.48                   | 0.60                  | 0.95                     |
| JUN 2024 | 1.20                   | 0.65                  | 0.55                     |
| JUN 2025 | 0.898                  | 0.693                 | 0.204                    |
-------------------","Chart 1 - Type: Line Chart,
Description: This chart displays UK migration statistics, specifically Immigration, Emigration, and Net Migration, in millions, annually from June 2013 to June 2025. The data for June 2024 and June 2025 are represented by dashed lines and are provisional estimates by the ONS.,
Mark: Line (with Circle annotations for final provisional estimates),
Background: White to very light gray gradient,
Gridlines: Solid, light gray,
Data Colors: Green, Red, Cyan Blue,
-------------------"
Mahir,145,TLDR News,https://www.youtube.com/watch?v=s8VeXTWtwSg,,,6,to show that the current drop in net migration isn't solely a result of recent government actions but also a continuation of an existing trend and the impact of earlier policy changes.,04:29,04:49,Line Chart,,"Ellipsis - Desaturate, Emphasis - Draw an arrow, Annotation,","For starters, net migration
had already been falling from its 2023
peak, driven, according to ONS, by
increasing immigration, especially of
students who were leaving after arriving
in large numbers post pandemic. But more
significantly, the most recent declines
are largely consequence of reforms
introduced by the last Conservative
government in early 2024,",https://youtu.be/s8VeXTWtwSg,"Chart 1 - Multi-Line Chart
| Year (Jun) | Immigration (Millions) | Emigration (Millions) | Net Migration (Millions) |
|:-----------|-----------------------:|----------------------:|-------------------------:|
| 2013       | 0.62                   | 0.46                  | 0.16                     |
| 2015       | 0.76                   | 0.50                  | 0.26                     |
| 2017       | 0.78                   | 0.54                  | 0.24                     |
| 2019       | 0.80                   | 0.60                  | 0.20                     |
| 2021       | 0.60                   | 0.48                  | 0.08                     |
| 2023       | 1.48                   | 0.58                  | 0.95                     |
| 2025       | 0.88                   | 0.68                  | 0.22                     |
-------------------","Chart 1 - Type: Multi-Line Chart,
Description: This chart displays UK migration statistics in millions, illustrating trends for Immigration, Emigration, and Net Migration from June 2013 to June 2025. The data for June 2025 are provisional estimates, indicated by shaded/dashed lines.,
Mark: Line segments,
Background: White with subtle texture,
Gridlines: Light grey dashed/dotted lines,
Data Colors: Green, Red, Blue
-------------------"
Shadikur,200,Vox,Why your favorite movies fake their locations,,,1,To highlight scale differences in population sizes through comparison.,04:57,05:10,Bar Chart,,"Emphasis, Compare and highlight a range","New York City has a population of 8 million.
Vancouver has just over 700,000 people.
Langley, a municipality of Vancouver
that's about as Hallmark as you can get, has a population
that's just under 30,000.",https://youtu.be/ZGk-rH_zcPE,"Chart 1 - Horizontal Bar Chart
| City      | Population |
|:----------|:-----------|
| NYC       | 8000000    |
| Vancouver | 702000     |
| Langley   | 28963      |
-------------------","Chart 1 - Type: Horizontal Bar Chart, 
Description: This chart compares the approximate populations of three cities: NYC, Vancouver, and Langley. The population values are displayed on each bar. NYC has the largest population by far, followed by Vancouver, and then Langley.,
Mark: Horizontal Bars, 
Background: Light beige with a subtle texture, 
Gridlines: Dashed light grey vertical lines, 
Data Colors: ['Dark green'], 
-------------------"
Shadikur,201,Vox,Why every restaurant has the same desserts,,,1,Explain how restaurants structure menus for profit.,01:29,01:58,Bar Chart,,"Emphasis, Suspens Compare and highlight a range","When priced right, the entrees will bring in the most profit.
And it's not really a secret that drinks are relatively cheap
to make and easy to upcharge.
Both alcoholic and nonalcoholic.
And people will often pay that multiple times
throughout a meal.
But outside of drinks and entrees,
it's not so easy to make money.
Look at appetizers, for example, with an average profit
margin all the way down at 22%.
Luckily, if you're savvy, there are ways to work
appetizers into a menu and recoup the cost.
So what people try to do
is like what we call cross utilization of product.",https://youtu.be/VtTLUnH5vps,"Chart 1 - Bar Chart
| Category          | Average Profit Margin (%) |
| :---------------- | :------------------------ |
| Unknown Category 1 | 22                        |
| Unknown Category 2 | 24                        |
| Unknown Category 3 | 30                        |
| Unknown Category 4 | 29                        |
| Entrees           | 35                        |
| Unknown Category 5 | 22                        |
-------------------","Chart 1 - Type: Bar Chart,
Description: A bar chart illustrating the average profit margins in restaurants for several categories. The 'Entrees' category shows the highest profit margin, highlighted in green, while other categories are shown in light blue/gray.,
Mark: Rectangular bars,
Background: Light cream/yellow with a subtle grid pattern,
Gridlines: Thin, horizontal, light gray lines,
Data Colors: ['Light Blue/Gray', 'Lime Green'],
-------------------"
Shadikur,202,vox,Exactly how Trump could ban abortion,,,1,To persuade by highlighting majority public support for legal abortion.,09:55,10:11,Bar Chart,,"Emphasis, Suspens Compare and highlight a range","As of April 2024,
almost two thirds of Americans say
abortion should be legal in all or most cases.
We really don't want a national abortion ban.
But opponents of abortion
don't need Americans to agree with them.",https://youtu.be/3tz2BUuzTmE,"Chart 1 - Bar Chart
| Opinion | Percentage |
| :------ | :--------- |
| YES     | 63%        |
| NO      | 37%        |
-------------------","Chart 1 - Type: Bar Chart,
Description: This bar chart displays public opinion on whether abortion should be legal in all or most cases, as surveyed by Pew Research Center in April 2024. The 'YES' bar represents the percentage of respondents who agree, and the 'NO' bar represents those who disagree.,
Mark: Bar,
Background: Solid light beige/cream color,
Gridlines: Thin dashed light gray horizontal lines,
Data Colors: Yellow, Red,
-------------------"
Shadikur,203,vox,"Why ""pop-up"" restaurants are everywhere now",,,1,To highlight rapid growth trends by emphasizing the surge in pop-up restaurant openings over time.,00:35,00:45,Bar Chart,,Suspens Compare and highlight a range,"In 2022, there were 105%
more temporary restaurants, or pop-ups, than there were in 2021.
And in 2023, there were 155% more than in 2022.",https://youtu.be/SoP_lJ0FWoc,"Chart 1 - Horizontal Bar Chart
| Category           | Percentage Increase |
| :----------------- | :------------------ |
| Pop-ups            | 148                 |
| Dessert shops      | 60                  |
| Shaved ice         | 65                  |
| Pancakes           | 45                  |
| Waffles            | 40                  |
| Creperies          | 38                  |
| Ice cream & fro-yo | 20                  |
| Donuts             | 15                  |
| Modern European    | 0                   |
| Teppanyaki         | 0                   |
-------------------","Chart 1 - Type: Horizontal Bar Chart,
Description: This chart visualizes the percentage increase in national restaurant openings by category, comparing data from 2023 to 2022, sourced from the Yelp State of the Restaurant Industry Report 2024. The X-axis represents the percentage increase, while the Y-axis lists different restaurant categories. ""Pop-ups"" show the highest growth. ""Modern European"" and ""Teppanyaki"" categories appear to have negligible or zero percentage increase.
Mark: Rectangle,
Background: Light gray to white gradient with a subtle diagonal stripe pattern,
Gridlines: Dashed, light gray vertical lines,
Data Colors: Red, Light Pink, Light Gray
-------------------"
Shadikur,204,Vox,https://www.youtube.com/watch?v=alNHhdWD,,,1,To highlight a sudden spike in homicide rates by extending the timeline,02:20,02:28,Line chart,,"Suspense- Gradual Reveal, Emphasis - Draw a circle to highlighting, Comparison ","because murder is almost always reported.
Now, right now, this chart ends in 2019.
Add 2020, and we see murder spike.",https://youtu.be/alNHhdWD,"Chart 1 - Line Chart
| Year | Homicide Rate per 100,000 |
|:-----|:--------------------------|
| 2000 | 5.4                       |
| 2001 | 5.5                       |
| 2002 | 5.6                       |
| 2003 | 5.5                       |
| 2004 | 5.6                       |
| 2005 | 5.7                       |
| 2006 | 5.4                       |
| 2007 | 5.0                       |
| 2008 | 4.7                       |
| 2009 | 4.5                       |
| 2010 | 4.7                       |
| 2011 | 4.5                       |
| 2012 | 4.4                       |
| 2013 | 4.3                       |
| 2014 | 4.5                       |
| 2015 | 4.9                       |
| 2016 | 5.2                       |
| 2017 | 5.4                       |
| 2018 | 5.0                       |
| 2019 | 4.8                       |
| 2020 | 6.5                       |
-------------------","Chart 1 - Type: Line Chart, 
Description: This line chart displays the US homicide rate per 100,000 people from the year 2000 to 2020, sourced from FBI and Jeff Asher. It illustrates fluctuations over the period, with a significant increase observed in 2020. The final data points from 2019 to 2020 are highlighted by a hand-drawn red circle.,
Mark: Line, 
Background: Solid light beige/off-white, 
Gridlines: Thin light gray horizontal, 
Data Colors: Red, 
-------------------"
Shadikur,205,vox,https://www.youtube.com/watch?v=alNHhdWD,,,2,"To explain perception bias by showing that Americans consistently believe crime is increasing, regardless of actual trends.",03:29,03:44,Line Chart,,"Suspense- Gradual Reveal, Emphasis, Comparison and highlight a range ","And their data on how people have answered it over that time
gives us a clue on how to interpret it.
Because it turns out, with the exception of like two years,
a majority of Americans have always said
that crime is higher than it was last year.",https://youtu.be/alNHhdWD,"Chart 1 - Line Chart
| Year | Percentage |
|------|------------|
| 1990 | 83         |
| 1991 | 84         |
| 1992 | 88         |
| 1993 | 88         |
| 1994 | 85         |
| 1995 | 78         |
| 1996 | 71         |
| 1997 | 65         |
| 1998 | 58         |
| 1999 | 51         |
| 2000 | 50         |
| 2001 | 45         |
| 2002 | 41         |
| 2003 | 49         |
| 2004 | 52         |
| 2005 | 58         |
| 2006 | 52         |
| 2007 | 60         |
| 2008 | 68         |
| 2009 | 71         |
| 2010 | 68         |
| 2011 | 73         |
| 2012 | 69         |
| 2013 | 75         |
| 2014 | 69         |
| 2015 | 65         |
| 2016 | 65         |
| 2017 | 70         |
| 2018 | 60         |
| 2019 | 65         |
| 2020 | 70         |
| 2021 | 78         |
| 2022 | 74         |
| 2023 | 77         |
-------------------","Chart 1 - Type: Line Chart,
Description: This line chart, sourced from Gallup, illustrates the percentage of people in the US who believe there is more crime now than a year ago, tracking data from 1990 to 2023. The line generally shows a downward trend from 1993 to 2002, with a notable dip into the low 40s during 2001-2002, before fluctuating and generally trending upwards from 2018 onwards. The line's color changes from yellow to red during the 2000-2003 period, possibly highlighting a specific range or sentiment. The overall trend suggests varying public perception regarding crime rates over more than three decades.,
Mark: Line,
Background: Dark Charcoal Gray (plot area), Light Beige with subtle grid pattern (overall image),
Gridlines: Horizontal, faint light gray, solid lines,
Data Colors: Yellow, Red,
-------------------"
Shadikur,206,vox,https://www.youtube.com/watch?v=alNHhdWD,,,3,To highlight perception gaps by contrasting national crime fear with lower concern about local crime.,04:26,04:35,Line Chart,,"Suspense- Gradual Reveal, Emphasis, Comparison and highlight the line","Crime is out of control.
Where crime is
But not where I am.
But... somewhere.
That “somewhere” was partly the subject of Hannah's research interviews,
",https://youtu.be/alNHhdWD,"Chart 1 - Line Chart
| Year | In the US (%) | In my area (%) |
|---|---|---|
| 2000 | 60 | 13 |
| 2001 | 58 | 12 |
| 2002 | 55 | 10 |
| 2003 | 48 | 8 |
| 2004 | 42 | 9 |
| 2005 | 48 | 12 |
| 2006 | 57 | 14 |
| 2007 | 54 | 13 |
| 2008 | 50 | 12 |
| 2009 | 59 | 13 |
| 2010 | 55 | 12 |
| 2011 | 54 | 12 |
| 2012 | 55 | 14 |
| 2013 | 55 | 16 |
| 2014 | 58 | 13 |
| 2015 | 60 | 14 |
| 2016 | 60 | 12 |
| 2017 | 55 | 10 |
| 2018 | 49 | 12 |
| 2019 | 52 | 11 |
| 2020 | 52 | 12 |
| 2021 | 55 | 14 |
| 2022 | 59 | 16 |
| 2023 | 62 | 17 |
-------------------","Chart 1 - Type: Line Chart,
Description: This line chart illustrates the percentage of people who consider crime a very or extremely serious problem, comparing perceptions ""In the US"" (red line) versus ""In my area"" (dark gray line) from 2000 to 2023, based on Gallup data from October 2023. The perception of crime as a serious problem in the US consistently remains higher than the perception of crime in one's local area throughout the period. Both lines show fluctuations, with the ""In the US"" line generally ranging from 42% to 62% and the ""In my area"" line from 8% to 17%. Recent years show an upward trend for both perceptions.
Mark: Line,
Background: Light beige with a faint dotted grid pattern,
Gridlines: Light gray, solid (horizontal) and very faint light gray, dotted (vertical),
Data Colors: ['Red', 'Dark Gray'],
-------------------"
Shadikur,207,vox,https://www.youtube.com/watch?v=alNHhdWD,,,4,To show voter trust comparison on crime and safety between political candidates.,10:28,10:42,Bar Chart,,"Suspense- Gradual Reveal, Comparison and highlight a range","In April 2024,
an ABC News poll found that voters
trust Donald Trump over Joe Biden on crime and safety
by a margin of eight percentage points.
I was honestly surprised it wasn't more than that.",https://youtu.be/alNHhdWD,"Chart 1 - Bar Chart
| Candidate | Trust (%) |
|:----------|:----------|
| Biden     | 33        |
| Trump     | 41        |
-------------------","Chart 1 - Type: Bar Chart,
Description: This bar chart displays survey results from ABC News in April 2024, showing the percentage of people who trust Biden versus Trump to handle issues of crime and safety.
Mark: Rectangular bar,
Background: Light beige/cream,
Gridlines: Solid, thin, light gray horizontal lines,
Data Colors: Blue, Red
-------------------"
Shadikur,208,vox,You can help reverse the overdose epidemic,,,1,To explain long-term trends in U.S. overdose deaths by identifying successive waves,00:00,00:35,Line Chart,,"Suspense- Gradual Reveal, Emphasis - Draw a white dot circle to highlighting,","You're looking at a chart of annual US
drug overdose deaths going back to 1980.
You can see it getting slightly worse almost every year.
Then rising more dramatically starting in the 90s,
mainly driven by overdoses on prescription opioids.
Overdose deaths accelerate in a second wave through the 2000s.
And, starting in 2013,
a catastrophic third wave emerges –
kicked off by highly potent synthetic opioids like fentanyl.
But by the end of the 2010s,
the fatal overdose epidemic in the US
almost looked like it was starting to take a turn.",https://youtu.be/2CM6kgzRxyc,"Chart 1 - Line Chart
| Year | Annual Deaths |
|------|---------------|
| 1980 | 5000          |
| 1985 | 7000          |
| 1990 | 8500          |
| 1995 | 12000         |
| 2000 | 15000         |
| 2005 | 22000         |
| 2010 | 28000         |
| 2011 | 30000         |
| 2012 | 35000         |
| 2013 | 40000         |
| 2014 | 45000         |
| 2015 | 52000         |
| 2016 | 58000         |
| 2017 | 65000         |
| 2018 | 70000         |
| 2019 | 68000         |
-------------------","Chart 1 - Type: Line Chart, 
Description: This line chart displays the trend of annual US drug-involved overdose deaths from 1980 to approximately 2019. The data shows a relatively stable period in the 1980s and early 1990s, followed by a gradual increase until the mid-2000s, and then a sharp acceleration in deaths from the early 2010s, peaking around 2018 before a slight dip at the end of the visible data. The source is indicated as CDC / NIH.
Mark: Line (with occasional circular glow), 
Background: Solid Black, 
Gridlines: Dashed White, 
Data Colors: Blue, 
-------------------"
Shadikur,209,vox,You can help reverse the overdose epidemic,,,2,To identify the dominant cause of recent overdose deaths by highlighting the impact of synthetic opioids.,01:30,01:40,Line Chart,,"Suspense- Gradual Reveal, Comparison with others","Over the last ten years,
the most significant cause of fatal overdoses
by far are cheaper, stronger
and widely distributed synthetic opioids",https://youtu.be/2CM6kgzRxyc,"Chart 1 - Line Chart
| Year | Synthetic opioids (primarily fentanyl) | Psychostimulants (primarily methamphetamine) | Cocaine | Prescription opioids | Benzodiazepines | Heroin | Antidepressants |
|------|--------------------------------------|----------------------------------------------|---------|----------------------|-----------------|--------|-----------------|
| 1999 | 500                                  | 1000                                         | 2000    | 2500                 | 1200            | 1500   | 1000            |
| 2000 | 600                                  | 1100                                         | 2200    | 3000                 | 1500            | 1700   | 1100            |
| 2001 | 700                                  | 1200                                         | 2500    | 3800                 | 1800            | 1900   | 1200            |
| 2002 | 800                                  | 1300                                         | 2800    | 4800                 | 2200            | 2100   | 1300            |
| 2003 | 900                                  | 1400                                         | 3200    | 6000                 | 2700            | 2300   | 1400            |
| 2004 | 1000                                 | 1500                                         | 3700    | 7500                 | 3300            | 2500   | 1500            |
| 2005 | 1200                                 | 1600                                         | 4500    | 9000                 | 4000            | 2700   | 1600            |
| 2006 | 1500                                 | 1700                                         | 5500    | 11000                | 4800            | 3000   | 1700            |
| 2007 | 1800                                 | 1800                                         | 6800    | 13000                | 5600            | 3500   | 1800            |
| 2008 | 2100                                 | 1900                                         | 7500    | 15000                | 6500            | 4000   | 1900            |
| 2009 | 2400                                 | 2000                                         | 7000    | 16500                | 7500            | 4800   | 2000            |
| 2010 | 2800                                 | 2100                                         | 6500    | 18000                | 8500            | 5800   | 2100            |
| 2011 | 3300                                 | 2200                                         | 6200    | 18500                | 9500            | 7000   | 2200            |
| 2012 | 4000                                 | 2500                                         | 6000    | 18000                | 10500           | 8500   | 2300            |
| 2013 | 5000                                 | 3000                                         | 6300    | 17000                | 11500           | 10500  | 2400            |
| 2014 | 7000                                 | 4000                                         | 6800    | 16000                | 12500           | 13500  | 2500            |
| 2015 | 12000                                | 6000                                         | 8000    | 15000                | 12000           | 17500  | 2600            |
| 2016 | 20000                                | 9000                                         | 10000   | 14000                | 11500           | 20000  | 2700            |
| 2017 | 28000                                | 13000                                        | 12500   | 13000                | 10800           | 17000  | 2800            |
| 2018 | 38000                                | 18000                                        | 15000   | 12000                | 10000           | 14000  | 2900            |
| 2019 | 45000                                | 23000                                        | 18000   | 11000                | 9200            | 12000  | 3000            |
| 2020 | 60000                                | 29000                                        | 21000   | 10000                | 8500            | 11000  | 3100            |
| 2021 | 72000                                | 34000                                        | 24000   | 9000                 | 7800            | 10000  | 3200            |
| 2022 | 78000                                | 37000                                        | 27000   | 8500                 | 7000            | 9500   | 3300            |
-------------------","Chart 1 - Type: Line Chart,
Description: This chart illustrates the annual number of US drug overdose deaths attributed to various drug types from 1999 to 2022. It highlights the dramatic rise in deaths from synthetic opioids (primarily fentanyl) in recent years, surpassing all other categories. Other categories like psychostimulants and cocaine also show significant increases, while prescription opioids, benzodiazepines, and heroin peaked earlier and are now declining or stabilizing. The data is attributed to NIH/CDC.
Mark: Line,
Background: Black,
Gridlines: Solid, White,
Data Colors: Blue (Synthetic opioids (primarily fentanyl)), White (Psychostimulants (primarily methamphetamine), Cocaine, Prescription opioids, Benzodiazepines, Heroin, Antidepressants),
-------------------"
Shadikur,210,vox,How screens actually affect your sleep,,,1,"Experimental findings by showing that lighting modes had similar melatonin suppression,",02:51,03:02,Bar Chart,,"Suspense- Gradual Reveal, Emphasis - Draw a dottet line to highlight and Comparison with others","Both modes suppressed
melatonin, the sleepy hormone, and the results showed
that there wasn't a meaningful difference between the two.
And while that makes it sound like Night Shift doesn't work,
it's actually a lot more complicated than that.",https://youtu.be/isPxdnIND5k,"Chart 1 - Grouped Bar Chart
| Condition | Hour | Segment | Melatonin suppression (%) |
|:----------|:-----|:--------|:--------------------------|
| High CCT  | Hour 1 | Base    | 14.5                      |
| High CCT  | Hour 2 | Base    | 19.0                      |
| Low CCT   | Hour 1 | Base    | 7.5                       |
| Low CCT   | Hour 1 | Stacked | 11.5                      |
| Low CCT   | Hour 2 | Base    | 10.5                      |
| Low CCT   | Hour 2 | Stacked | 8.5                       |
-------------------","Chart 1 - Type: Grouped Bar Chart,
Description: The chart titled ""Lighting Intervention"" displays melatonin suppression percentage (Y-axis) under two main conditions: ""High CCT"" and ""Low CCT"". Each condition is further broken down by time ""Hour 1"" and ""Hour 2"" (X-axis). For ""High CCT"", single bars represent the suppression. For ""Low CCT"", the bars are stacked, indicating two components contributing to the total melatonin suppression for each hour. A horizontal dashed line visually indicates a suppression level of approximately 19%, serving as a reference point for High CCT - Hour 2 and the total suppression for Low CCT - Hour 1 and Low CCT - Hour 2. The Y-axis ranges from 0 to 70 in increments of 10.
Mark: Rectangular bars,
Background: White,
Gridlines: Horizontal, solid, light gray,
Data Colors: Blue, Black, Light Blue, Light Gray
-------------------"
Shadikur,211,vox,Why can’t prices just stay the same?,,,1,To explain a global inflation spike by comparing annual CPI increases across major economies.,00:09,00:20,Line Chart,,"Suspense- Gradual Reveal, Emphasis, Comparison - Draw a dottet line to highlight and Draw a yellow square box to highlight ","In 2022, much of the world experienced
a period of uncommonly high inflation. With the U.S., U.K.
and Eurozone all peaking at around 10%.
Meaning that prices on average
were a full 10% higher than one year before.",https://youtu.be/NLtnm_bRzPw,"Chart 1 - Line Chart
| Year | US (%) | UK (%) | Eurozone (%) |
|---|---|---|---|
| 2009.8 | 1.5 | 1.5 | 1.0 |
| 2010.0 | 2.5 | 2.0 | 1.0 |
| 2010.5 | 1.8 | 2.8 | 1.5 |
| 2011.0 | 1.5 | 3.5 | 2.0 |
| 2011.5 | 3.5 | 4.5 | 2.5 |
| 2012.0 | 3.0 | 3.8 | 2.7 |
| 2012.5 | 1.8 | 2.5 | 2.0 |
| 2013.0 | 1.5 | 2.5 | 2.0 |
| 2013.5 | 1.5 | 2.7 | 1.5 |
| 2014.0 | 1.5 | 2.0 | 0.8 |
| 2014.5 | 1.8 | 1.5 | 0.5 |
| 2015.0 | 0.0 | -0.2 | -0.2 |
| 2015.5 | 0.5 | 0.0 | 0.2 |
| 2016.0 | 0.5 | 0.5 | 0.2 |
| 2016.5 | 1.0 | 1.0 | 0.5 |
| 2017.0 | 2.5 | 1.5 | 1.5 |
| 2017.5 | 1.8 | 2.8 | 1.5 |
| 2018.0 | 2.0 | 2.5 | 1.5 |
| 2018.5 | 2.5 | 2.2 | 2.0 |
| 2019.0 | 1.5 | 1.8 | 1.5 |
| 2019.5 | 1.8 | 2.0 | 1.0 |
| 2020.0 | 2.0 | 1.5 | 0.8 |
| 2020.5 | 0.5 | 0.5 | 0.0 |
| 2021.0 | 1.5 | 0.8 | 0.5 |
| 2021.5 | 4.5 | 2.5 | 2.0 |
| 2022.0 | 7.0 | 5.5 | 5.0 |
| 2022.5 | 8.5 | 8.5 | 7.5 |
| 2022.8 | 7.0 | 10.5 | 10.0 |
-------------------","Chart 1 - Type: Line Chart,
Description: This line chart displays the annual change in the consumer price index (CPI) for the US, UK, and Eurozone from approximately late 2009 to early 2023. The X-axis represents years from 2010 to 2024 (with data up to late 2022/early 2023), and the Y-axis shows the percentage change in CPI, ranging from below 0% to over 10%. The chart illustrates a period of relatively stable and low inflation across all regions until around 2021, followed by a sharp and significant increase, particularly for the UK and Eurozone, surpassing 10% by late 2022. The US CPI also saw a substantial rise but appears to be trending down slightly by the end of the data period. A shaded vertical area from roughly early 2022 to mid-2023 highlights the recent inflation surge. The data source is attributed to ""National Statistics Offices / The Financial Times (2024)"".
Mark: Line,
Background: Light greenish-grey solid color,
Gridlines: Solid horizontal lines in greenish-teal at 5% and 10%. A dotted horizontal line in greenish-teal at 0%. Vertical gridlines are not explicitly drawn as full lines, but year ticks are present on the X-axis. Dashed black vertical lines delineate the shaded region for recent data/forecasts.,
Data Colors: US: Red, UK: Dark Red, Eurozone: Black/Dark Grey,
-------------------"
Shadikur,212,vox,Why can’t prices just stay the same?,,,2,"To show trend reversal by comparing wage growth and inflation, highlighting recent real wage gains.",02:22,02:30,Line Chart,,"Suspense- Gradual Reveal, Emphasis, Comparison - Draw a dottet line to highlight and Draw a yellow square box to highlight ","In the U.S.
for two years, wage growth lagged behind inflation.
That trend has reversed starting in mid 2023.
MABUD: Wages, especially at the bottom, has kept up with inflation.",https://youtu.be/NLtnm_bRzPw,"Chart 1 - Line Chart
| Date | Wage growth (%) | Inflation (%) |
| :--------- | :-------------- | :------------ |
| 2018-01 | 2.7 | 2.2 |
| 2018-07 | 3.0 | 2.8 |
| 2019-01 | 3.5 | 2.2 |
| 2019-07 | 3.2 | 1.8 |
| 2020-01 | 3.3 | 2.5 |
| 2020-05 | 8.5 | 0.5 |
| 2020-07 | 5.0 | 1.5 |
| 2021-01 | 4.5 | 1.8 |
| 2021-07 | 5.8 | 6.0 |
| 2021-11 | 4.5 | 5.0 |
| 2022-01 | 5.5 | 7.0 |
| 2022-06 | 6.0 | 9.0 |
| 2023-01 | 5.0 | 6.5 |
| 2023-07 | 4.5 | 4.5 |
| 2024-01 | 3.8 | 3.5 |
-------------------","Chart 1 - Type: Line Chart, 
Description: This line chart visualizes the ""Change in hourly average wage growth and CPI"" from 2018 to early 2024. It displays two distinct time-series lines: ""Wage growth"" (red) and ""Inflation"" (black). The X-axis represents years from 2018 to 2024, and the Y-axis shows the percentage change from 0% to 9%. The shaded area towards the end of the chart (late 2023 to early 2024) indicates a period of recent or projected data. The chart title suggests the data sources are Bureau of Labor Statistics and Axios. This chart tracks economic trends related to labor compensation and consumer price index.
Mark: Line, 
Background: Light gray, 
Gridlines: Solid, teal horizontal lines; Dashed, black vertical lines in the shaded area, 
Data Colors: ['red', 'black'], 
-------------------"
Shadikur,213,vox,Why can’t prices just stay the same?,,,3,To explain policy trade-offs by showing how interest rate hikes reduced inflation,04:06,04:18,Line Chart,,"Suspense- Gradual Reveal, Emphasis, Comparison -  Draw a yellow square box to highlight ","Federal Reserve did in 2022,
which did help bring inflation closer to that 2% target –
while placing an even higher financial strain
on families who may need to borrow just to make ends meet.",https://youtu.be/NLtnm_bRzPw,"Chart 1 - Line Chart
| Date    | Inflation (%) | Federal Reserve interest rate (%) |
|:--------|:--------------|:----------------------------------|
| JAN 2018| 2.1           | 1.4                               |
| MAR 2018| 2.4           | 1.6                               |
| MAY 2018| 2.7           | 1.8                               |
| JUL 2018| 2.8           | 2.0                               |
| SEP 2018| 2.3           | 2.2                               |
| NOV 2018| 1.8           | 2.4                               |
| JAN 2019| 1.5           | 2.4                               |
| MAR 2019| 1.7           | 2.4                               |
| MAY 2019| 1.7           | 2.4                               |
| JUL 2019| 1.6           | 2.2                               |
| SEP 2019| 1.7           | 2.0                               |
| NOV 2019| 2.0           | 1.8                               |
| JAN 2020| 2.5           | 1.5                               |
| MAR 2020| 1.5           | 0.2                               |
| MAY 2020| 0.1           | 0.1                               |
| JUL 2020| 0.8           | 0.1                               |
| SEP 2020| 1.4           | 0.1                               |
| NOV 2020| 1.2           | 0.1                               |
| JAN 2021| 1.4           | 0.1                               |
| MAR 2021| 2.6           | 0.1                               |
| MAY 2021| 5.0           | 0.1                               |
| JUL 2021| 5.4           | 0.1                               |
| SEP 2021| 5.4           | 0.1                               |
| NOV 2021| 6.9           | 0.1                               |
| JAN 2022| 7.5           | 0.1                               |
| MAR 2022| 8.5           | 0.3                               |
| MAY 2022| 8.6           | 0.8                               |
| JUL 2022| 8.5           | 1.6                               |
| SEP 2022| 8.0           | 2.5                               |
| NOV 2022| 7.1           | 3.2                               |
| JAN 2023| 6.0           | 4.0                               |
| MAR 2023| 5.0           | 4.7                               |
| MAY 2023| 4.1           | 5.0                               |
| JUL 2023| 3.2           | 5.2                               |
| SEP 2023| 3.7           | 5.3                               |
-------------------","Chart 1 - Type: Line Chart, 
Description: A line chart showing US inflation and Federal Reserve interest rates over time from January 2018 to September 2023. A horizontal dashed line indicates 2%, and a yellow shaded box highlights the recent inflation values between May 2023 and September 2023, staying above the 2% mark. Data source: BUREAU OF LABOR STATISTICS / FEDERAL RESERVE / STATISTA.,
Mark: Line, 
Background: Solid, light greenish-gray, 
Gridlines: Solid, green horizontal lines at 0%, 2.5%, 5%, 7.5%, 10%; Dashed, black horizontal line at 2%, 
Data Colors: Red (Inflation), Black (Federal Reserve interest rate), 
-------------------"
Shadikur,214,vox,Why does this forest look like a fingerprint?,,,1,To demonstrate policy impact by showing dramatic growth in Uruguay’s forestry production over time.,03:54,04:02,Line Chart,,"Suspense- Gradual Reveal, Emphasis,","The law set the stage for a boom for the forestry industry.
All over the country, the transformation was dramatic.",https://youtu.be/_cndkF7bX3M,"Chart 1 - Line Chart
| Year | Production (Million Cubic Meters) |
|---|---|
| 1970 | 3.5 |
| 1972 | 3.8 |
| 1974 | 4.2 |
| 1976 | 4.6 |
| 1978 | 5.0 |
| 1980 | 5.2 |
| 1982 | 5.5 |
| 1984 | 5.8 |
| 1986 | 6.2 |
| 1988 | 6.6 |
| 1990 | 7.0 |
| 1992 | 7.2 |
| 1994 | 7.4 |
| 1996 | 7.0 |
| 1998 | 6.0 |
| 2000 | 4.5 |
| 2002 | 5.5 |
| 2004 | 7.5 |
| 2006 | 11.0 |
| 2007 | 14.5 |
| 2008 | 12.0 |
| 2009 | 15.0 |
| 2010 | 12.5 |
| 2011 | 16.0 |
| 2012 | 18.5 |
| 2013 | 19.5 |
| 2014 | 20.5 |
| 2015 | 22.0 |
| 2016 | 24.5 |
| 2017 | 22.5 |
| 2018 | 24.0 |
| 2019 | 25.5 |
| 2020 | 26.0 |
| 2021 | 27.0 |
-------------------","Chart 1 - Type: Line Chart, 
Description: This chart visualizes Uruguay's forestry production in cubic meters from approximately 1970 to 2021. It shows a period of slow growth until the late 1990s, followed by a dip around 2000, and then a significant and somewhat volatile increase in production from the mid-2000s onwards, accelerating sharply in the 2010s.,
Mark: Line, 
Background: Solid Light Pink (#FDF4EF), 
Gridlines: Solid Light Gray (#E0DCD9), 
Data Colors: #E6555C, 
-------------------"
Shadikur,215,vox,Why does this forest look like a fingerprint?,,,2,To highlight economic shift by showing wood pulp’s rise as a leading export in Uruguay.,04:19,04:27,Bar Chart,,"Suspense- Gradual Reveal, Emphasis -  Comparison with others","Wood pulp has become Uruguay's second-biggest export,
totaling over $2 billion in 2023,
and it's on the verge of becoming the biggest.",https://youtu.be/_cndkF7bX3M,"Chart 1 - Bar Chart
| Product                  | Export Value (US$) |
|:-------------------------|:-------------------|
| BEEF                     | 1.98 billion       |
| WOOD PULP                | 2.02 billion       |
| DAIRY                    | 0.85 billion       |
| BEVERAGE CONCENTRATE     | 0.75 billion       |
| RICE                     | 0.60 billion       |
-------------------","Chart 1 - Type: Bar Chart, 
Description: This chart displays Uruguay's main export products in 2023, showing the export value in US dollars for each product. Wood Pulp is highlighted as a significant export. The source is CERES. ,
Mark: Bar, 
Background: Light beige, 
Gridlines: Solid, light grey, 
Data Colors: #6699CC (blue), #E74C3C (red), 
-------------------"
Shadikur,216,vox,How AI tells Israel who to bomb,,,1,"Highlighting uncertainty and expanded definitions in military target classification for targeting accuracy ",05:07,05:21,Pie Chart,,"Suspense- Gradual Reveal, Emphasis -  Comparison with others","Sources told +972 that about 10% of
those targets are often wrong.
But even when determining the 90% of supposedly correct targets,
Israel also expanded the definition
of a Hamas operative for the first time.",https://youtu.be/xGqYbXL3kZc,"Chart 1 - Pie Chart
| Category | Percentage |
| :---------------- | :--------- |
| Likely civilians | 10 |
| Likely Hamas/PIJ | 90 |
-------------------","Chart 1 - Type: Pie Chart,
Description: A pie chart displaying the distribution of ""IDF TARGETS"" between ""Likely civilians"" and ""Likely Hamas/PIJ"", with their corresponding percentages. The chart indicates that 10% of targets are likely civilians and 90% are likely Hamas/PIJ. The overall title of the chart is ""IDF TARGETS"". The categories are annotated with lines pointing to the respective slices and their percentage values.
Mark: Arc,
Background: White,
Gridlines: Thin lines, light grey,
Data Colors: Grey, Light Blue,
-------------------"
Shadikur,217,vox,The lies that sell fast fashion,,,1,To emphasize extreme scale disparity by comparing fast-fashion production volumes.,02:41,03:01,Bar Chart,,"Suspense- Gradual Reveal, Emphasis -  Comparison with others","To give you a scale.
A company like Gap typically produces
around 12,000 styles annually.
The OG fast fashion brands like H&M
and Zara more than double that output.
And where is Shein on this scale?
Recent estimates put that number closer to
1.5 million new styles each year.",https://youtu.be/VaS-iVwaOLw,"Chart 1 - Bar Chart
| Brand | Clothing Styles Produced Annually |
|:------|-----------------------------------|
| GAP   | 12000                             |
| H&M   | 23000                             |
| ZARA  | 40000                             |
| SHEIN | 1500000                           |
-------------------","Chart 1 - Type: Bar Chart, 
Description: This bar chart illustrates the estimated number of clothing styles produced annually by four major fashion brands: GAP, H&M, ZARA, and SHEIN. The chart highlights the significant difference in production volume, particularly with SHEIN. The title is ""Clothing styles produced annually"" and the source is ""Sheng Lu, Reuters"" and ""Vox"".,
Mark: Rectangle bar, 
Background: Solid Black, 
Gridlines: No visible gridlines; a white dashed line serves as the x-axis., 
Data Colors: Blue, Red, Purple, Yellow, 
-------------------"
Shadikur,218,vox,Why the era of cheap streaming is over,,,1,To highlight rapid debt growth by showing Netflix’s increasing long-term borrowing over time.,01:14,01:18,Line Chart,,"Suspense- Gradual Reveal, Emphasis,","almost $15 billion by 2020,
with the purpose of building",https://youtu.be/ObL2xm5NrCk,"Chart 1 - Line Chart
| Year-Quarter | Debt in Billions ($) |
|:-------------|:---------------------|
| 2016 Q1      | 1.8                  |
| 2016 Q2      | 1.8                  |
| 2016 Q3      | 1.8                  |
| 2016 Q4      | 2.2                  |
| 2017 Q1      | 3.0                  |
| 2017 Q2      | 4.5                  |
| 2017 Q3      | 5.5                  |
| 2017 Q4      | 6.8                  |
| 2018 Q1      | 7.5                  |
| 2018 Q2      | 8.8                  |
| 2018 Q3      | 10.0                 |
| 2018 Q4      | 10.5                 |
| 2019 Q1      | 11.5                 |
| 2019 Q2      | 12.0                 |
| 2019 Q3      | 12.8                 |
| 2019 Q4      | 13.5                 |
| 2020 Q1      | 14.0                 |
| 2020 Q2      | 14.67                |
-------------------","Chart 1 - Type: Line Chart, 
Description: This line chart illustrates Netflix's total long-term debt on a quarterly basis, showing a steady increase from Q1 2016 to Q2 2020. The Y-axis represents debt in billions of US dollars, and the X-axis represents the years with implied quarterly intervals. The data indicates a significant growth in debt over the period.
Mark: Line (stepped), 
Background: Solid black, 
Gridlines: Dashed white horizontal lines, 
Data Colors: Blue, 
-------------------"
Shadikur,219,vox,Why the era of cheap streaming is over,,,2,highlight accelerated growth by showing how the pandemic boosted Netflix’s subscriber gains beyond prior trends.,01:35,01:41,Bar Chart,,"Suspense- Gradual Reveal, Emphasis, Comparison - Draw a line to highlight","They'd had very steady growth, 2015, 16,
17, 18, 19, and then the pandemic happens in 2020,
and they have their best year ever.
That's Lucas Shaw, by the way.",https://youtu.be/ObL2xm5NrCk,"Chart 1 - Bar Chart
| Year | Number of subscribers (millions) |
|---|---|
| 2013 | 45 |
| 2014 | 60 |
| 2015 | 75 |
| 2016 | 90 |
| 2017 | 110 |
| 2018 | 140 |
| 2019 | 170 |
| 2020 | 200 |
| 2021 | 225 |
| 2022 | 250 |
| 2023 | 275 |
-------------------","Chart 1 - Type: Bar Chart,
Description: This bar chart, sourced from Statista and published by Vox, illustrates the worldwide number of Netflix paid subscribers in millions from 2013 to 2023. Each year is represented by two bars, likely indicating semi-annual or quarterly data points, with the highest point for each year being captured. The bars for 2020 are highlighted in yellow, while other years are shown in blue. The chart shows a consistent upward trend in subscriber numbers over the decade.,
Mark: Rectangular bars,
Background: Black,
Gridlines: Dashed light grey horizontal lines,
Data Colors: Blue, Yellow,
-------------------"
Shadikur,220,vox,Why the era of cheap streaming is over,,,3,Shows revenue strategy shift by showing the growing role of ad-supported plans in subscriber growth.,03:43,03:50,Bar Chart,,"Suspense- Gradual Reveal, Emphasis, Comparison","Ad supported plans have been driving
an increasing percentage of new signups
and supplementing each company's bottom line.",https://youtu.be/ObL2xm5NrCk,"Chart 1 - Stacked Bar Chart
| YEAR | AD-SUPPORTED (M) | AD-FREE (M) |
|------|------------------|-------------|
| 2019 | 10               | 50          |
| 2020 | 20               | 55          |
| 2021 | 30               | 90          |
| 2022 | 50               | 95          |
-------------------","Chart 1 - Type: Stacked Bar Chart,
Description: Gross additional subscribers for on-demand video streamers, broken down by plan tier (AD-FREE vs AD-SUPPORTED) from 2019 to 2022. The chart shows the yearly subscriber growth, with stacked bars indicating the contribution of each plan tier. The Y-axis represents millions of subscribers, and the X-axis represents the year.,
Mark: Bar,
Background: Black,
Gridlines: Dashed White,
Data Colors: #27408B (AD-FREE), #0000FF (AD-SUPPORTED)
-------------------"
Shadikur,221,vox,Is the US running out of Social Security?,,,1,Showing how the baby boomer population supported Social Security through workforce dominance.,03:13,03:28,Bar Chart,,"Suspense- Gradual Reveal, Emphasis, Comparison - Draw a dottet line to highlight and Draw a yellow square box to highlight ","Here's a chart of the US population.
As you can see, there's a bump here.
That's the baby boomer generation.
For decades, this giant population
was the main workforce that paid into Social Security.
That means more people
were putting money in than taking money out.",https://youtu.be/j1Bfxxhdn6g,"Chart 1 - Population Pyramid
| Age Group | Men (Millions) | Women (Millions) |
|---|---|---|
| 0 | 1.00 | 1.00 |
| 5 | 1.05 | 1.05 |
| 10 | 1.10 | 1.10 |
| 15 | 1.15 | 1.15 |
| 20 | 1.15 | 1.20 |
| 25 | 1.20 | 1.25 |
| 30 | 1.25 | 1.30 |
| 35 | 1.30 | 1.35 |
| 40 | 1.35 | 1.40 |
| 45 | 1.40 | 1.45 |
| 50 | 1.30 | 1.35 |
| 55 | 1.15 | 1.20 |
| 60 | 1.00 | 1.10 |
| 65 | 0.80 | 0.90 |
| 70 | 0.60 | 0.70 |
| 75 | 0.45 | 0.60 |
| 80 | 0.30 | 0.45 |
| 85 | 0.15 | 0.25 |
| 90 | 0.08 | 0.15 |
| 95 | 0.03 | 0.07 |
| 100 | 0.01 | 0.03 |
-------------------","Chart 1 - Type: Population Pyramid,
Description: This chart illustrates the US population distribution by age and sex in 2010. The Y-axis represents age groups in 5-year intervals (0-4, 5-9, etc., up to 100+). The X-axis represents population in millions, diverging horizontally for men (left side) and women (right side). Labels on the far left (1909-2009) indicate birth year cohorts corresponding to the age groups. A highlighted band spanning ages 60-65 indicates ""RETIR"" (retirement) with dollar sign annotations.,
Mark: Horizontal Bars,
Background: Solid, Light Gray,
Gridlines: Solid, Light Gray,
Data Colors: ['Red', 'Green', 'Orange'],
-------------------"
Shadikur,222,vox,Is the US running out of Social Security?,,,2,To highlight financial buildup by showing how long-term Social Security investments created a large reserve before a turning point.,03:36,03:41,Line Chart,,"Suspense- Gradual Reveal, Emphasis, Comparison - Draw a yellow square box to highlight ","And those investments ultimately
gave us a $2.9 trillion dollar reserve.
Then came 2021.",https://youtu.be/j1Bfxxhdn6g,"Chart 1 - Line Chart
| Year | Assets (Trillion USD) |
|------|-----------------------|
| 1960 | 0.05                  |
| 1970 | 0.10                  |
| 1980 | 0.20                  |
| 1990 | 0.40                  |
| 2000 | 1.00                  |
| 2010 | 2.30                  |
| 2020 | 2.90                  |
-------------------","Chart 1 - Type: Line Chart, 
Description: This line chart displays the US Old-Age, Survivors, and Disability Insurance trust fund assets at the end of each year, from 1960 to 2020, as reported by the Social Security Administration. The chart shows a steady increase in assets, with a significant acceleration after 1990, culminating in an explicitly labeled value of $2.9 trillion in 2020. The end point is highlighted with a yellow background.
Mark: line, 
Background: Light pastel green, 
Gridlines: Solid light green, 
Data Colors: Red (line), Yellow (highlighted area), 
-------------------"
Shadikur,223,vox,Why financial literacy education in the US sucks,,,1,To show policy adoption trends by tracking the expansion of financial education across U.S. states over time.,02:07,02:30,Line Chart,,"Suspense- Gradual Reveal, Emphasis, Comparison - Draw a yellow square box to highlight ","Since 1998, the independent
Council for Economic Education has been tracking
legislative requirements at the state level
for high school financial classes,
and their data shows that back then, at least 21
states offered some form of financial education.
And by 2011, nearly every state did.
It's hard to tell how many of us actually took
those classes, given that a lot of them weren't mandatory.",https://youtu.be/0uvurQcj0fs,"Chart 1 - Line Chart
| Year | States offered some form of financial education | States made classes mandatory |
|---|---|---|
| 1998 | 21 | 1.5 |
| 2000 | 40 | 2.5 |
| 2002 | 30 | 3.5 |
| 2004 | 38 | 5 |
| 2007 | 42.5 | 6.5 |
| 2009 | 45 | 7.5 |
| 2011 | 46 | 13 |
| 2014 | 43 | 16.5 |
| 2016 | 44.5 | 3 |
| 2018 | 44.5 | 4 |
| 2020 | 45 | 6 |
| 2022 | 46 | 9 |
-------------------","Chart 1 - Type: Line Chart,
Description: This line chart displays a historical comparison of personal finance education in states and Washington D.C. from 1998 to 2022. It tracks two trends: the number of states that offered some form of financial education (red solid line) and the number of states that made financial education classes mandatory (black dotted line). The chart title is ""HISTORICAL COMPARISON: PERSONAL FINANCE EDUCATION 1998-2022"" and the source is ""Council for Economic Education"". The y-axis represents ""Number of states + DC"", ranging from 0 to 50, with major gridlines at 10-unit intervals and minor gridlines every 2 units. The x-axis represents years from 1998 to 2022. Key data points are highlighted with annotations: '21' (in a red rectangle) for the initial number of states offering financial education in 1998, and '13' (in a yellow square) for states making classes mandatory in 2011.,
Mark: Line,
Background: Solid light pale green,
Gridlines: Solid light grey (internal horizontal and vertical); Solid teal green (X and Y axis lines),
Data Colors: Red, Black,
-------------------"
Shadikur,224,vox,Can AI help us predict extreme weather?,,,1,To demonstrate climate change impact by showing the long-term rise in extreme weather events.,06:09,06:17,Line Chart,,"Suspense- Gradual Reveal- Draw a red square box to highlight ","years of history, and historical
weather has fewer extreme events
than we do today or will have in
the future due to climate change.",https://youtu.be/hU4viZzTaRc,"Chart 1 - Line Chart
| Year | Events |
|------|--------|
| 1970 | 22     |
| 1971 | 25     |
| 1972 | 20     |
| 1973 | 24     |
| 1974 | 28     |
| 1975 | 25     |
| 1976 | 28     |
| 1977 | 35     |
| 1978 | 40     |
| 1979 | 45     |
| 1980 | 55     |
| 1981 | 50     |
| 1982 | 58     |
| 1983 | 50     |
| 1984 | 60     |
| 1985 | 65     |
| 1986 | 70     |
| 1987 | 65     |
| 1988 | 75     |
| 1989 | 100    |
| 1990 | 138    |
| 1991 | 70     |
| 1992 | 80     |
| 1993 | 110    |
| 1994 | 90     |
| 1995 | 80     |
| 1996 | 80     |
| 1997 | 95     |
| 1998 | 105    |
| 1999 | 100    |
| 2000 | 115    |
| 2001 | 125    |
| 2002 | 110    |
| 2003 | 135    |
| 2004 | 100    |
| 2005 | 130    |
| 2006 | 120    |
| 2007 | 80     |
| 2008 | 115    |
| 2009 | 100    |
| 2010 | 118    |
| 2011 | 95     |
| 2012 | 90     |
| 2013 | 105    |
| 2014 | 100    |
| 2015 | 130    |
| 2016 | 115    |
| 2017 | 125    |
| 2018 | 95     |
| 2019 | 130    |
| 2020 | 120    |
| 2021 | 90     |
| 2022 | 125    |
| 2023 | 75     |
-------------------","Chart 1 - Type: Line Chart,
Description: A line chart titled ""Extreme weather events, 1970-2023"" showing the annual number of extreme weather events. The data source is attributed to Our World in Data, EM-DAT, CRED / UCLouvain (2023). The period from 2010 to 2023 is visually highlighted with an orange background fill. The X-axis represents years from 1970 to 2023, and the Y-axis represents the number of events, scaled from 0 to 140.
Mark: Line,
Background: Light beige, with a prominent orange rectangular highlight for the period 2010-2023,
Gridlines: Solid, light gray horizontal lines,
Data Colors: Dark gray (for the line), Orange (for the highlight background),
-------------------"
Shadikur,225,vox,How Michigan explains American politics - YouTube,,,1,showing how narrowly the 2016 presidential election was decided across states,04:54,05:07,Bar Chart,,"Suspense- Gradual Reveal, Emphasis, Comparison","This chart looks at how close the vote was in every state
in the 2016 presidential election.
And Michigan is all the way at the end over here,
the closest state in 2016,
voting for Trump by a margin of 0.23%.",https://youtu.be/bXYRJJIn_wI,"Chart 1 - Bar Chart
| State           | Percentage Margin |
| :-------------- | :---------------- |
| Wyoming         | 46.0              |
| West Virginia   | 42.0              |
| Oklahoma        | 37.0              |
| North Dakota    | 35.0              |
| Hawaii          | 31.5              |
| Idaho           | 31.0              |
| California      | 30.0              |
| Kentucky        | 29.0              |
| South Dakota    | 27.5              |
| Alabama         | 27.0              |
| Massachusetts   | 26.0              |
| Arkansas        | 25.5              |
| Maryland        | 25.5              |
| Vermont         | 25.0              |
| Tennessee       | 24.0              |
| Nebraska        | 22.5              |
| New York        | 21.5              |
| Kansas          | 20.0              |
| Montana         | 19.5              |
| Louisiana       | 19.0              |
| Indiana         | 18.0              |
| Missouri        | 17.5              |
| Utah            | 17.0              |
| Mississippi     | 16.5              |
| Illinois        | 16.0              |
| Washington      | 15.0              |
| Rhode Island    | 14.5              |
| Alaska          | 14.0              |
| South Carolina  | 13.0              |
| New Jersey      | 12.5              |
| Connecticut     | 12.0              |
| Delaware        | 11.5              |
| Oregon          | 11.0              |
| Iowa            | 10.0              |
| Texas           | 9.5               |
| New Mexico      | 9.0               |
| Ohio            | 8.0               |
| Virginia        | 7.5               |
| Georgia         | 7.0               |
| Colorado        | 6.5               |
| North Carolina  | 5.5               |
| Arizona         | 4.5               |
| Maine           | 3.0               |
| Minnesota       | 2.5               |
| Florida         | 2.0               |
| Wisconsin       | 1.0               |
| Pennsylvania    | 0.8               |
| New Hampshire   | 0.4               |
| Michigan        | 0.2               |
-------------------","Chart 1 - Type: Bar Chart,
Description: A bar chart displaying the percentage margin between major 2016 presidential candidates for each state. States are ordered in descending order of their percentage margin. The data source is the Federal Election Commission.
Mark: Rectangle,
Background: Solid, Light beige/cream,
Gridlines: Solid, Thin, Light gray, Horizontal,
Data Colors: Dark gray,
-------------------"
Shadikur,226,vox,How Michigan explains American politics - YouTube,,,2,Showing how Macomb County historically mirrored national voting trends before diverging in 2016.,06:08,06:38,Bar Chart,,"Suspense- Gradual Reveal, Emphasis, Comparison - Draw a dottet line to highlight ","A bellwether - meaning it voted kind of like the rest of the country.
So, this chart shows how Macomb County voted
for president in the years before 2016.
These are years that voted for the Democrat for president,
this is when it voted for the Republican,
and the height is the margin of victory.
And now let's do the thing where we add
how the whole US voted each year.
And notice how closely Macomb always matches the country as a whole.
A bellwether.
Until...
2016.
2016 changes all that,",https://youtu.be/bXYRJJIn_wI,"Chart 1 - Grouped Bar Chart
| Year | Region | Election Margin (%) |
|------|--------|---------------------|
| 1996 | Macomb | 10.2                |
| 1996 | US     | 8.3                 |
| 2000 | Macomb | 2.8                 |
| 2000 | US     | 0.8                 |
| 2004 | Macomb | -2.0                |
| 2004 | US     | -2.5                |
| 2008 | Macomb | 8.0                 |
| 2008 | US     | 7.3                 |
| 2012 | Macomb | 3.9                 |
| 2012 | US     | 3.5                 |
-------------------","Chart 1 - Type: Grouped Bar Chart,
Description: This chart displays the presidential election margins for Macomb County and the United States from 1996 to 2012. Positive percentages indicate a larger margin for Democrats (""More Democrat""), while negative percentages indicate a larger margin for Republicans (""More Republican""). The chart allows for a comparison of election outcomes in Macomb County versus the national average over several election cycles.
Mark: Vertical Rectangular bars,
Background: Light beige/off-white,
Gridlines: Thin light gray horizontal lines,
Data Colors: Light Blue (Macomb, Democrat margin), Dark Blue (US, Democrat margin), Red (Macomb, Republican margin), Dark Red (US, Republican margin)
-------------------"
Shadikur,227,vox,How Michigan explains American politics - YouTube,,,3,showing Detroit’s consistently high Democratic voting share and shifting focus to voter participation.,07:49,07:56,Bar Chart,,"Suspense- Gradual Reveal, Emphasis, Comparison - Draw a dottet line to highligh","and it typically votes between 93% and 98% Democratic.
And in a place with such consistent voting patterns,
it really helps to look at turnout.",https://youtu.be/bXYRJJIn_wI,"Chart 1 - Bar Chart
| Year | Percentage of Votes |
|------|---------------------|
| 2000 | 94.0                |
| 2004 | 94.0                |
| 2008 | 97.5                |
| 2012 | 97.5                |
| 2016 | 94.0                |
| 2020 | 94.0                |
-------------------","Chart 1 - Type: Bar Chart,
Description: A bar chart illustrating the percentage of votes for Democratic presidential candidates in Detroit for each election year from 2000 to 2020. The chart includes reference lines at 93% and 98%.
Mark: Rectangular Bar,
Background: Light beige/off-white with a subtle textured pattern,
Gridlines: Horizontal, solid light gray lines for major increments (0%, 25%, 50%, 75%, 100%), and dashed black lines at 93% and 98%,
Data Colors: ['Blue'],
-------------------"
Shadikur,228,vox,How Michigan explains American politics - YouTube,,,4,showing unusually low voter participation in Detroit’s 2016 presidential election and its electoral impact.,08:05,08:32,Line Chart,,"Suspense- Gradual Reveal, Emphasis, Comparison - Draw a yellow circle to highlight ","This chart shows how many people voted in Detroit
in different elections over the years.
You can see that turnout in presidential elections
is typically higher than turnout in midterm elections,
and that's true pretty much everywhere.
But look at the turnout in 2016.
It's almost as low as, for example,
the midterm election of 2006.
Now, two things are happening here.
Detroit is getting smaller during this time.
Its population is shrinking, so fewer voters.
But Trump had a role here, too.",https://youtu.be/bXYRJJIn_wI,"Chart 1 - Line Chart
| Year | Turnout Type        | Turnout |
|------|---------------------|---------|
| 2000 | Presidential turnout| 300000  |
| 2004 | Presidential turnout| 325000  |
| 2008 | Presidential turnout| 330000  |
| 2012 | Presidential turnout| 290000  |
| 2016 | Presidential turnout| 245000  |
| 2020 | Presidential turnout| 255000  |
| 1998 | Midterm turnout     | 235000  |
| 2002 | Midterm turnout     | 215000  |
| 2006 | Midterm turnout     | 230000  |
| 2010 | Midterm turnout     | 170000  |
| 2014 | Midterm turnout     | 175000  |
| 2018 | Midterm turnout     | 195000  |
| 2022 | Midterm turnout     | 175000  |
-------------------","Chart 1 - Type: Line Chart,
Description: This chart displays the raw voter turnout in Detroit elections over several years, distinguishing between Presidential and Midterm election turnouts. The Presidential turnout (dark grey line) generally shows higher figures than the Midterm turnout (light grey line). Presidential turnout peaked around 2008 before declining, while Midterm turnout experienced a dip in 2010-2014, followed by a slight recovery in 2018, and then returned to 2014 levels in 2022. The 2016 presidential turnout data point is specifically highlighted by a yellow circle.,
Mark: Circle,
Background: Light beige/cream,
Gridlines: Solid light grey horizontal,
Data Colors: Dark grey (Presidential turnout), Light grey (Midterm turnout),
-------------------"
Shadikur,229,vox,How Michigan explains American politics - YouTube,,,5,showing stark differences in support for overturning the 2020 election between Michigan Republicans and voters overall,14:24,14:40,Bar Chart,,"Suspense- Gradual Reveal, Emphasis, Comparison ","By May of 2022,
a poll found that a majority of Michigan Republicans
supported overturning the 2020 presidential election.
Among Michigan voters as a whole, though,
only around a quarter agreed with that.
But Republicans running for statewide office
in 2022 largely endorsed that idea.",https://youtu.be/bXYRJJIn_wI,"Chart 1 - Stacked Bar Chart
| Voter Group            | Support (%) | Oppose (%) | Don't Know (%) |
| :--------------------- | :---------- | :--------- | :------------- |
| Michigan Republicans   | 55          | 30         | 15             |
| All Michigan voters    | 26          | 49         | 25             |
-------------------","Chart 1 - Type: Stacked Bar Chart,
Description: This chart displays the percentage breakdown of support, opposition, and uncertainty regarding overturning the 2020 presidential election results in Michigan, segmented by Michigan Republicans and all Michigan voters. Each bar represents 100% of the respective voter group's responses. The X-axis represents the percentage, and the Y-axis lists the voter groups. The chart title asks, ""Do you support or oppose overturning the results of the 2020 presidential election in Michigan?"". The source is ""Michigan Statewide Voter Survey – Detroit Regional Chamber"".
Mark: Bar,
Background: Solid, light beige/cream color with a subtle texture,
Gridlines: Thin, faint white vertical lines at 0%, 25%, 50%, 75%, and 100%. No horizontal gridlines within the bars.,
Data Colors: ['Very Dark Gray', 'Medium Dark Gray', 'Light Gray'],
-------------------"
Shadikur,230,vox,How Michigan explains American politics - YouTube,,,6,To highlight demographic influence by showing how Michigan’s unique population makeup could impact future electoral outcomes.,15:42,16:04,Bar Chart,,"Suspense- Gradual Reveal, Emphasis, Comparison","Michigan and the US
It's tempting to think that Michigan is just a blue state now.
But it won't take much to make it swing back.
For example, Michigan is about 3% Middle Eastern and North African.
Doesn't sound like much, but that actually makes it
the most Arab American state in the country by far.
And that would be worth paying attention",https://youtu.be/bXYRJJIn_wI,"Chart 1 - Bar Chart
| State        | Percentage |
| :----------- | :--------- |
| Michigan     | 3.1%       |
| California   | 1.9%       |
| New Jersey   | 1.8%       |
| Massachusetts| 1.7%       |
| New York     | 1.5%       |
| Virginia     | 1.5%       |
| Illinois     | 1.3%       |
| Ohio         | 1.0%       |
| Florida      | 0.9%       |
| Texas        | 0.8%       |
-------------------","Chart 1 - Type: Bar Chart,
Description: This chart displays the percentage of the Middle Eastern and North African population in selected US states, based on the 2020 US Census. Michigan has the highest percentage, highlighted in yellow.
Mark: Rectangle,
Background: Solid, Light Beige (#F5F4E5),
Gridlines: Solid, Light Gray,
Data Colors: Yellow, Dark Grey
-------------------"
Shadikur,231,vox,How Michigan explains American politics - YouTube,,,7,To show Michigan’s representativeness by highlighting how closely its 2020 voting matched the national result.,16:42,17:00,Bar Chart,,"Suspense- Gradual Reveal, Emphasis, Comparison","This chart shows how every state voted
in the most recent presidential election, 2020.
If you put how the whole US voted onto this chart, it would go here.
And here is Michigan.
In other words, by at least one measure,
Michigan is the state closest to the country as a whole.",https://youtu.be/bXYRJJIn_wI,"Chart 1 - Diverging Bar Chart
| State | Election Margin (%) |
| :---------------- | :------------------ |
| Vermont | -35.0 |
| Massachusetts | -33.0 |
| Maryland | -33.0 |
| Hawaii | -30.0 |
| California | -29.0 |
| New York | -27.0 |
| Rhode Island | -25.0 |
| Connecticut | -25.0 |
| Washington | -24.0 |
| Delaware | -20.0 |
| Illinois | -18.0 |
| Oregon | -16.0 |
| New Jersey | -16.0 |
| Colorado | -14.0 |
| New Mexico | -12.0 |
| Virginia | -10.0 |
| Maine | -9.0 |
| New Hampshire | -8.0 |
| Minnesota | -7.0 |
| Michigan | -3.0 |
| Nevada | -2.5 |
| Pennsylvania | -1.5 |
| Wisconsin | -0.5 |
| Arizona | -0.3 |
| Georgia | -0.2 |
| North Carolina | 1.5 |
| Florida | 3.3 |
| Texas | 5.5 |
| Ohio | 8.0 |
| Iowa | 8.5 |
| Alaska | 10.0 |
| South Carolina | 12.0 |
| Kansas | 14.0 |
| Missouri | 15.0 |
| Indiana | 16.0 |
| Montana | 16.5 |
| Mississippi | 17.0 |
| Louisiana | 18.0 |
| Nebraska | 19.0 |
| Utah | 20.0 |
| Tennessee | 23.0 |
| Alabama | 25.0 |
| Kentucky | 26.0 |
| South Dakota | 27.0 |
| Arkansas | 28.0 |
| Idaho | 31.0 |
| Oklahoma | 33.0 |
| North Dakota | 33.5 |
| West Virginia | 39.0 |
| Wyoming | 43.0 |
-------------------","Chart 1 - Type: Diverging Bar Chart, 
Description: This chart displays the 2020 US presidential election margins by state, sourced from the Federal Election Commission. States are listed on the Y-axis, and the election margin in percentage is shown on the X-axis. Blue bars represent a win for one candidate (left side, negative margin), and red bars represent a win for the other candidate (right side, positive margin). The bars are sorted by margin from largest negative to largest positive. ,
Mark: Horizontal Bar, 
Background: Solid Light Beige, 
Gridlines: Thin Solid Light Grey Vertical Lines, 
Data Colors: Blue, Red, 
-------------------"
Shadikur,232,vox,Why Israel has so many Palestinian prisoners - YouTube,,,1,To highlight human rights concerns by showing the scale of child detention within the Israeli military court system.,09:43,09:53,Bar Chart,,"Suspense- Gradual Reveal, Emphasis, Comparison","These are minors between the ages of 12 and 18.
By the time the war began, there were over  150 of them in the military court system,
either placed in detention or in Israeli prisons.",https://youtu.be/9boE53Z_lAg,"Chart 1 - Bar Chart
| Year | Monthly Averages |
|:-----|:-----------------|
| 2008 | 319              |
| 2009 | 346              |
| 2010 | 285              |
| 2011 | 190              |
| 2012 | 196              |
| 2013 | 199              |
| 2014 | 188              |
| 2015 | 217              |
| 2016 | 375              |
| 2017 | 312              |
| 2018 | 271              |
| 2019 | 198              |
| 2020 | 165              |
| 2021 | 151              |
| 2022 | 138              |
| 2023 | 159              |
-------------------","Chart 1 - Type: Bar Chart,
Description: This bar chart displays the monthly average number of children in Israeli military detention from 2008 to 2023, showing fluctuations over the years with a peak in 2016. The data source is Military Court Watch.
Mark: Vertical Bar,
Background: Solid Dark Grey,
Gridlines: Dashed Light Grey,
Data Colors: ['#4aa9bd']
-------------------"
Shadikur,233,vox,Why buying a house in the US is so hard right now - YouTube,,,1,"To illustrate long-term housing appreciation by showing that U.S. home values rise over time, even after adjusting for inflation.",00:00,00:21,Line Chart,,"Suspense- Gradual Reveal, - Draw a arrow line to highlight ","When you buy a home in the US,
there is a basic promise:
that home values will go up over time.
And that is what you're seeing on this chart.
Let’s adjust it for inflation...
ok...
jerkier, but still basically goes up.
The story goes like this:",https://youtu.be/Exza1UYxXXM,"Chart 1 - Line Chart
| Year | Median US Home Sale Price ($) |
|------|-------------------------------|
| 1972 | 210000                        |
| 1973 | 205000                        |
| 1974 | 225000                        |
| 1975 | 200000                        |
| 1976 | 220000                        |
| 1977 | 255000                        |
| 1978 | 240000                        |
| 1979 | 250000                        |
| 1980 | 245000                        |
| 1981 | 235000                        |
| 1982 | 255000                        |
| 1983 | 230000                        |
| 1984 | 245000                        |
| 1985 | 235000                        |
| 1986 | 270000                        |
| 1987 | 285000                        |
| 1988 | 270000                        |
| 1989 | 285000                        |
| 1990 | 260000                        |
| 1991 | 250000                        |
| 1992 | 260000                        |
| 1993 | 250000                        |
| 1994 | 265000                        |
| 1995 | 255000                        |
| 1996 | 275000                        |
| 1997 | 285000                        |
| 1998 | 280000                        |
| 1999 | 295000                        |
| 2000 | 310000                        |
| 2001 | 300000                        |
| 2002 | 315000                        |
| 2003 | 330000                        |
| 2004 | 355000                        |
| 2005 | 370000                        |
| 2006 | 360000                        |
| 2007 | 330000                        |
| 2008 | 300000                        |
| 2009 | 290000                        |
| 2010 | 300000                        |
| 2011 | 295000                        |
| 2012 | 285000                        |
| 2013 | 310000                        |
| 2014 | 325000                        |
| 2015 | 340000                        |
| 2016 | 360000                        |
| 2017 | 380000                        |
| 2018 | 375000                        |
| 2019 | 390000                        |
| 2020 | 380000                        |
| 2021 | 430000                        |
| 2022 | 490000                        |
-------------------","Chart 1 - Type: Line Chart,
Description: This line chart displays the median US home sale price annually from 1972 to 2022, adjusted to 2022 dollars. An overlaid black curve illustrates the overall upward trend over this period. The data sources are the Federal Reserve Economic Data and the US Bureau of Labor Statistics.
Mark: Line,
Background: Solid, Light Gray (#e8e7e1),
Gridlines: Solid, Light Green (#c3d1c8),
Data Colors: Red (#c8404e), Black (for trendline),
-------------------"
Shadikur,234,vox,Why buying a house in the US is so hard right now - YouTube,,,2,To highlight affordability gap by comparing rising home prices with much slower income growth over time.,01:35,01:45,Line Chart,,"Suspense- Gradual Reveal,  Emphasis, Comparison - Bold the area to highlight ","So first, let's go back to the median US
housing price over the past 50 years, up to 2022.
And now add income onto it.
Yeah.",https://youtu.be/Exza1UYxXXM,"Chart 1 - Area Chart
| Year | Median Home Sale ($) | Median Income ($) |
|---|---|---|
| 1975 | 210000 | 65000 |
| 1978 | 240000 | 60000 |
| 1980 | 220000 | 60000 |
| 1982 | 220000 | 60000 |
| 1985 | 250000 | 60000 |
| 1988 | 300000 | 65000 |
| 1990 | 270000 | 65000 |
| 1992 | 260000 | 60000 |
| 1995 | 270000 | 60000 |
| 1998 | 300000 | 65000 |
| 2000 | 310000 | 70000 |
| 2002 | 330000 | 65000 |
| 2005 | 370000 | 68000 |
| 2007 | 350000 | 70000 |
| 2010 | 300000 | 65000 |
| 2012 | 320000 | 68000 |
| 2015 | 370000 | 70000 |
| 2018 | 380000 | 80000 |
| 2020 | 420000 | 80000 |
| 2022 | 490000 | 85000 |
-------------------","Chart 1 - Type: Area Chart,
Description: This chart illustrates the median US home sale price and median US income in 2022 dollars, spanning from approximately 1975 to 2022. The median home sale price is represented by a red line, with the area between this line and the median income line filled in yellow, indicating the increasing gap. The median US income is shown by a black line, with the area below it down to the x-axis filled in a dark green-grey color, representing the income value. The chart highlights a growing disparity between home sale prices and income over the decades.
Mark: Line with filled area below,
Background: Light muted green-grey solid,
Gridlines: Solid light green-grey,
Data Colors: Red (Median Home Sale line), Black (Median Income line), Yellow (fill representing difference between Home Sale and Income), Dark green-grey (fill representing Median Income),
-------------------"
Shadikur,235,vox,Why buying a house in the US is so hard right now - YouTube,,,3,To emphasize widening inequality by contrasting the growing gap between housing prices and incomes over time.,02:51,02:58,Line Chart,,"Suspense- Gradual Reveal, Emphasis, Comparison - Draw a dottet line to highlight and Draw a yellow square box to highlight ","when we go back to that chart of income and housing prices --
again, adjusted for inflation --
and compare this gap, to this gap.",https://youtu.be/Exza1UYxXXM,"Chart 1 - Line Chart
| Year | Median Home Sale | Median Income |
|------|------------------|---------------|
| 1972 | $210,000         | $60,000       |
| 1973 | $225,000         | $62,000       |
| 1974 | $240,000         | $65,000       |
| 1975 | $260,000         | $65,000       |
| 1976 | $250,000         | $67,000       |
| 1977 | $220,000         | $68,000       |
| 1978 | $240,000         | $70,000       |
| 1979 | $265,000         | $70,000       |
| 1980 | $290,000         | $68,000       |
| 1981 | $270,000         | $68,000       |
| 1982 | $250,000         | $67,000       |
| 1983 | $230,000         | $68,000       |
| 1984 | $220,000         | $69,000       |
| 1985 | $235,000         | $70,000       |
| 1986 | $255,000         | $70,000       |
| 1987 | $275,000         | $71,000       |
| 1988 | $295,000         | $72,000       |
| 1989 | $280,000         | $73,000       |
| 1990 | $260,000         | $72,000       |
| 1991 | $270,000         | $72,000       |
| 1992 | $275,000         | $72,000       |
| 1993 | $260,000         | $73,000       |
| 1994 | $270,000         | $74,000       |
| 1995 | $280,000         | $75,000       |
| 1996 | $290,000         | $75,000       |
| 1997 | $300,000         | $76,000       |
| 1998 | $310,000         | $77,000       |
| 1999 | $325,000         | $78,000       |
| 2000 | $300,000         | $78,000       |
| 2001 | $310,000         | $79,000       |
| 2002 | $320,000         | $79,000       |
| 2003 | $330,000         | $80,000       |
| 2004 | $350,000         | $80,000       |
| 2005 | $370,000         | $81,000       |
| 2006 | $350,000         | $82,000       |
| 2007 | $330,000         | $83,000       |
| 2008 | $310,000         | $83,000       |
| 2009 | $300,000         | $82,000       |
| 2010 | $310,000         | $82,000       |
| 2011 | $290,000         | $83,000       |
| 2012 | $295,000         | $83,000       |
| 2013 | $320,000         | $84,000       |
| 2014 | $330,000         | $84,000       |
| 2015 | $350,000         | $85,000       |
| 2016 | $360,000         | $86,000       |
| 2017 | $380,000         | $87,000       |
| 2018 | $390,000         | $88,000       |
| 2019 | $380,000         | $88,000       |
| 2020 | $400,000         | $89,000       |
| 2021 | $450,000         | $90,000       |
| 2022 | $480,000         | $92,000       |
-------------------","Chart 1 - Type: Line Chart,
Description: This line chart illustrates the trend of median US home sale price and median income from 1972 to 2022, adjusted to 2022 dollars, highlighting their relative changes over five decades.,
Mark: Line (for both data series), with highlighted square points at 1972 and 2022.,
Background: Solid, Light Beige (#E0E3D1),
Gridlines: Solid, Light Greenish-Grey (#A3AC95),
Data Colors: Median Home Sale: Dark Red (#C74242), Median Income: Dark Grey (#333333), Highlight boxes: Yellow (#FFD700) with black dotted lines,
-------------------"
Shadikur,236,vox,Why buying a house in the US is so hard right now - YouTube,,,4,To show recent housing price shifts while explaining that high prices are driven largely by limited housing supply.,02:59,03:14,Line Chart,,"Suspense- Gradual Reveal, Emphasis, Comparison -  Draw a yellow square box to highlight ","Now, as for the home prices themselves.
Let's zoom in to make that data easier to see...
bring it up to date...
You can see that the prices are starting
to go down a little bit in 2023.
But part of why they got so high in the first place
is a lack of supply.",https://youtu.be/Exza1UYxXXM,"Chart 1 - Line Chart
| Year | Median US Home Price (2023 dollars) |
| :--- | :---------------------------------- |
| 1972 | 205000                              |
| 1977 | 270000                              |
| 1980 | 230000                              |
| 1982 | 210000                              |
| 1988 | 305000                              |
| 1990 | 285000                              |
| 1992 | 265000                              |
| 1995 | 280000                              |
| 2000 | 300000                              |
| 2006 | 390000                              |
| 2010 | 310000                              |
| 2012 | 290000                              |
| 2018 | 400000                              |
| 2020 | 385000                              |
| 2022 | 495000                              |
| 2023 | 425000                              |
-------------------","Chart 1 - Type: Line Chart,
Description: This chart illustrates the median US home price from 1972 to 2023, expressed in 2023 dollars, based on data from the Federal Reserve Economic Data and US Bureau of Labor Statistics. The trend shows a general increase over the decades, with notable periods of rapid growth, such as in the late 1980s, mid-2000s, and post-2012, leading to a peak around 2022. The chart also captures significant dips, notably around 1980-1982, early 1990s, and following the 2008 financial crisis (around 2010-2012). The most recent data point for 2023 is highlighted by a yellow rectangle, indicating a decline from the 2022 peak.
Mark: Line,
Background: Solid, Pale Green-Gray,
Gridlines: Solid, Light Green,
Data Colors: Red, Yellow
-------------------"
Shadikur,237,vox,Why buying a house in the US is so hard right now - YouTube,,,5,To demonstrate housing scarcity by showing that the share of homes available for sale is at a historic low.,03:15,03:25,Line Chart,,"Suspense- Gradual Reveal, Emphasis, Comparison -  Draw a yellow square box to highlight ","This chart shows what's called the “homeowner vacancy rate”
over about 70 years.
It's the percent of homes in the US
that are actually for sale.
And it's currently the lowest
since we started collecting data.",https://youtu.be/Exza1UYxXXM,"Chart 1 - Line Chart
| Year | Vacancy Rate (%) |
|------|------------------|
| 1956 | 0.9              |
| 1958 | 1.2              |
| 1960 | 1.0              |
| 1961 | 1.2              |
| 1962 | 1.4              |
| 1963 | 1.2              |
| 1964 | 1.4              |
| 1965 | 1.7              |
| 1966 | 1.5              |
| 1967 | 1.2              |
| 1968 | 1.0              |
| 1969 | 1.2              |
| 1970 | 1.1              |
| 1971 | 1.3              |
| 1972 | 1.1              |
| 1973 | 0.9              |
| 1974 | 0.8              |
| 1975 | 1.0              |
| 1976 | 1.3              |
| 1977 | 1.9              |
| 1978 | 1.5              |
| 1979 | 0.8              |
| 1980 | 1.1              |
| 1981 | 1.3              |
| 1982 | 1.5              |
| 1983 | 1.6              |
| 1984 | 1.8              |
| 1985 | 1.6              |
| 1986 | 1.4              |
| 1987 | 1.5              |
| 1988 | 1.8              |
| 1989 | 1.9              |
| 1990 | 1.6              |
| 1991 | 1.7              |
| 1992 | 1.5              |
| 1993 | 1.4              |
| 1994 | 1.5              |
| 1995 | 1.6              |
| 1996 | 1.4              |
| 1997 | 1.5              |
| 1998 | 1.6              |
| 1999 | 1.8              |
| 2000 | 1.5              |
| 2001 | 1.6              |
| 2002 | 1.7              |
| 2003 | 1.8              |
| 2004 | 2.0              |
| 2005 | 2.2              |
| 2006 | 2.6              |
| 2007 | 2.8              |
| 2008 | 2.7              |
| 2009 | 2.6              |
| 2010 | 2.2              |
| 2011 | 2.0              |
| 2012 | 1.8              |
| 2013 | 1.6              |
| 2014 | 1.5              |
| 2015 | 1.3              |
| 2016 | 1.1              |
| 2017 | 1.0              |
| 2018 | 0.9              |
| 2019 | 0.8              |
| 2020 | 0.8              |
| 2021 | 0.9              |
| 2022 | 0.8              |
| 2023 | 0.7              |
-------------------","Chart 1 - Type: Line Chart, 
Description: This chart displays the US homeowner vacancy rate from 1956 to 2023. The rate fluctuates over the decades, peaking significantly around 2007 before declining steadily. The most recent data from 2020-2023 is highlighted, showing the rate at historically low levels. The data is sourced from the Federal Reserve Economic Data and US Census Bureau.
Mark: Line (with a highlighted section for recent data), 
Background: Light grey-beige, 
Gridlines: Muted green thin lines, 
Data Colors: Dark red (for the line), Ochre yellow (for the highlighted section), 
-------------------"
Shadikur,238,vox,Why buying a house in the US is so hard right now - YouTube,,,6,To show the long-term decline in borrowing costs by illustrating how U.S. mortgage interest rates have generally fallen over time.,06:19,06:27,Line Chart,,"Suspense- Gradual Reveal, - Draw a arrow line to highlight ","This chart shows the average interest rate
of a common type of mortgage over the past 50 years.
In the long term, it's mostly been going down.",https://youtu.be/Exza1UYxXXM,"Chart 1 - Line Chart
| Year | Rate (%) |
|------|----------|
| 1975 | 7.0      |
| 1978 | 9.0      |
| 1980 | 12.0     |
| 1981 | 18.5     |
| 1983 | 12.0     |
| 1984 | 15.0     |
| 1986 | 9.0      |
| 1990 | 9.5      |
| 1994 | 7.5      |
| 1995 | 9.0      |
| 1997 | 7.0      |
| 2000 | 8.0      |
| 2001 | 7.0      |
| 2003 | 5.5      |
| 2006 | 6.5      |
| 2009 | 5.0      |
| 2010 | 4.5      |
| 2012 | 3.5      |
| 2015 | 4.0      |
| 2018 | 5.0      |
| 2020 | 3.0      |
| 2021 | 3.5      |
| 2022 | 6.5      |
| 2023 | 6.5      |
-------------------","Chart 1 - Type: Line Chart, 
Description: This chart illustrates the average 30-year fixed mortgage rate in the US over time, based on data from Freddie Mac and the Federal Reserve Economic Data. The rates peaked significantly in the early 1980s, followed by a general downward trend with various fluctuations, reaching historic lows around 2020, and showing a recent upward swing. A large black arrow visually emphasizes the long-term declining trend from the 1980s peak. The X-axis represents years from approximately 1975 to 2023, and the Y-axis represents the mortgage rate in percentages from 0% to 20%. The overall aesthetic is clean with a muted color palette.
Mark: Line (for the data series, thick and continuous), Arrow (for the trend indicator), 
Background: Solid light desaturated green-grey, 
Gridlines: Solid thin lines, light green/teal, 
Data Colors: Red (for the mortgage rate line), Black (for the trend arrow), 
-------------------"
Shadikur,239,vox,Why buying a house in the US is so hard right now - YouTube,,,7,To frame rising home prices as evidence that buying a house has become increasingly difficult over time.,06:32,06:38,Line Chart,,"Suspense- Gradual Reveal, - Draw a arrow line to highlight ","So: while this chart, of housing prices,
told a story of it getting harder to buy a house over time,",https://youtu.be/Exza1UYxXXM,"Chart 1 - Line Chart
| Year | Median US home price (2023 dollars) |
| :--- | :---------------------------------- |
| 1972 | 205000 |
| 1974 | 228000 |
| 1976 | 210000 |
| 1978 | 260000 |
| 1980 | 230000 |
| 1982 | 250000 |
| 1984 | 220000 |
| 1986 | 255000 |
| 1988 | 310000 |
| 1990 | 275000 |
| 1992 | 285000 |
| 1994 | 270000 |
| 1996 | 285000 |
| 1998 | 300000 |
| 2000 | 315000 |
| 2002 | 350000 |
| 2004 | 390000 |
| 2006 | 310000 |
| 2008 | 340000 |
| 2010 | 305000 |
| 2012 | 325000 |
| 2014 | 355000 |
| 2016 | 380000 |
| 2018 | 410000 |
| 2020 | 400000 |
| 2021 | 460000 |
| 2022 | 495000 |
| 2023 | 470000 |
-------------------","Chart 1 - Type: Line Chart,
Description: This chart displays the median US home price from 1972 to 2023, adjusted to 2023 dollars. It illustrates a general upward trend over the decades, with significant fluctuations, including a notable peak in the mid-2000s followed by a decline, and a sharp increase in prices from 2020 to 2022 before a slight dip in 2023. An annotated arrow highlights the overall upward trajectory. The data sources are Federal Reserve Economic Data and the US Bureau of Labor Statistics.
Mark: Line,
Background: Solid light greenish-gray,
Gridlines: Thin, solid, light greenish-gray,
Data Colors: Red (for the median home price line), Black (for the annotation arrow),
-------------------"
Shadikur,240,vox,Why buying a house in the US is so hard right now - YouTube,,,8,To complicate the affordability narrative by showing that falling mortgage rates partially offset rising home prices.,06:39,06:48,Line Chart,,"Suspense- Gradual Reveal, Emphasis, Comparison -  Draw a yellow square box to highlight ","the interest rate chart seems to tell a different story:
of very high and burdensome interest rates at one point,
and mostly lower and lower interest rates over time.
So now the story is slightly more complicated,",https://youtu.be/Exza1UYxXXM,"Chart 1 - Line Chart
| Year | Mortgage Rate (%) |
|---|---|
| 1976 | 9.0 |
| 1980 | 12.5 |
| 1981 | 18.5 |
| 1987 | 9.0 |
| 1990 | 10.0 |
| 1993 | 7.0 |
| 1995 | 8.0 |
| 1998 | 7.0 |
| 2000 | 8.0 |
| 2003 | 5.8 |
| 2006 | 6.5 |
| 2009 | 4.8 |
| 2010 | 4.8 |
| 2012 | 3.5 |
| 2013 | 4.3 |
| 2016 | 3.5 |
| 2018 | 4.7 |
| 2020 | 3.0 |
| 2023 | 6.8 |
-------------------","Chart 1 - Type: Line Chart,
Description: A line chart showing the average 30-year fixed mortgage rate in the US from approximately 1976 to 2023. The chart highlights specific periods of relatively low rates with yellow shaded rectangular areas. Data is sourced from Freddie Mac and Federal Reserve Economic Data.,
Mark: Line (wavy), Highlight rectangles (for specific periods),
Background: Solid light grey/beige (#EBEAE0),
Gridlines: Solid light green/grey horizontal gridlines (#B1C0B4),
Data Colors: Line: Dark red (#BE364D), Highlight areas: Yellow/orange (#E4B54C),
-------------------"
Shadikur,241,vox,Why buying a house in the US is so hard right now - YouTube,,,9,"To show the breakdown of the historical trade-off between mortgage rates and home prices, highlighting when both rise together.",06:49,06:57,Line Chart,,"Suspense- Gradual Reveal, Emphasis, Comparison -  Draw a yellow square box to highlight ","and if we look at them on the same timeline,
they seem to kind of go in opposite directions.
Until they don't.",https://youtu.be/Exza1UYxXXM,"Chart 1 - Line Chart
| Year | Mortgage Rate (%) | Median Home Price (2023 Dollars) ($) |
| :--- | :---------------- | :----------------------------------- |
| 1970 | 7.5               | 210000                               |
| 1975 | 9.0               | 225000                               |
| 1980 | 14.5              | 275000                               |
| 1982 | 17.5              | 285000                               |
| 1985 | 12.0              | 290000                               |
| 1990 | 10.0              | 300000                               |
| 1995 | 7.5               | 310000                               |
| 2000 | 8.0               | 325000                               |
| 2005 | 6.0               | 370000                               |
| 2007 | 6.0               | 395000                               |
| 2009 | 5.0               | 305000                               |
| 2010 | 4.5               | 315000                               |
| 2015 | 4.0               | 340000                               |
| 2020 | 3.0               | 390000                               |
| 2021 | 3.5               | 430000                               |
| 2022 | 5.5               | 480000                               |
| 2023 | 7.0               | 450000                               |
-------------------","Chart 1 - Type: Line Chart, 
Description: This dual-axis line chart displays the average 30-year fixed mortgage rate and the median home sale price in the US from approximately 1970 to 2023. The left Y-axis represents median home price (in 2023 dollars), while the right Y-axis represents the mortgage rate percentage. A highlighted area from 2020 to 2023 emphasizes recent trends for both metrics.,
Mark: Line, 
Background: Solid light beige/grey, 
Gridlines: Faint grey horizontal solid lines; green solid axis lines, 
Data Colors: Mortgage Rate: Red (#B83B4F), Median Home Price, 2023 Dollars: Black (#262626), Highlight Area: Golden Yellow (#F3D279), 
-------------------"
Shadikur,242,vox,Cow burps are a climate problem. Can seaweed help? - YouTube,,,1,To compare methane-reducing feed additives and show that seaweed is the most effective option tested.,03:14,03:32,Bar Chart,,"Suspense- Gradual Reveal, Emphasis, Comparison - Draw a arrow line to highlight ","Other additives work too, like fatty acids
which reduce methane by lowering the carbohydrate content
and reducing a specific parasite in the rumen known as protozoa.
And oregano was found to reduce
the number of bacteria in the rumen
to limit methane production.
But so far, out of all the additives tested
seaweed has been the most effective.",https://youtu.be/oRUjKZOhV6E,"Chart 1 - Horizontal Bar Chart
| Additive | Mean difference of methane production (g/d) |
|:---------|:--------------------------------------------|
| Seaweed  | -1                                          |
| Fatty acids | -82                                         |
| 3NOP     | -68                                         |
| Oregano  | -52                                         |
| Tannins  | -48                                         |
| Nitrate  | -36                                         |
| Agolin   | -28                                         |
| Monensin | -16                                         |
| Biochar  | -8                                          |
| Cinnamon | -4                                          |
| Garlic   | -2                                          |
| Saponins | -1                                          |
-------------------","Chart 1 - Type: Horizontal Bar Chart, 
Description: This horizontal bar chart displays the mean difference in methane production (g/d) for various feed additives, as researched by the University of California Davis. The y-axis lists different additives, and the x-axis represents the methane reduction, with negative values indicating a reduction.
Mark: Horizontal Bar, 
Background: Light gray/off-white with a subtle grainy texture, 
Gridlines: Thin, dashed light gray horizontal and vertical lines, 
Data Colors: Light Cyan, Dark Teal Green, Dark Slate Gray, Dark Earthy Brown, Light Taupe, Medium Taupe, Light Blue, Dark Olive Green, Black, Medium Brown, Very Light Gray, Light Grayish Brown, 
-------------------"
Shadikur,243,vox,The race to mine the bottom of the ocean - YouTube,,,1,To show surging mineral demand driven by the transition to clean energy and decarbonization.,00:34,00:45,Bar Chart,,"Suspense- Gradual Reveal, Emphasis, Comparison - Draw a arrow line to highlight ","But our needs are changing.
To fully decarbonize, we need clean energy.
And that requires more metals...
up to six times more to get us there.",https://youtu.be/pf1GvrUqeIA,"Chart 1 - Stacked Bar Chart
| Sector | 2020 (Mt) | Net-zero by 2050 scenario (Mt) |
|:-------------------------------|----------:|-------------------------------:|
| Solar photovoltaics            | 0.8       | 4.5                            |
| Wind                           | 0.7       | 4.0                            |
| Other low-carbon power generation | 0.7       | 1.5                            |
| EVs and battery storage        | 2.3       | 19.0                           |
| Electricity networks           | 2.5       | 13.0                           |

-------------------","Chart 1 - Type: Stacked Bar Chart, 
Description: This chart illustrates the mineral demand by clean energy sector, comparing the demand in 2020 to a projected ""Net-zero by 2050 scenario"". The demand is broken down into five distinct sectors: Solar photovoltaics, Wind, Other low-carbon power generation, EVs and battery storage, and Electricity networks. An annotation indicates a 6x increase in total demand from 2020 to the 2050 scenario. The Y-axis represents mineral demand in Megatonnes (Mt).,
Mark: Rectangular bars, 
Background: Solid, Light grey (#F2F2F2), 
Gridlines: Solid, Light grey (#DCDCDC), 
Data Colors: ['#A28469', '#B6B0A7', '#6E7A75', '#8BB2D0', '#486F97'], 
-------------------"
Shadikur,244,vox,How to fight climate change with parking lots - YouTube,,,1,To show the rapid growth of solar power and explain why large-scale solar development is concentrated in rural and undeveloped areas rather than cities.,01:18,01:42,Bar Chart,,"Suspense- Gradual Reveal, Comparison - Draw a line to highlight and draw color boxes to highlight.","And over the past several years
as the US has ramped up solar power generation...
the vast majority of solar arrays
have been built in rural areas.
According to one study
over half of utility scale solar facilities
were placed in deserts.
Another third in croplands.
10% in grasslands and forests.
And just 2.5% in urban areas.
That makes sense.",https://youtu.be/yeaQUhAOdtk,"Chart 1 - Combination Chart (Line and Bar)
| Year | Net Generation (GWh) |
|---|---|
| 2010 | 5000 |
| 2011 | 8000 |
| 2012 | 12000 |
| 2013 | 19000 |
| 2014 | 30000 |
| 2015 | 45000 |
| 2016 | 50000 |
| 2017 | 60000 |
| 2018 | 75000 |
| 2019 | 90000 |
| 2020 | 105000 |
| 2021 | 120000 |
| 2022 | 145000 |
-------------------","Chart 1 - Type: Combination Chart (Line and Bar),
Description: Solar power net generation in the US from 2010 to 2022, measured in gigawatt hours.
Mark: Line (for 2010-2015), Bar (for 2016-2022),
Background: Light Grey,
Gridlines: Solid Thin Dark Grey,
Data Colors: Black (line), Light Grey (bars),
-------------------"
Shadikur,245,vox,How to fight climate change with parking lots - YouTube,,,2,Showing that selling solar power back to the grid can generate increasing profits over time.,05:36,05:46,Line Chart,,"Suspense- Gradual Reveal, Comparison - Draw a some dot circles to highlight","selling solar back to the grid at going rates...
could still be profitable enough
to make solar canopies worth it in the long run.
It really goes down to...
how much are you paying for electricity...",https://youtu.be/yeaQUhAOdtk,"Chart 1 - Line Chart
| Year | Profit ($) |
| :--- | :--------- |
| 2015 | 200000     |
| 2016 | 220000     |
| 2017 | 260000     |
| 2018 | 310000     |
| 2019 | 370000     |
| 2020 | 440000     |
| 2021 | 510000     |
| 2022 | 590000     |
| 2023 | 670000     |
| 2024 | 750000     |
| 2025 | 840000     |
| 2026 | 930000     |
| 2027 | 1020000    |
| 2028 | 1110000    |
| 2029 | 1200000    |
| 2030 | 1290000    |
| 2031 | 1380000    |
| 2032 | 1470000    |
| 2033 | 1560000    |
| 2034 | 1650000    |
| 2035 | 1740000    |
| 2036 | 1830000    |
| 2037 | 1920000    |
| 2038 | 2010000    |
| 2039 | 2100000    |
| 2040 | 2200000    |
-------------------","Chart 1 - Type: Line Chart, 
Description: This chart illustrates the best-case profit scenario for canopies in Traverse City, MI, showing the profit per year when selling at 20c/kWh, from 2015 to 2040. The source is Krishnan, Haselhuhn, Pearce, 2017.,
Mark: Circles connected by a line, 
Background: Light gray with subtle texture, 
Gridlines: Solid, light gray, 
Data Colors: Black (line), Light blue (data points), 
-------------------"
Shadikur,246,vox,It's time to replace urban delivery vans - YouTube,,,1,"To show the lasting shift to online shopping, highlighting how e-commerce growth accelerated during the pandemic and remained elevated afterward.",01:06,01:18,Bar Chart,,"Suspense- Gradual Reveal, Emphasis, Comparison - Draw a arrow line to highlight ","Even before the pandemic
online shopping was already growing
as a share of total retail sales worldwide.
And for many of us...
the pandemic habit hasn't faded away.
Even as stores have reopened.",https://youtu.be/R63DdEe_8aM,"Chart 1 - Line Chart
| Year | Share of e-retail sales (%) |
|------|-----------------------------|
| 2015 | 7.5                         |
| 2016 | 9.0                         |
| 2017 | 11.0                        |
| 2018 | 13.0                        |
| 2019 | 14.0                        |
| 2020 | 18.5                        |
| 2021 | 19.3                        |
| 2022 | 19.4                        |
| 2023 | 19.6                        |
-------------------","Chart 1 - Type: Line Chart with Area Fill, 
Description: This chart titled ""GLOBAL TOTAL RETAIL SALES, 2015-2023"" displays the share of e-retail sales as a percentage of global total retail sales over the years 2015 to 2023. The data source is the International Trade Administration, US Department of Commerce. The line shows a steady increase, with a notable jump around 2019-2020, and then a stabilization near 20% in subsequent years. The year 2020 is highlighted with a circular mark.,
Mark: Line (connected segments), Circle (for 2020), 
Background: Light off-white (plot area above the line), Light gray (area fill under the line), 
Gridlines: Dashed, Dark Gray, 
Data Colors: Black (line), Light Gray (area fill), Light Blue (2020 highlight), 
-------------------"
Shadikur,248,vox,It's time to replace urban delivery vans - YouTube,,,3,To demonstrate emissions reduction benefits by comparing electric cargo vans to conventional gas-powered vans.,05:30,05:36,Bar Chart,,"Suspense- Gradual Reveal, Emphasis, Comparison - Draw a arrow line to highlight ","Of course, switching those vans from gas to electric
would definitely help reduce CO2 emissions.",https://youtu.be/R63DdEe_8aM,"Chart 1 - Horizontal Bar Chart
| Vehicle Type | Emissions (gCO2/km) |
| :------------- | :------------------ |
| Electric van | 85                  |
| Conventional van | 240                 |
-------------------","Chart 1 - Type: Horizontal Bar Chart, 
Description: This chart illustrates the lifecycle emissions from cargo van options, comparing electric vans against conventional vans, with data sourced from the University of Westminster. The x-axis represents emissions in gCO2/km. An arrow points towards the lower emission value of the electric van.,
Mark: Horizontal Rectangle, 
Background: Light grey with a subtle textured pattern, 
Gridlines: Solid vertical lines, dark grey/black, 
Data Colors: Light Blue, Dark Green, 
-------------------"
Shadikur,249,vox,It's time to replace urban delivery vans - YouTube,,,4,To highlight rising road safety risks by showing sharp increases in pedestrian and cyclist deaths despite vehicle electrification.,05:37,05:49,Bar Chart,,"Suspense- Gradual Reveal, Emphasis, Comparison","But electric trucks and vans aren't any safer
for the pedestrians and cyclists trying to share the road.
Between 2010 and 2021...
pedestrian deaths in the US rose 54%.
Among cyclists: 55%.",https://youtu.be/R63DdEe_8aM,"Chart 1 - Horizontal Bar Chart
| Category | Percent Increase |
|:-----------|-----------------:|
| Pedestrians | 54 |
| Cyclists | 55 |
-------------------","Chart 1 - Type: Horizontal Bar Chart,
Description: This chart visualizes the percent increase in US traffic deaths for pedestrians and cyclists between 2010 and 2021. Pedestrian deaths increased by 54%, while cyclist deaths saw a 55% increase.,
Mark: Rectangle,
Background: Light grey with subtle texture,
Gridlines: Dashed vertical lines, light grey,
Data Colors: Light blue, Dark greenish-grey,
-------------------"
Shadikur,250,vox,How Republicans conquered Florida - YouTube,,,1,To explain how narrowly the 2000 US election was decided and why Florida mattered so much.,00:00,00:21,Bar Chart,,"Suspense- Gradual Reveal, Emphasis, Comparison - Draw a arrow line to highlight ","This is the state of Florida.
Hang on, I'm just going to zoom out.
Okay.
This is a chart of how every US state
voted for president in the year 2000.
Democrat states here, Republican states here,
and then some really close states, and then, Florida.
Maybe you know this story.",https://youtu.be/UpmwhkNg5Dw,"Chart 1 - Horizontal Divergent Bar Chart
| State | Margin (%) |
|:--------------|-----------:|
| Rhode Island | -30.5 |
| Massachusetts | -29.0 |
| New York | -25.5 |
| Hawaii | -22.0 |
| Connecticut | -20.5 |
| Maryland | -17.5 |
| New Jersey | -16.0 |
| Delaware | -13.5 |
| Illinois | -13.0 |
| California | -12.0 |
| Vermont | -10.0 |
| Washington | -9.0 |
| Michigan | -8.0 |
| Maine | -6.5 |
| Pennsylvania | -4.5 |
| Minnesota | -3.5 |
| Oregon | -0.5 |
| Iowa | -0.3 |
| Wisconsin | -0.2 |
| New Mexico | -0.1 |
| Florida | 0.01 |
| New Hampshire | 1.5 |
| Missouri | 3.5 |
| Ohio | 3.5 |
| Nevada | 3.5 |
| Tennessee | 3.5 |
| Arkansas | 5.0 |
| Arizona | 6.5 |
| West Virginia | 7.0 |
| Louisiana | 8.0 |
| Virginia | 8.5 |
| Colorado | 8.5 |
| Georgia | 11.0 |
| North Carolina | 12.5 |
| Alabama | 15.0 |
| Kentucky | 15.5 |
| Indiana | 15.5 |
| South Carolina | 16.5 |
| Mississippi | 17.5 |
| Kansas | 18.0 |
| Texas | 21.5 |
| Oklahoma | 22.5 |
| South Dakota | 23.0 |
| Montana | 24.5 |
| North Dakota | 26.0 |
| Nebraska | 30.0 |
| Alaska | 31.5 |
| Idaho | 33.0 |
| Wyoming | 36.0 |
| Utah | 39.5 |
-------------------","Chart 1 - Type: Horizontal Divergent Bar Chart,
Description: This chart displays the 2000 US presidential election margins by state, sourced from the Federal Election Commission. States are listed on the y-axis, and the percentage margin is shown on the x-axis. A margin of 0% is centered. Blue bars extending to the left indicate a winning margin for one candidate (likely Democratic, Al Gore), while red bars extending to the right indicate a winning margin for the other candidate (likely Republican, George W. Bush). States are ordered from largest margin of the first candidate to largest margin of the second candidate.
Mark: Bar,
Background: Light beige,
Gridlines: Thin vertical light gray lines,
Data Colors: Light Blue, Red,
-------------------"
Shadikur,19,Vox,Why we need so much lithium,,,1,Explain historical lithium market fluctuations,00:30,00:46,Line Chart,,Annotation,"Really the future. And considering the trajectory of lithium prices,
you could see why people are saying that this is like the next gold rush.
But there is a problem because unlike gold,
the earth is actually in no short supply of lithium.
And as quickly as these lithium prices went up, they also seem
to be falling down.",https://youtu.be/bYzmx5qPWvM,"Chart 1 - Line Chart
| Year | Price ($/tonne) |
|------|-----------------|
| 2000 | 2500            |
| 2004 | 2000            |
| 2008 | 3000            |
| 2012 | 2500            |
| 2016 | 17500           |
| 2020 | 10000           |
| 2024 | 15000           |
-------------------","Chart 1 - Type: Line Chart, 
Description: This chart, titled ""The rise and fall of lithium prices"", displays the price of lithium in dollars per tonne from 2000 to 2024, sourced from the US Geological Survey. It shows relatively stable low prices until around 2016, followed by an increase, a dip around 2020, a sharp spike reaching its peak around 2022-2023, and then a subsequent decline by 2024. The Y-axis represents price in $/tonne (0 to $80k), and the X-axis represents years (2000 to 2024).,
Mark: Line, 
Background: Dark grey with a subtle blue tint, featuring an overlaid abstract pattern resembling a circuit board or world map., 
Gridlines: Solid white (for axis lines and horizontal gridlines), 
Data Colors: ['#FFFF00']
-------------------"
Shadikur,20,Vox,Why we need so much lithium,,,2,Explain China’s dominance in battery mineral refining,05:29,05:38,Bar Chart,,"Growth, transition, annotation","But where China really controls the supply chain are the steps after mining,
no matter who owns the minerals, China refines a vast majority of them.",https://youtu.be/bYzmx5qPWvM,"Chart 1 - Horizontal Bar Chart
| Mineral Refining | Control (%) |
|:-----------------|:------------|
| Lithium refining | 83          |
| Cobalt refining  | 68          |
| Nickel refining  | 42          |
| Graphite refining | 93          |
-------------------","Chart 1 - Type: Horizontal Bar Chart,
Description: This chart illustrates the percentage of global refining capacity for key battery minerals controlled by Chinese firms, based on the IEA Global Critical Minerals Outlook 2024. It shows the extent of China's dominance in the supply chain for materials like Lithium, Cobalt, Nickel, and Graphite.
Mark: Rectangle,
Background: Light grey with a subtle grid overlay,
Gridlines: Faint light grey, dashed vertical lines,
Data Colors: Blue, Brown, Dark Green, Gold,
-------------------"
Shadikur,21,Vox,The case that could set us back 60 years (Preview of new exclusive series),,,1,Show the impact of the Voting Rights Act on Black voter registration,00:53,01:02,Bar Chart,,"Growth, transition, Suspense","Um, so on the day it was signed, less
than 7% of black eligible voters in the
state of Mississippi were registered to
vote. Just two years later, that number
was 60%.",https://youtu.be/9MuMsxEAMgo,"Chart 1 - Bar Chart
| Year | Black Voter Registration Percentage |
|------|-----------------------------------|
| 1965 | 5%                                |
| 1967 | 60%                               |
-------------------","Chart 1 - Type: Bar Chart, 
Description: This bar chart displays the percentage of Black voter registration in Mississippi before (1965) and after (1967) the Voting Rights Act. It shows a significant increase in registration from 1965 to 1967. A dashed yellow line highlights the 60% registration mark. The title indicates the source as the US Commission on Civil Rights.
Mark: Rectangular bars, 
Background: Light gray with a faded architectural sketch (likely the US Supreme Court building) and faint text in the background. The overall background is a soft, muted gray.
Gridlines: Dark gray solid lines for the Y-axis (at 0%, 20%, 40%, 60%, 80%, 100%). A dashed yellow horizontal line is present at 60%.
Data Colors: Yellow, 
-------------------"
Shadikur,22,Vox,The salmon dilemma,,,1,Compare feed efficiency across different livestock species,04:53,05:01,Bar Chart,,"Growth, transition, annotation","In other words, despite the impact that salmon feed may have on the environment,
it still takes less of that feed than it would for other livestock.",https://youtu.be/14pAZJMgnZw,"Chart 1 - Stacked Bar Chart
| Animal | Feed conversion ratio (kg) |
|:-------|:---------------------------|
| Salmon | 1.1                        |
| Chicken| 1.85                       |
| Pig    | 3.85                       |
| Cow    | 8.0                        |
-------------------","Chart 1 - Type: Stacked Bar Chart,
Description: This stacked bar chart, titled ""Feed efficiency"", visually represents the estimated feed conversion ratio (FCR) for four different animals: Salmon, Chicken, Pig, and Cow. Each bar is composed of two segments, with the total height of the stacked segments indicating the typical range of the FCR (kg of feed per kg of weight gain). The X-axis labels are depicted by illustrative animal icons, while the Y-axis quantifies the ""Feed conversion ratio (kg)"" ranging from 0 to 12. The data points represent the midpoint of the visually indicated range for each animal.
Mark: Stacked rectangular bars,
Background: Dark blue with faint, lighter blue fish silhouettes and an overlay of subtle grid lines,
Gridlines: Thin white lines, horizontal and vertical,
Data Colors: Salmon - Base: #f98f39, Top: #8b4513; Chicken - Base: #ed5545, Top: #a93226; Pig - Base: #f7bbbb, Top: #913057; Cow - Base: #d3b58c, Top: #8b4513
-------------------"
Shadikur,23,Vox,Why rural America needs telehealth,,,1,Show how telehealth usage surged at the start of the COVID-19 pandemic,03:12,03:20,Bar Chart,,"Growth, transition, Suspense"," But more recently, we saw a
massive uptick in the widespread use of
tellahalth. Starting here, March 2020,
at the start of the co 19 pandemic,",https://youtu.be/FjPSeB-brrM,"Chart 1 - Grouped Bar Chart
| Year | Month | Percentage |
|:-----|:------|:-----------|
| 2019 | March | 0.1        |
| 2019 | June  | 0.2        |
| 2019 | Sept  | 0.2        |
| 2019 | Dec   | 0.3        |
| 2020 | March | 7.3        |
| 2020 | June  | 6.8        |
| 2020 | Sept  | 5.1        |
| 2020 | Dec   | 6.5        |
| 2021 | March | 5.7        |
| 2021 | June  | 4.5        |
| 2021 | Sept  | 4.4        |
| 2021 | Dec   | 4.9        |
-------------------","Chart 1 - Type: Grouped Bar Chart, 
Description: This chart illustrates the percentage of telehealth claims by year (2019-2021) for specific months (March, June, September, December). It highlights a significant surge in telehealth claims starting in March 2020, with subsequent fluctuations in different months across the years. The Y-axis represents the percentage, and the X-axis represents the year. An annotation specifically points out the March 2020 peak. The data source is ""Julia Shaver, 'The State of Telehealth Before and After the COVID-19 Pandemic', Primary Care, 2022"". It demonstrates the impact of the pandemic on telehealth adoption.,
Mark: Rectangular bars, 
Background: Solid dark blue, 
Gridlines: Thin solid light grey horizontal lines, 
Data Colors: Light Gray, Dark Blue, White, Light Blue, 
-------------------"
Shadikur,24,Vox,Why the US has birthright citizenship,,,1,Explain why rising immigrant numbers brought birthright citizenship back into political debate,10:34,10:41,Bar Chart,,"Growth, transition, Suspense","In the 1980s and 1990s, the
population of undocumented immigrants starts to go up.
And birthright citizenship comes back as a political issue.",https://youtu.be/OBFX4EuAWHc,"Chart 1 - Bar Chart
| Year | Population (Millions) |
|------|-----------------------|
| 1990 | 3.5                   |
| 1995 | 5.8                   |
| 2000 | 8.5                   |
-------------------","Chart 1 - Type: Bar Chart,
Description: Bar chart displaying the unauthorized immigrant population in the US for specific years, as reported by the Pew Research Center.,
Mark: Rectangular bars,
Background: Light beige/cream,
Gridlines: Solid, thin, dark gray horizontal lines,
Data Colors: Orange-Red,
-------------------"
Shadikur,25,Vox,How Trump’s second term will be different,,,1,Show changes in monthly migrant encounters at the US–Mexico border over time,03:37,03:45,Line,,"Ellipsis, Ellipsis- Fade","Under Biden, there were record levels of people arriving on the border.
We've seen those numbers come down significantly in 2024.",https://youtu.be/gK6MD_8S01o,"Chart 1 - Line Chart
| Year-Month | Migrant Encounters (K) |
| :--------- | :--------------------: |
| 2010-01    | 50                     |
| 2010-02    | 30                     |
| 2010-03    | 45                     |
| 2010-04    | 30                     |
| 2010-05    | 45                     |
| 2010-06    | 30                     |
| 2010-07    | 40                     |
| 2010-08    | 35                     |
| 2010-09    | 45                     |
| 2010-10    | 40                     |
| 2010-11    | 30                     |
| 2010-12    | 40                     |
| 2011-01    | 30                     |
| 2011-02    | 45                     |
| 2011-03    | 30                     |
| 2011-04    | 40                     |
| 2011-05    | 30                     |
| 2011-06    | 40                     |
| 2011-07    | 30                     |
| 2011-08    | 45                     |
| 2011-09    | 35                     |
| 2011-10    | 45                     |
| 2011-11    | 30                     |
| 2011-12    | 40                     |
| 2012-01    | 35                     |
| 2012-02    | 50                     |
| 2012-03    | 40                     |
| 2012-04    | 50                     |
| 2012-05    | 40                     |
| 2012-06    | 50                     |
| 2012-07    | 40                     |
| 2012-08    | 50                     |
| 2012-09    | 40                     |
| 2012-10    | 50                     |
| 2012-11    | 40                     |
| 2012-12    | 30                     |
| 2013-01    | 40                     |
| 2013-02    | 50                     |
| 2013-03    | 40                     |
| 2013-04    | 50                     |
| 2013-05    | 40                     |
| 2013-06    | 50                     |
| 2013-07    | 40                     |
| 2013-08    | 50                     |
| 2013-09    | 40                     |
| 2013-10    | 30                     |
| 2013-11    | 40                     |
| 2013-12    | 30                     |
| 2014-01    | 40                     |
| 2014-02    | 50                     |
| 2014-03    | 60                     |
| 2014-04    | 50                     |
| 2014-05    | 60                     |
| 2014-06    | 50                     |
| 2014-07    | 60                     |
| 2014-08    | 50                     |
| 2014-09    | 40                     |
| 2014-10    | 30                     |
| 2014-11    | 40                     |
| 2014-12    | 30                     |
| 2015-01    | 25                     |
| 2015-02    | 35                     |
| 2015-03    | 25                     |
| 2015-04    | 35                     |
| 2105-05    | 25                     |
| 2015-06    | 35                     |
| 2015-07    | 25                     |
| 2015-08    | 35                     |
| 2015-09    | 25                     |
| 2015-10    | 35                     |
| 2015-11    | 25                     |
| 2015-12    | 35                     |
| 2016-01    | 30                     |
| 2016-02    | 40                     |
| 2016-03    | 30                     |
| 2016-04    | 40                     |
| 2016-05    | 30                     |
| 2016-06    | 40                     |
| 2016-07    | 30                     |
| 2016-08    | 40                     |
| 2016-09    | 30                     |
| 2016-10    | 40                     |
| 2016-11    | 30                     |
| 2016-12    | 40                     |
| 2017-01    | 25                     |
| 2017-02    | 20                     |
| 2017-03    | 25                     |
| 2017-04    | 20                     |
| 2017-05    | 25                     |
| 2017-06    | 20                     |
| 2017-07    | 25                     |
| 2017-08    | 20                     |
| 2017-09    | 25                     |
| 2017-10    | 20                     |
| 2017-11    | 25                     |
| 2017-12    | 30                     |
| 2018-01    | 35                     |
| 2018-02    | 45                     |
| 2018-03    | 55                     |
| 2018-04    | 65                     |
| 2018-05    | 75                     |
| 2018-06    | 85                     |
| 2018-07    | 75                     |
| 2018-08    | 65                     |
| 2018-09    | 55                     |
| 2018-10    | 45                     |
| 2018-11    | 35                     |
| 2018-12    | 45                     |
| 2019-01    | 55                     |
| 2019-02    | 70                     |
| 2019-03    | 90                     |
| 2019-04    | 110                    |
| 2019-05    | 130                    |
| 2019-06    | 120                    |
| 2019-07    | 100                    |
| 2019-08    | 80                     |
| 2019-09    | 60                     |
| 2019-10    | 40                     |
| 2019-11    | 30                     |
| 2019-12    | 25                     |
| 2020-01    | 30                     |
| 2020-02    | 40                     |
| 2020-03    | 30                     |
| 2020-04    | 20                     |
| 2020-05    | 25                     |
| 2020-06    | 40                     |
| 2020-07    | 50                     |
| 2020-08    | 60                     |
| 2020-09    | 70                     |
| 2020-10    | 80                     |
| 2020-11    | 90                     |
| 2020-12    | 100                    |
| 2021-01    | 120                    |
| 2021-02    | 140                    |
| 2021-03    | 170                    |
| 2021-04    | 180                    |
| 2021-05    | 190                    |
| 2021-06    | 200                    |
| 2021-07    | 210                    |
| 2021-08    | 220                    |
| 2021-09    | 210                    |
| 2021-10    | 200                    |
| 2021-11    | 190                    |
| 2021-12    | 200                    |
| 2022-01    | 210                    |
| 2022-02    | 190                    |
| 2022-03    | 220                    |
| 2022-04    | 200                    |
| 2022-05    | 220                    |
| 2022-06    | 200                    |
| 2022-07    | 180                    |
| 2022-08    | 200                    |
| 2022-09    | 220                    |
| 2022-10    | 240                    |
| 2022-11    | 200                    |
| 2022-12    | 160                    |
| 2023-01    | 180                    |
| 2023-02    | 160                    |
| 2023-03    | 200                    |
| 2023-04    | 230                    |
| 2023-05    | 250                    |
| 2023-06    | 150                    |
| 2023-07    | 180                    |
| 2023-08    | 200                    |
| 2023-09    | 220                    |
| 2023-10    | 200                    |
| 2023-11    | 180                    |
| 2023-12    | 140                    |
| 2024-01    | 120                    |
| 2024-02    | 100                    |
| 2024-03    | 80                     |
| 2024-04    | 70                     |
| 2024-05    | 60                     |
| 2024-06    | 55                     |
-------------------","Chart 1 - Type: Line Chart,
Description: Monthly migrant encounters recorded by US Border Patrol at the US-Mexico border, showing trends from early 2010 to mid-2024. Data peaks significantly from late 2020 through 2023.
Mark: Line,
Background: Light beige with subtle paper-like texture,
Gridlines: Dashed, light gray horizontal lines,
Data Colors: #b24141 (reddish-brown),
-------------------"
Shadikur,26,Vox,How Trump’s second term will be different,,,2,Points out how investors’ lack of confidence resulted in a disappointing IPO outcome for Sonder.,03:46,03:55,Bar Chart,,"transition, Suspense, Ellipsis- Fade","But when Americans are polled,
large portions of them say that they want mass deportations.
They might be thinking about people being deported immediately
after they arrive on the border.",https://youtu.be/gK6MD_8S01o,"Chart 1 - Bar Chart
| Category | Percentage |
|:---------|:-----------|
| Favor    | 55%        |
| Oppose   | 45%        |
-------------------","Chart 1 - Type: Bar Chart, 
Description: A bar chart displaying the results of a Scripps/Ipsos poll from September 2024, showing the percentage of respondents who favor or oppose the mass deportation of undocumented immigrants.,
Mark: Rectangle, 
Background: Solid light beige (RGB(251, 248, 237)), 
Gridlines: Dashed light grey, 
Data Colors: Orange (RGB(233, 162, 62)), 
-------------------"
Shadikur,251,vox,Why most tennis players struggle to make a living - YouTube,,,1,To illustrate why tennis players feel underpaid compared to team-sport athletes.,03:48,04:07,Bar Chart,,"Suspense- Gradual Reveal, Emphasis, Comparison, Draw a dottet line to highlight ","And if you look at $10 million...
how that translates in basketball, that's roughly
the 150th highest paid player in the NBA.
And then you look at football, American football
that’s 202nd highest salary.
In baseball, it’s a similar story
where it's in the hundreds...
out of a 6-700 player community at the major league level.",https://youtu.be/STff_wOQHn4,"Chart 1 - Range Bar Chart
| League | Min Annual Earnings | Max Annual Earnings | Rank at $10M Earnings |
|:-------|--------------------:|--------------------:|:----------------------|
| ATP Tour | $1,000 | $45,000,000 | N/A (Comparison Point) |
| NBA | $900,000 | $45,000,000 | 146th |
| NFL | $700,000 | $61,000,000 | 202nd |
| MLB | $700,000 | $43,000,000 | 126th |
-------------------","Chart 1 - Type: Range Bar Chart, 
Description: This chart compares the annual earnings (prize money for ATP Tour, salaries for NBA, NFL, and MLB). For each league, it displays the estimated minimum and maximum annual earnings. It also indicates what rank a player would achieve if their annual earnings were $10 million in the NBA, NFL, and MLB. For the ATP Tour, $10 million is presented as a specific prize money amount for reference and comparison against league salaries. The Max Annual Earnings for ATP Tour is estimated visually based on the relative height of the bar compared to other leagues.,
Mark: Vertical bars (representing range), horizontal dashed line (for $10M comparison), rectangular boxes (for rank annotations), circular image (for ATP $10M annotation)., 
Background: Solid black., 
Gridlines: Horizontal dashed yellow line (indicating the $10M comparison level)., 
Data Colors: White (range bars, text), Dark grey (hatched pattern at the bottom of bars), Green (rank annotation boxes), Yellow (dashed comparison line)., 
-------------------"
Shadikur,252,vox,The day women shut down Iceland - YouTube,,,1,To highlight how the gender pay gap varies across developed countries and show that even top performers like Iceland still have persistent inequality.,00:00,00:22,Bar Chart,,"Suspense- Gradual Reveal, Emphasis, Comparison and highlighted the values for bar ","This is a chart of the gender pay gap in developed economies.
In the US, women are paid 17% less than men.
And in Japan, 22%.
On the other end, there's Iceland...
where the pay gap is around 10%.
It's one of the few countries in the world
where women are paid almost as much as men.
But that wasn't the case about 50 years ago.",https://youtu.be/e9OsIj32w7U,"Chart 1 - Bar Chart
| Country          | Gender Wage Gap (%) |
| :--------------- | :------------------ |
| Belgium          | 0.5                 |
| Costa Rica       | 1.0                 |
| Colombia         | 1.5                 |
| Bulgaria         | 2.0                 |
| Norway           | 3.0                 |
| Denmark          | 4.0                 |
| Romania          | 4.5                 |
| Argentina        | 5.0                 |
| Sweden           | 5.5                 |
| Greece           | 6.0                 |
| Ireland          | 6.5                 |
| Croatia          | 7.0                 |
| Slovenia         | 7.5                 |
| Spain            | 8.0                 |
| Poland           | 8.5                 |
| Lithuania        | 9.0                 |
| New Zealand      | 9.5                 |
| Iceland          | 10.0                |
| Australia        | 10.5                |
| Turkey           | 11.0                |
| Chile            | 11.5                |
| Malta            | 12.0                |
| Brazil           | 12.5                |
| France           | 13.0                |
| Austria          | 13.5                |
| Portugal         | 14.0                |
| Hungary          | 14.5                |
| Netherlands      | 15.0                |
| Germany          | 15.5                |
| Czechia          | 16.0                |
| Switzerland      | 16.5                |
| Slovakia         | 17.0                |
| Finland          | 17.5                |
| United Kingdom   | 18.0                |
| Cyprus           | 18.5                |
| Mexico           | 19.0                |
| United States    | 19.5                |
| Canada           | 20.0                |
| Estonia          | 21.0                |
| Japan            | 22.0                |
| Latvia           | 23.5                |
| Israel           | 24.5                |
| South Korea      | 29.5                |
-------------------","Chart 1 - Type: Bar Chart,
Description: Gender wage gap by country between 2018 and 2022, provided by the Organisation for Economic Co-operation and Development (OECD). The chart shows the wage gap as a percentage, sorted in ascending order from Belgium (lowest) to South Korea (highest).,
Mark: Bar,
Background: Light Beige,
Gridlines: Solid, Dark Gray,
Data Colors: Black,
-------------------"
Shadikur,253,vox,The day women shut down Iceland - YouTube,,,2,To show how the gender pay gap has narrowed over time,00:23,00:38,Bar Chart,,"Suspense- Gradual Reveal, Emphasis, Comparison and highlighted the values and Draw a red circle to highlight ","In 1975, the gender pay gap in the US
was 37%.
Japan was 42%...
and Iceland was at 40%.
So how did it go from here... to here?",https://youtu.be/e9OsIj32w7U,"Chart 1 - Bar Chart
| Country         | Year | Gender Wage Gap (%) |
| :-------------- | :--- | :------------------ |
| Iceland         | 1975 | 40.0                |
| Iceland         | 2022 | 9.7                 |
| United States   | 1975 | 37.0                |
| United States   | 2022 | 17.0                |
| Japan           | 1975 | 42.5                |
| Japan           | 2022 | 22.0                |
-------------------","Chart 1 - Type: Bar Chart, 
Description: This chart illustrates the gender wage gap by country for the years 1975 and 2022, comparing Iceland, the United States, and Japan. The data is sourced from the Organisation for Economic Co-operation and Development (OECD). It shows a general decrease in the gender wage gap in all three countries over this period.,
Mark: Bar, 
Background: Light beige, 
Gridlines: Solid, dark gray, horizontal lines, 
Data Colors: ['Black', 'Red'], 
-------------------"
Shadikur,254,vox,What we get wrong about saving the bees - YouTube,,,1,To show that rising demand for pollination has sharply increased honeybee service fees over time.,03:22,03:30,Line Chart,,"Suspense- Gradual Reveal, Comparison -  draw a yellow circle to highlight.","Over the years, demand
for pollination services from honeybees has continued to rise
and the fees for those services has more than doubled since 2004.",https://youtu.be/sxHu46YKnZg,"Chart 1 - Line Chart
| Year | Dollars per colony |
|------|--------------------|
| 1987 | 68                 |
| 1989 | 70                 |
| 1991 | 71                 |
| 1993 | 70                 |
| 1995 | 70                 |
| 1997 | 75                 |
| 1999 | 78                 |
| 2001 | 82                 |
| 2003 | 86                 |
| 2005 | 192                |
| 2007 | 188                |
| 2009 | 165                |
| 2011 | 155                |
| 2013 | 158                |
| 2015 | 172                |
-------------------","Chart 1 - Type: Line Chart, 
Description: This chart illustrates the trend of almond pollination service fees (in dollars per colony) from 1987 to 2015. The fees remained relatively stable and low until a sharp increase around 2005, then fluctuated at a higher level. The source is USDA, Economic Research Service. Two specific data points (2003 and 2015) are highlighted.
Mark: Line (red), highlighted points (filled circles, yellow), 
Background: Light beige/cream with a subtle paper-like texture, 
Gridlines: Dotted, light greyish-beige, 
Data Colors: Line: #FF6961 (red), Highlight circles: #FFD700 (yellow), 
-------------------"
Shadikur,255,vox,What we get wrong about saving the bees - YouTube,,,2,"To show that despite regional declines, the global number of honeybee colonies has increased significantly since the 1960s.",03:49,03:57,Line Chart,,"Suspense- Gradual Reveal, Emphasis, Comparison and highlighted the value","From a global perspective, despite losses in some countries,
colonies are up 80% since the 1960s.",https://youtu.be/sxHu46YKnZg,"Chart 1 - Line Chart
| Year | Asia | South America | Africa | Oceania | World | Europe | North America |
|------|------|---------------|--------|---------|-------|--------|---------------|
| 1960 | 0    | 0             | 0      | 0       | 0     | 0      | 0             |
| 1965 | 10   | 10            | 5      | 5       | 5     | -5     | -10           |
| 1970 | 20   | 20            | 10     | 10      | 10    | -5     | -15           |
| 1975 | 30   | 30            | 15     | 20      | 20    | 0      | -10           |
| 1980 | 45   | 40            | 20     | 30      | 30    | 5      | -5            |
| 1985 | 60   | 50            | 30     | 40      | 40    | 10     | 0             |
| 1990 | 80   | 100           | 70     | 50      | 50    | 10     | 0             |
| 1995 | 100  | 120           | 100    | 60      | 40    | 0      | -5            |
| 2000 | 130  | 190           | 110    | 70      | 40    | -10    | -15           |
| 2005 | 170  | 200           | 100    | 80      | 50    | -10    | -20           |
| 2010 | 220  | 205           | 120    | 100     | 60    | -5     | -15           |
| 2015 | 295  | 210           | 150    | 130     | 80    | 0      | -10           |
-------------------","Chart 1 - Type: Line Chart,
Description: This line chart illustrates the percentage change in the number of honeybee colonies across various continents/regions (Asia, South America, Africa, Oceania, World, Europe, North America) from 1960 to approximately 2015. The X-axis represents the year, and the Y-axis represents the percentage change in colony numbers, ranging from approximately -20% to 300%. The chart shows significant increases in Asia, South America, Africa, and Oceania, while Europe and North America experienced periods of decline and stagnation. The ""World"" line indicates an overall increase.
Mark: Line,
Background: Light beige/tan, solid,
Gridlines: Dotted horizontal lines, dark grey/black,
Data Colors: Yellow (Asia), Green (South America), Pink/Reddish (Africa), Light Blue (Oceania), Black (World), Grey (Europe), Light Pink (North America),
-------------------"
Shadikur,256,vox,A fact-checked debate about euthanasia in Canada,,,1,To show how assisted deaths in Canada have rapidly increased over time and how policy changes expanded eligibility beyond end-of-life cases.,00:30,00:46,Bar Chart,,"Suspense- Gradual Reveal, Emphasis, Comparison and highlighted the value","Since then, the number of assisted deaths in Canada
has risen to over 10,000 people in 2021.
That's more people by raw number than any other country
where assisted dying is legal.
In 2021, eligibility for MAID expanded to include people
who are not nearing the end of their lives.",https://youtu.be/TJAklSh_rjk,"Chart 1 - Bar Chart
| Year | Total MAID Deaths |
| :--- | :---------------- |
| 2016 | 1000              |
| 2017 | 2800              |
| 2018 | 4400              |
| 2019 | 5500              |
| 2020 | 7500              |
| 2021 | 10064             |
-------------------","Chart 1 - Type: Bar Chart,
Description: This bar chart displays the total number of Medical Assistance In Dying (MAID) deaths in Canada from 2016 to 2021. The data shows a consistent increase in MAID deaths over this period. The source is indicated as the ""Third annual report on medical assistance in dying in Canada 2021"". The Y-axis represents the number of deaths, scaled from 0 to 12,000. The X-axis represents the years from 2016 to 2021.,
Mark: Rectangular Bars,
Background: Light gray with subtle texture (paper-like),
Gridlines: Solid light gray horizontal lines,
Data Colors: ['#595959']
-------------------"
Shadikur,257,vox,A fact-checked debate about euthanasia in Canada,,,2,"To show that most people who choose MAID in Canada already had access to palliative care, countering the idea that assisted dying is driven by lack of care.",05:57,06:08,Pie Chart,,"Suspense- Gradual Reveal, Emphasis, Comparison and highlighted the portion using colors","Over 80% of the people who receive MAID in Canada...
are receiving palliative or hospice care at the time of their death.
For those few who are not...
88% of them have access to such care.",https://youtu.be/TJAklSh_rjk,"Chart 1 - Donut Chart
| Category                         | Value (%) |
| :------------------------------- | :-------- |
| Received palliative care before death | 81.0      |
| Did not have access              | 1.6       |
| Had access to care               | 4.7       |
| Did not receive palliative care  | 7.9       |
| Unknown                          | 4.8       |
-------------------","Chart 1 - Type: Donut Chart,
Description: Donut chart displaying the palliative care status of 2021 MAID (Medical Assistance in Dying) recipients at the time of their death, indicating the proportion who received, had access to, did not receive, or had unknown palliative care status.,
Mark: Arc,
Background: White,
Gridlines: None,
Data Colors: [Dark Grey, Red, Yellow, Light Grey, White],
-------------------"
Shadikur,258,vox,A fact-checked debate about euthanasia in Canada,,,3,"To show that most MAID cases in Canada involve patients with cancer, with smaller shares from other end-stage illnesses.",07:02,07:18,Bar Chart,,"Suspense- Gradual Reveal, Emphasis, Comparison and highlighted using colors","The vast majority of people who access MAID in Canada
are patients with a cancer diagnosis.
The next most common underlying
illness are end-stage organ failures.
So end-stage heart disease
end-stage lung disease, end-stage liver disease...
and neurologic conditions, they’re around the 10% to 15% range.",https://youtu.be/TJAklSh_rjk,"Chart 1 - Bar Chart
| Main Condition        | Percentage (%) |
| :-------------------- | :------------- |
| Cancer                | 65.6           |
| Cardiovascular        | 18.7           |
| Respiratory           | 12.4           |
| Neurological          | 12.4           |
| Other condition       | 11.0           |
| Multiple co-morbidities | 9.0            |
| Organ failure         | 7.0            |
-------------------","Chart 1 - Type: Bar Chart,
Description: A vertical bar chart illustrating the percentage breakdown of MAID (Medical Assistance in Dying) cases in Canada for 2021, categorized by the main medical condition. Cancer accounts for the largest share, followed by cardiovascular and respiratory/neurological conditions.
Mark: Rectangular bars,
Background: Light gray with a subtle texture,
Gridlines: Horizontal, light gray solid lines at 20% intervals,
Data Colors: Dark gray,
-------------------"
Shadikur,259,vox,A fact-checked debate about euthanasia in Canada,,,4,To show that access to MAID in Canada is significantly faster than access to many essential health and social support services.,07:24,07:41,Bar Chart,,"Suspense- Gradual Reveal, Emphasis, Comparison and highlighted using colors","The wait times for MAID in Canada
are shorter than the wait times
to get a lot of specialized services.
That might be pain clinics, psychiatric care...
long-term care homes, veterans’ benefits...
supportive housing, community-based care.",https://youtu.be/TJAklSh_rjk,"Chart 1 - Horizontal Bar Chart
| Service/Period                     | Wait Time (days) |
| :--------------------------------- | :--------------- |
| MAID track 1 approval period       | 0                |
| MAID track 2 approval period       | 90               |
| Pain treatment clinic              | 167              |
| Long-term care home\*              | 213              |
| Veterans' disability claims        | 273              |
| Assertive community treatment\*\* | 454              |
-------------------","Chart 1 - Type: Horizontal Bar Chart, 
Description: This chart compares the wait times in days for different MAID approval periods against various specialized healthcare and social support services. It illustrates that MAID wait times are generally shorter than the other listed services. The services are listed on the y-axis, and their corresponding wait times in days are represented by the length of the horizontal bars on the x-axis, with values explicitly labeled. Footnotes indicate specific data sources for long-term care home and assertive community treatment data. ,
Mark: Bar, 
Background: White, 
Gridlines: None, 
Data Colors: Dark Grey, Medium Grey, 
-------------------"
Shadikur,260,vox,A fact-checked debate about euthanasia in Canada,,,5,"To show that public support for assisted dying in Canada has remained consistently high over time, including after eligibility was expanded.",08:48,08:58,Bar Chart,,"Suspense- Gradual Reveal, Emphasis, Comparison","in the first five years of legalized practice...
and in every year since the amendment that extended eligibility
outside the end of life context.",https://youtu.be/TJAklSh_rjk,"Chart 1 - Stacked Horizontal Bar Chart
| Year / Question | Strongly Support (%) | Somewhat Support (%) | Oppose (%) |
|:-----------------------------------------------------|:---------------------|:---------------------|:-----------|
| 2020 - Do you support the Supreme Court's decision? | 48                   | 38                   | 14         |
| 2021 - Do you support the Supreme Court's decision? | 50                   | 37                   | 13         |
| 2022 - Do you support removing the ""foreseeable death"" requirement? | 43                   | 39                   | 18         |
| 2023 - Should people with mental disorders be able to request aid in dying? | 43                   | 39                   | 18         |
-------------------","Chart 1 - Type: Stacked Horizontal Bar Chart,
Description: This chart displays poll results from 2020 to 2023 showing Canadian public opinion on assisted dying. Each bar represents a specific year and question, segmented into ""Strongly Support"", ""Somewhat Support"", and ""Oppose"" percentages. The total support percentage (Strongly Support + Somewhat Support) is labeled for each year.,
Mark: Horizontal bars,
Background: White,
Gridlines: Thin light gray horizontal lines for each bar, and thin light gray vertical lines at 0%, 25%, 50%, 75%, 100%,
Data Colors: Dark Gray, Mid Gray, Light Gray,
-------------------"
Shadikur,261,vox,A fact-checked debate about euthanasia in Canada,,,6,"To show that most people who receive MAID do so because of loss of independence, dignity, and the ability to live a meaningful daily life, rather than pain alone.",18:50,19:01,Bar Chart,,"Suspense- Gradual Reveal, Emphasis, Comparison and highlighted using colors","Primarily, it's for people who can no longer do the things
that bring meaning to their lives...
who no longer are able
to do what we call the activities of daily living...
who've lost a sense of dignity or independence.",https://youtu.be/TJAklSh_rjk,"Chart 1 - Horizontal Bar Chart
| Cause of Suffering | Percentage (%) |
|:---------------------------------------------------|---------------:|
| Loss of ability to engage in meaningful activities | 86.3 |
| Loss of ability to perform activities of daily life | 83.4 |
| Inadequate control of pain | 58.0 |
| Loss of dignity | 54.3 |
| Inadequate control of symptoms other than pain | 33.0 |
| Perceived burden on family, friends, or caregivers | 28.0 |
| Loss of control of bodily functions | 23.0 |
| Isolation or loneliness | 12.0 |
| Emotional distress, anxiety, or fear | 2.5 |
| Loss of quality of life | 1.8 |
| Loss of control, autonomy, or independence | 1.5 |
| Other | 0.5 |
-------------------","Chart 1 - Type: Horizontal Bar Chart, 
Description: This chart illustrates the nature of suffering experienced by individuals who received Medical Assistance in Dying (MAID) in Canada in 2021. It lists various causes of suffering and the percentage of individuals who reported experiencing them. The chart is sourced from the ""Third annual report on medical assistance in dying in Canada 2021"". The percentages sum to more than 100% as individuals may experience multiple forms of suffering. ,
Mark: Bar, 
Background: Light Grey, 
Gridlines: Solid, Light Grey (vertical lines at 0%, 50%, 100% marks), 
Data Colors: Dark Grey, 
-------------------"
Shadikur,262,vox,Why Americans love big cars - YouTube,,,1,To show how stricter fuel economy rules for cars,06:45,06:56,Line Chart,,"Suspense- Gradual Reveal, Emphasis, Comparison and highlighted using yellow color","So this chart starts to make a lot more sense.
1975 was the year these fuel economy standards
for sedans and wagons were passed...
the same ones that didn't apply as strictly to SUVs and trucks",https://youtu.be/mQDegCqiVnU,"Chart 1 - Line Chart
| Year | SEDAN/WAGON (%) | SUV (TRUCK) (%) |
|------|-----------------|-----------------|
| 1975 | 80              | 0               |
| 1976 | 82              | 1               |
| 1977 | 80              | 2               |
| 1978 | 78              | 3               |
| 1979 | 76              | 4               |
| 1980 | 75              | 5               |
| 1981 | 73              | 6               |
| 1982 | 71              | 7               |
| 1983 | 70              | 8               |
| 1984 | 69              | 9               |
| 1985 | 68              | 10              |
| 1986 | 66              | 12              |
| 1987 | 64              | 14              |
| 1988 | 62              | 16              |
| 1989 | 60              | 18              |
| 1990 | 58              | 20              |
| 1991 | 56              | 22              |
| 1992 | 54              | 24              |
| 1993 | 52              | 26              |
| 1994 | 50              | 28              |
| 1995 | 48              | 30              |
| 1996 | 46              | 32              |
| 1997 | 44              | 34              |
| 1998 | 42              | 36              |
| 1999 | 40              | 38              |
| 2000 | 38              | 40              |
| 2001 | 37              | 41              |
| 2002 | 36              | 42              |
| 2003 | 35              | 43              |
| 2004 | 34              | 43              |
| 2005 | 33              | 42              |
| 2006 | 32              | 43              |
| 2007 | 31              | 44              |
| 2008 | 30              | 45              |
| 2009 | 29              | 46              |
| 2010 | 28              | 47              |
| 2011 | 26              | 49              |
| 2012 | 24              | 51              |
| 2013 | 22              | 53              |
| 2014 | 21              | 56              |
| 2015 | 20              | 58              |
| 2016 | 18              | 61              |
| 2017 | 16              | 63              |
| 2018 | 14              | 65              |
| 2019 | 12              | 67              |
| 2020 | 10              | 68              |
-------------------","Chart 1 - Type: Line Chart, 
Description: A line chart titled ""Production of light-duty vehicles in the US"" (Source: THE WASHINGTON POST/Vox) displaying the percentage of light-duty vehicle production split between ""SEDAN/WAGON"" and ""SUV (TRUCK)"" from 1975 to 2020. The chart illustrates a declining trend for SEDAN/WAGON production and a rising trend for SUV (TRUCK) production, with SUV (TRUCK) overtaking SEDAN/WAGON in market share around the year 2000. A yellow circular marker highlights a point on the SUV (TRUCK) line. The X-axis represents years, and the Y-axis represents percentage.
Mark: Line, with an additional yellow circular annotation.
Background: Dark grey asphalt with faint white road markings (dashed lines).
Gridlines: White dashed horizontal lines.
Data Colors: White (for both data lines), Yellow (for annotation point).
-------------------"
Shadikur,263,vox,"Oppenheimer’s secret city, explained - YouTube",,,1,To show how rapidly Los Alamos’ population exploded during World War II due to the Manhattan Project.,05:19,05:24,Bar Chart,,"Suspense- Gradual Reveal, Emphasis, Comparison and highlighted using yellow color","Population grew from 1500 people to 5700 by 1945.
So rapid that hutments were a common form of accommodation.",https://youtu.be/K7uvrd94mrg,"Chart 1 - Bar Chart
| Year | Population |
|------|------------|
| 1943 | 1500       |
| 1944 | 3500       |
| 1945 | 5700       |
-------------------","Chart 1 - Type: Bar Chart,
Description: This bar chart displays the population of Los Alamos for the years 1943, 1944, and 1945, showing a significant increase over this period.,
Mark: Rectangle,
Background: Solid Black with subtle dark grey distressed texture overlays,
Gridlines: None,
Data Colors: ['White', 'Dark Red'],
-------------------"
Shadikur,264,vox,What I learned from taking a train across the US - YouTube,,,1,"To show how dramatically U.S. passenger travel shifted away from railroads, dropping from 98% in 1916 to just 4% by 1956",05:40,05:54,Pie Chart,,"Suspense- Gradual Reveal, Emphasis, Comparison","So much so that by 1956
only 4% of passenger travel was on trains.
When you take into account that 40 years earlier
that number was 98%
you can see how much the US’s priorities
had shifted when it came to travel.",https://youtu.be/von_IMi97-w,"Chart 1 - Pie Chart
| Category           | Percentage |
| :----------------- | :--------- |
| RAILROADS          | 98         |
| Other Travel Modes | 2          |
-------------------","Chart 1 - Type: Pie Chart,
Description: This chart illustrates the distribution of passenger travel modes in the US in 1916, showing the overwhelming dominance of railroads. The source is cited as Interstate Commerce Commission 1956 and University of Iowa 1989.
Mark: Slices,
Background: White with a light gray grid pattern,
Gridlines: Solid, light gray,
Data Colors: Pink, Light Blue,
-------------------"
Shadikur,265,vox,Why so many baseball players are Dominican - YouTube,,,1,To show that San Pedro and other Dominican cities remain the strongest pipeline for modern baseball talent.,10:16,10:24,Bar Chart,,"Suspense- Gradual Reveal, Emphasis, Comparison and highlighted using color","And the leading cities for this talent pipeline
are the same as the ones where the sugar mill games
were once played.
With San Pedro right at the top.",https://youtu.be/40Je_0Jef_o,"Chart 1 - Horizontal Bar Chart
| City              | MLB Players since 2000 per 100,000 residents | Region        |
|:------------------|:---------------------------------------------|:--------------|
| SAN PEDRO (DR)    | 14.8                                         | LATIN AMERICA |
| SAN CRISTOBAL (DR)| 4.4                                          | LATIN AMERICA |
| SANTO DOMINGO (DR)| 3.8                                          | LATIN AMERICA |
| MARACAY           | 3.3                                          | LATIN AMERICA |
| SANTIAGO (DR)     | 3.1                                          | LATIN AMERICA |
| SAN DIEGO         | 2.9                                          | UNITED STATES |
| SAN FRANCISCO BAY | 2.4                                          | UNITED STATES |
| LOS ANGELES       | 2.1                                          | UNITED STATES |
-------------------","Chart 1 - Type: Horizontal Bar Chart, 
Description: This horizontal bar chart displays the leading cities for baseball talent, quantified by the number of MLB Players since 2000 per 100,000 residents. Cities are categorized into Latin America and United States, with Latin American cities showing significantly higher per-capita talent generation for the top-ranked entries. The chart is sourced from Patrick Adler, University of Toronto School of Cities, Baseball-Reference.com, and Bloomberg CityLab, 2019.,
Mark: Rectangle, 
Background: Dark Grey with subtle texture, 
Gridlines: Solid White (vertical), 
Data Colors: #CFA43B (Gold/Latin America), #5F9E58 (Green/United States), 
-------------------"
Shadikur,266,vox,A desert fungus that infects humans is spreading - YouTube,,,1,To show how Valley Fever cases in the US are far more widespread than official reports suggest due to significant underreporting and misdiagnosis.,01:51,02:06,Bar Chart,,"Suspense- Gradual Reveal, Emphasis, Comparison, Draw a dottet line to highlight ","In 2019 states officially reported
20,000 cases of Valley Fever to the CDC.
Some researchers think that actual number
is closer to 350,000 cases annually.
If you account for underreporting and misdiagnoses.",https://youtu.be/kggpgKea0lk,"Chart 1 - Bar Chart
| Year | Reported Cases |
|------|----------------|
| 1998 | 2500           |
| 1999 | 3200           |
| 2000 | 4500           |
| 2001 | 5300           |
| 2002 | 5000           |
| 2003 | 5500           |
| 2004 | 6500           |
| 2005 | 7000           |
| 2006 | 9200           |
| 2007 | 8000           |
| 2008 | 8700           |
| 2009 | 13000          |
| 2010 | 16500          |
| 2011 | 21000          |
| 2012 | 18000          |
| 2013 | 9000           |
| 2014 | 8700           |
| 2015 | 11500          |
| 2016 | 12500          |
| 2017 | 15200          |
| 2018 | 16200          |
| 2019 | 19500          |
-------------------","Chart 1 - Type: Bar Chart,
Description: A bar chart displaying the reported number of Valley Fever cases in the US from 1998 to 2019, sourced from the Centers for Disease Control and Prevention. The chart shows a general upward trend with a significant peak in 2011, followed by a dip and a subsequent rise towards 2019. The 2019 data point is highlighted.
Mark: Bar,
Background: Light beige/tan with a subtle grid pattern,
Gridlines: Faint light brown/orange, solid for Y-axis (horizontal at 5,000 intervals) and implicit for X-axis, with a dotted horizontal line at 20,000 cases.,
Data Colors: Dark blue-grey (for 1998-2018 bars), Orange (for 2019 bar),
-------------------"
Shadikur,267,vox,How Palestinians were expelled from their homes - YouTube,,,1,"To show how the religious population of Palestine in 1878 was predominantly Muslim, with much smaller Christian and Jewish communities.",01:22,1:30,Bar Chart,,"Suspense- Gradual Reveal, Emphasis, Comparison and highlighted the value","By the late Ottoman Empire, Palestinians living here
were overwhelmingly Muslim
with minority Christian and Jewish native populations, too.",https://youtu.be/rGVgjS98OsU,"Chart 1 - Horizontal Bar Chart
| Category | Population |
|----------|------------|
| MUSLIMS  | 386320     |
| CHRISTIANS| 40588      |
| JEWS     | 13942      |
-------------------","Chart 1 - Type: Horizontal Bar Chart,
Description: This chart illustrates the major religious populations in Palestine in the year 1878. It presents the population counts for Muslims, Christians, and Jews, showing the relative size of each religious group.,
Mark: Bar,
Background: Light beige/off-white solid with a subtle, diffuse pattern,
Gridlines: Thin, light gray dashed/dotted horizontal and vertical lines,
Data Colors: ['#E66761', '#8DA967', '#5E93AE']
-------------------"
Shadikur,268,vox,How Palestinians were expelled from their homes - YouTube,,,2,"To show the demographic reality of Palestine in 1878, where Muslims formed the overwhelming majority",05:00,05:11,Bar Chart,,"Suspense- Gradual Reveal, Emphasis, Comparison and highlighted the value","Palestine was, of course, a land with a people.
In 1931, there were more than 850,000
Palestinian Arabs in the region, still the vast majority.",https://youtu.be/rGVgjS98OsU,"Chart 1 - Horizontal Bar Chart
| Category                | Population |
| :---------------------- | :--------- |
| MUSLIMS AND CHRISTIANS | 851,110    |
| JEWS                    | 174,610    |
-------------------","Chart 1 - Type: Horizontal Bar Chart,
Description: This chart illustrates the major religious populations in Palestine in 1931, based on the Census of Palestine. It presents the populations of ""Muslims and Christians"" and ""Jews"" as two distinct categories.,
Mark: Rectangle,
Background: Light beige with a subtle grid pattern,
Gridlines: Faint light gray, solid lines, forming a square grid,
Data Colors: ['#E66763', '#4E9CAE'],
-------------------"
Shadikur,269,vox,How to fix clean energy’s storage problem,,,1,"To show how daily electricity demand in California consistently exceeds solar and wind supply, requiring fossil fuels to fill the gap.",00:00,00:35,Line Chart,,"Suspense- Gradual Reveal, Emphasis, Comparison, Draw a dottet line to highlight ","This is the typical demand for electricity
on a spring day in California.
It starts growing around 6 AM, then rises again around 6 PM.
Now, this line shows when wind power
feeds the California power grid.
Wind is variable but often picks up at night.
Solar panels, on the other hand
kick into gear around 7 AM
generate a lot of electricity until the sun sets around 7 PM.
On most days
neither comes close to meeting the peak demands of the day
so the power company relies on fossil fuels
like natural gas to make up for the gap
which widens significantly when people use electricity the most.",https://youtu.be/z-k5uS7ALXk,"Chart 1 - Line Chart
| Time | Demand (MW) | Solar (MW) | Wind (MW) |
| :--- | :---------- | :--------- | :-------- |
| 12 AM | 23000       | 1000       | 2500      |
| 1 AM  | 22000       | 1000       | 2700      |
| 2 AM  | 21500       | 1000       | 2900      |
| 3 AM  | 21000       | 1000       | 3100      |
| 4 AM  | 20500       | 1000       | 3300      |
| 5 AM  | 20000       | 1500       | 3500      |
| 6 AM  | 20000       | 3000       | 3700      |
| 7 AM  | 20500       | 6000       | 3900      |
| 8 AM  | 21000       | 9000       | 4100      |
| 9 AM  | 21500       | 11000      | 4300      |
| 10 AM | 22000       | 12000      | 4500      |
| 11 AM | 22000       | 12500      | 4600      |
| 12 PM | 21500       | 12000      | 4700      |
| 1 PM  | 21000       | 11000      | 4600      |
| 2 PM  | 20500       | 9500       | 4500      |
| 3 PM  | 20000       | 7500       | 4400      |
| 4 PM  | 20000       | 5000       | 4300      |
| 5 PM  | 21000       | 2500       | 4200      |
| 6 PM  | 23000       | 1500       | 4000      |
| 7 PM  | 25000       | 1000       | 3800      |
| 8 PM  | 26500       | 1000       | 3600      |
| 9 PM  | 26000       | 1000       | 3400      |
| 10 PM | 24500       | 1000       | 3200      |
| 11 PM | 23000       | 1000       | 3000      |
| 12 AM | 22000       | 1000       | 2800      |
-------------------","Chart 1 - Type: Line Chart,
Description: A line chart displaying electricity demand and generation from solar and wind sources over a 24-hour period on April 7, 2023, for California ISO. The Y-axis represents power in MW, and the X-axis represents time from 12 AM to 12 AM. The Demand line shows an evening peak, while Solar generation peaks in the midday. Wind generation remains relatively stable throughout the day.
Mark: Demand: Dashed line; Solar: Line with filled area; Wind: Line with filled area,
Background: Dark Grey,
Gridlines: White, horizontal, solid,
Data Colors: Demand: White, Solar: Bright Green, Wind: Teal
-------------------"
Shadikur,270,vox,"The big problem with cement, and how to fix it",,,1,To show how cement production contributes a larger share of global carbon emissions than aviation and shipping combined.,00:38,00:44,Bar Chart,,"Suspense- Gradual Reveal, Emphasis, Comparison","All that cement production accounts for 8%
of all global carbon emissions...
more than the aviation and the shipping industries combined.",https://youtu.be/asLWBGtAhZk,"Chart 1 - Horizontal Bar Chart
| Category | Emission Share (%) |
|:---------|:-------------------|
| Cement   | 8.0                |
| Aviation | 2.5                |
| Shipping | 3.0                |
-------------------","Chart 1 - Type: Horizontal Bar Chart, 
Description: This chart illustrates the share of global carbon emissions attributed to specific sectors: Cement, Aviation, and Shipping, with data sourced from the World Bank and World Economic Forum. Each category is represented by a horizontal bar indicating its percentage contribution.
Mark: Rectangle, 
Background: Blurred aerial city view (dark gray/brown tones), 
Gridlines: None, 
Data Colors: Pink, Light Gray, 
-------------------"
Shadikur,271,vox,"The big problem with cement, and how to fix it",,,2,To show that China is now the dominant source of global cement-related CO₂ emissions due to its rapid development.,00:45,00:49,Line Chart,,"Suspense- Gradual Reveal, Emphasis, Comparison","Today, most of those emissions
are due to China's rapid development.",https://youtu.be/asLWBGtAhZk,"Chart 1 - Line Chart
| Year | China (million t) | India (million t) | United States (million t) | Germany (million t) | Nigeria (million t) |
| :--- | :---------------- | :---------------- | :------------------------ | :------------------ | :------------------ |
| 1880 | 0                 | 0                 | 0                         | 0                   | 0                   |
| 1900 | 2                 | 1                 | 5                         | 8                   | 0                   |
| 1920 | 5                 | 5                 | 40                        | 20                  | 0                   |
| 1940 | 10                | 10                | 80                        | 30                  | 0                   |
| 1960 | 40                | 20                | 150                       | 60                  | 0                   |
| 1980 | 80                | 40                | 160                       | 50                  | 10                  |
| 2000 | 250               | 80                | 180                       | 40                  | 20                  |
| 2010 | 600               | 130               | 170                       | 35                  | 22                  |
| 2021 | 880               | 180               | 160                       | 30                  | 25                  |
-------------------","Chart 1 - Type: Line Chart,
Description: Annual CO2 emissions from cement for five selected countries (China, India, United States, Germany, Nigeria) from 1880 to 2021, showing a rapid increase in emissions for China and India, particularly from the 2000s onwards. Emissions for the United States have largely stabilized or slightly declined after peaking around 2000, while Germany's emissions have also seen a decline since the late 20th century. Nigeria's emissions remain very low but show a slight upward trend.
Mark: Line,
Background: Solid light grey (#F2F2F2),
Gridlines: Dotted light grey (#CCCCCC),
Data Colors: ['#8CC63F', '#66D9EF', '#00BCD4', '#009688', '#AEC6CF'],
-------------------"
Shadikur,272,vox,"The big problem with cement, and how to fix it",,,3,To show how China’s recent cement production massively exceeds a century of US output.,00:50,00:55,Bar Chart,,"Suspense- Gradual Reveal, Emphasis, Comparison and highlighted the value","In just two years, China produced more cement than the US did
in the entire 20th century.",https://youtu.be/asLWBGtAhZk,"Chart 1 - Horizontal Bar Chart
| Country & Period | Production (billion tonnes) |
|:-------------------|:----------------------------|
| US (1900 - 1999) | 4.2 |
| China (2020 and 2021) | 4.9 |
-------------------","Chart 1 - Type: Horizontal Bar Chart,
Description: This chart compares the total cement production of the US over a 100-year period (1900-1999) with China's total cement production over a two-year period (2020 and 2021).,
Mark: Bar,
Background: Light grey,
Gridlines: None,
Data Colors: ['#00BCD4', '#8BC34A'],
-------------------"
Shadikur,273,vox,How solar energy got so cheap - YouTube,,,1,"To show how the cost of solar panels has dramatically fallen over time, making solar energy far cheaper and more accessible today.",00:20,00:34,Line Chart,,"Suspense- Gradual Reveal, Emphasis, Comparison and Draw a circle to highligt","Fast forward 70 years and that cost has come down.
Way down.
Solar energy is the cheapest it's ever been...
nearly 90% cheaper than it was just in 2009.
In a lot of places",https://youtu.be/V8Vtb0bn30M,"Chart 1 - Line Chart
| Cumulative installed solar PV capacity (MW) | Price per watt ($) |
| :------------------------------------------ | :----------------- |
| 0.8                                         | 100                |
| 1                                           | 95                 |
| 2                                           | 60                 |
| 5                                           | 40                 |
| 10                                          | 20                 |
| 20                                          | 12                 |
| 50                                          | 6                  |
| 100                                         | 5                  |
| 200                                         | 8                  |
| 300                                         | 6                  |
| 500                                         | 4                  |
| 1,000                                       | 3                  |
| 2,000                                       | 4                  |
| 3,000                                       | 3.5                |
| 5,000                                       | 3                  |
| 10,000                                      | 2                  |
| 20,000                                      | 1.5                |
| 30,000                                      | 1.0                |
| 50,000                                      | 0.8                |
| 100,000                                     | 0.6                |
| 150,000                                     | 0.5                |
-------------------","Chart 1 - Type: Line Chart, 
Description: This line chart, titled ""The price of solar modules over time,"" illustrates the historical trend of the price per watt of solar photovoltaics against the cumulative installed solar PV capacity (MW). The chart displays a general decreasing trend in price as capacity increases, with specific annotations for years 1976, 2009, and 2019, highlighting the significant price reduction over decades. Both X and Y axes are on a logarithmic scale.,
Mark: Line (connected points). Annotated points use circular marks (pink for 2009, green dollar sign for 2019)., 
Background: Solid light gray (#f7f7f7)., 
Gridlines: Thin, solid light gray lines for both major and minor grid divisions on logarithmic scales., 
Data Colors: Main data line is green (#74b834). A dotted light blue line indicates a trend. Annotation marks are pink (#FFB6C1) and green (#74b834)., 
-------------------"
Shadikur,274,vox,How solar energy got so cheap - YouTube,,,2,To show that solar power has become the cheapest source of electricity compared with fossil fuels.,00:35,00:46,Line Chart,,"Suspense- Gradual Reveal, Emphasis, Comparison and Draw a yellow line to highligt","it is now cheaper to generate electricity with solar...
than with coal, natural gas, or nuclear power.
This is an unqualified success story.
And if we can take the right lessons from it...",https://youtu.be/V8Vtb0bn30M,"Chart 1 - Line Chart
| Year | Coal ($/MWh) | Natural gas ($/MWh) | Solar ($/MWh) |
|------|--------------|---------------------|---------------|
| 2010 | 115          | 80                  | 365           |
| 2012 | 108          | 78                  | 155           |
| 2014 | 92           | 80                  | 68            |
| 2016 | 98           | 68                  | 42            |
| 2018 | 100          | 62                  | 32            |
| 2020 | 118          | 58                  | 28            |
-------------------","Chart 1 - Type: Line Chart,
Description: This chart illustrates the Levelized Cost of Energy (LCOE) for new power plants using Coal, Natural gas, and Solar technologies from 2010 to 2020. The X-axis represents the year, and the Y-axis represents the cost in dollars per Megawatt-hour ($/MWh). The chart shows a significant decline in solar energy costs over the decade, while coal and natural gas costs remained relatively stable or fluctuated.
Mark: Line,
Background: Light Grey,
Gridlines: Solid, Light Grey,
Data Colors: ['#3F3F3F', '#222222', '#6DC24B'],
-------------------"
Shadikur,275,vox,Why China's population is shrinking - YouTube,,,1,To show that China’s population has begun shrinking because deaths have now exceeded births for the first time in decades.,00:00,00:18,Line Chart,,"Suspense- Gradual Reveal, Emphasis, Comparison","This chart shows China's birth and death rate
over the last 60 years.
For most of it, births are high.
But in 2022, China had more deaths than births
causing its population to decrease
for the first time in 6 decades.
To get why this is such a big deal, consider this:",https://youtu.be/gmehUgOy5ok,"Chart 1 - Line Chart
| Year | Births (Millions) | Deaths (Millions) |
|---|---|---|
| 1965 | 31.0 | 11.0 |
| 1966 | 28.0 | 10.8 |
| 1967 | 30.0 | 10.5 |
| 1968 | 27.5 | 10.2 |
| 1969 | 25.0 | 10.0 |
| 1970 | 27.0 | 9.8 |
| 1971 | 28.5 | 9.5 |
| 1972 | 26.0 | 9.2 |
| 1973 | 24.0 | 9.0 |
| 1974 | 23.0 | 8.8 |
| 1975 | 22.0 | 8.6 |
| 1976 | 21.0 | 8.4 |
| 1977 | 20.0 | 8.2 |
| 1978 | 20.5 | 8.0 |
| 1979 | 21.0 | 7.9 |
| 1980 | 22.0 | 7.8 |
| 1981 | 24.0 | 7.7 |
| 1982 | 23.0 | 7.6 |
| 1983 | 22.0 | 7.5 |
| 1984 | 23.0 | 7.5 |
| 1985 | 25.0 | 7.6 |
| 1986 | 26.0 | 7.7 |
| 1987 | 28.0 | 7.8 |
| 1988 | 27.0 | 7.9 |
| 1989 | 26.0 | 8.0 |
| 1990 | 28.0 | 8.1 |
| 1991 | 27.0 | 8.2 |
| 1992 | 25.0 | 8.3 |
| 1993 | 23.0 | 8.3 |
| 1994 | 22.0 | 8.3 |
| 1995 | 21.0 | 8.2 |
| 1996 | 20.0 | 8.2 |
| 1997 | 19.0 | 8.1 |
| 1998 | 18.0 | 8.1 |
| 1999 | 17.5 | 8.1 |
| 2000 | 17.0 | 8.0 |
| 2001 | 16.8 | 8.0 |
| 2002 | 16.5 | 8.0 |
| 2003 | 16.2 | 8.0 |
| 2004 | 16.0 | 8.0 |
| 2005 | 16.5 | 8.0 |
| 2006 | 17.0 | 8.0 |
| 2007 | 17.5 | 8.0 |
| 2008 | 18.0 | 8.0 |
| 2009 | 18.5 | 8.0 |
| 2010 | 19.0 | 8.0 |
| 2011 | 18.8 | 8.2 |
| 2012 | 18.5 | 8.3 |
| 2013 | 19.0 | 8.5 |
| 2014 | 19.5 | 8.7 |
| 2015 | 19.0 | 9.0 |
| 2016 | 18.5 | 9.3 |
| 2017 | 17.5 | 9.5 |
| 2018 | 16.0 | 9.8 |
| 2019 | 14.5 | 10.0 |
| 2020 | 13.0 | 10.2 |
| 2021 | 11.5 | 10.5 |
| 2022 | 10.5 | 10.8 |
-------------------","Chart 1 - Type: Line Chart,
Description: A line chart displaying China's birth and death rates (in millions) from approximately 1965 to 2022, sourced from the United Nations Population Division, 2022. The blue line represents birth rates, and the red line represents death rates, showing trends over time.
Mark: Line, with a circular marker at the 2022 data point for both lines,
Background: Light beige/tan (#F5EFEB),
Gridlines: Dotted, light grey/brown (#CFCAC5),
Data Colors: Births: Dark blue (#4F6D8A), Deaths: Red/Orange (#D85F5F),
-------------------"
Shadikur,276,vox,Why China's population is shrinking - YouTube,,,2,To show that China’s population has peaked and is projected to decline dramatically by 2100.,00:30,00:45,Line Chart,,"Suspense- Gradual Reveal, Emphasis, Comparison and Draw a dotted line to highligt","Now, here's China's population over the last 60 years.
Even after losing almost a million people in 2022
its population is still about as big as it's ever been:
1.4 billion people.
But that's projected to shrink by nearly half
by the end of the century.",https://youtu.be/gmehUgOy5ok,"Chart 1 - Line Chart
| Year | Population (billion) |
|------|----------------------|
| 1950 | 0.54                 |
| 1960 | 0.67                 |
| 1970 | 0.83                 |
| 1980 | 0.98                 |
| 1990 | 1.14                 |
| 2000 | 1.27                 |
| 2010 | 1.36                 |
| 2020 | 1.40                 |
| 2030 | 1.38                 |
| 2040 | 1.30                 |
| 2050 | 1.20                 |
| 2060 | 1.08                 |
| 2070 | 0.96                 |
| 2080 | 0.87                 |
| 2090 | 0.81                 |
| 2100 | 0.77                 |
-------------------","Chart 1 - Type: Line Chart,
Description: This chart illustrates China's population from 1950 to 2100. The data up to 2020 is historical/actual (solid line), while from 2020 to 2100 it represents projections (dashed line). The source is the United Nations Population Division, 2022. The peak population of 1.4 billion around 2020 is highlighted.,
Mark: Line (solid for actual data, dashed for projected data), Circle (highlight at peak),
Background: Solid, light beige,
Gridlines: Dotted, vertical and horizontal, light brown/grey,
Data Colors: Dark blue-grey (solid line), Red-orange (dashed line), Light grey (highlight circle),
-------------------"
Shadikur,277,vox,Why China's population is shrinking - YouTube,,,3,To show that China’s population has peaked and is projected to shrink dramatically over the coming decades.,01:07,01:15,Line Chart,,"Suspense- Gradual Reveal, Emphasit","If we look at that on the birth and death rates chart
you'll see a big spike in deaths.
At the same time, the birth rate dropped
causing the population to shrink.",https://youtu.be/gmehUgOy5ok,"Chart 1 - Line Chart
| Year | Births (million) | Deaths (million) |
|------|------------------|------------------|
| 1950 | 24.5             | 12.0             |
| 1955 | 26.5             | 11.8             |
| 1960 | 19.5             | 19.5             |
| 1965 | 31.0             | 11.0             |
| 1970 | 28.0             | 10.0             |
| 1975 | 23.5             | 9.5              |
| 1980 | 20.5             | 7.5              |
| 1985 | 25.5             | 8.0              |
| 1990 | 27.5             | 8.0              |
| 1995 | 20.0             | 8.0              |
| 2000 | 16.5             | 8.2              |
| 2005 | 17.5             | 8.3              |
| 2010 | 18.5             | 9.0              |
| 2015 | 16.0             | 9.5              |
| 2020 | 11.0             | 10.5             |
-------------------","Chart 1 - Type: Line Chart,
Description: A dual-line chart illustrating China's birth and death rates from 1950 to 2020, sourced from UN World Population Prospects. The Y-axis represents the values in millions, with one line depicting 'Births' and the other 'Deaths' over time. The chart shows significant fluctuations, including a sharp increase in deaths around 1960 and a subsequent peak in births around 1965, followed by a general decline in birth rates and a slight increase in death rates towards 2020.,
Mark: line,
Background: Solid, light beige (#efe8dc),
Gridlines: Dotted vertical lines and solid horizontal lines, light brown (#d9d2c2),
Data Colors: ['#6a829e' (Births), '#e57c6b' (Deaths)],
-------------------"
Shadikur,278,vox,Why China's population is shrinking - YouTube,,,4,To show how aggressive birth-control campaigns during China’s one-child policy drastically reduced population growth.,02:07,02:30,Line Chart,,"Suspense- Gradual Reveal, Emphasis, Comparison and Draw a dotted line to highligt","There were campaigns of sterilization...
IUD insertion and induced abortions.
And while these campaigns began during the Later, Longer, Fewer era
they were at their worst under the one child policy
when China sterilized 20 million men and women
and induced nearly 15 million abortions in a single year.
But China had accomplished its goal.
Population growth was under control.",https://youtu.be/gmehUgOy5ok,"Chart 1 - Line Chart
| Year | Abortion (million) | IUD insertion (million) | Sterilization (million) |
| :--- | :----------------- | :---------------------- | :---------------------- |
| 1971 | 4.0                | 6.0                     | 3.0                     |
| 1972 | 4.5                | 8.0                     | 5.0                     |
| 1973 | 5.0                | 11.0                    | 5.5                     |
| 1974 | 4.8                | 13.0                    | 4.0                     |
| 1975 | 5.2                | 15.0                    | 5.0                     |
| 1976 | 5.0                | 16.5                    | 6.0                     |
| 1977 | 6.5                | 15.0                    | 3.0                     |
| 1978 | 7.0                | 13.0                    | 5.0                     |
| 1979 | 6.5                | 11.5                    | 6.5                     |
| 1980 | 9.0                | 11.0                    | 6.0                     |
| 1981 | 10.0               | 12.0                    | 2.5                     |
| 1982 | 13.0               | 15.0                    | 12.0                    |
| 1983 | 14.5               | 18.0                    | 20.5                    |
| 1984 | 10.0               | 14.0                    | 10.0                    |
| 1985 | 11.0               | 12.0                    | 3.0                     |
| 1986 | 10.0               | 13.0                    | 6.0                     |
| 1987 | 12.0               | 11.5                    | 7.0                     |
| 1988 | 10.5               | 10.0                    | 5.0                     |
| 1989 | 11.5               | 12.0                    | 7.0                     |
| 1990 | 14.0               | 13.0                    | 8.5                     |
| 1991 | 14.5               | 12.0                    | 9.5                     |
| 1992 | 12.0               | 11.0                    | 7.0                     |
| 1993 | 10.0               | 9.0                     | 5.0                     |
| 1994 | 8.0                | 8.0                     | 4.0                     |
| 1995 | 7.5                | 7.0                     | 3.0                     |
| 1996 | 7.0                | 6.5                     | 2.5                     |
| 1997 | 6.5                | 6.0                     | 2.0                     |
| 1998 | 6.0                | 5.5                     | 1.8                     |
| 1999 | 6.5                | 6.0                     | 1.6                     |
| 2000 | 7.0                | 6.5                     | 1.5                     |
| 2001 | 6.8                | 6.0                     | 1.4                     |
| 2002 | 6.5                | 6.0                     | 1.3                     |
| 2003 | 6.8                | 6.5                     | 1.2                     |
| 2004 | 7.0                | 6.8                     | 1.1                     |
| 2005 | 7.2                | 7.0                     | 1.0                     |
| 2006 | 7.5                | 7.2                     | 1.0                     |
-------------------","Chart 1 - Type: Line Chart,
Description: This line chart illustrates the number of birth-control operations in China from 1971 to 2006, broken down by type: Abortion, IUD insertion, and Sterilization. The Y-axis represents operations in millions. The chart background includes two vertical shaded regions: a light greyish-blue one from approximately 1971 to 1981, and a light orange-beige one from approximately 1981 to 1984, potentially highlighting policy shifts or notable periods.
Mark: Lines (solid and dotted),
Background: Solid light beige with two vertical shaded regions within the plotting area: light greyish-blue and light orange-beige,
Gridlines: Dotted, light grey,
Data Colors: ['#476C8F' (Abortion), '#596D85' (IUD insertion), '#DB4D4C' (Sterilization)],
-------------------"
Shadikur,279,vox,Why China's population is shrinking - YouTube,,,5,"To show how different country rapidly growing population has a youthful, pyramid-shaped age structure.",04:33,05:00,Bar Chart,,"Suspense- Gradual Reveal, Emphasis, Comparison ","If we look at population pyramids that show distribution by age...
we see that countries like Kenya
with rapid population growth look like this:
wide at the bottom
representing a lot of new young people, and narrow at the top.
Countries experiencing slower growth
like the Philippines, are still triangular.
But the difference between top and bottom is less pronounced.
Now take a look at China, and notice the narrow bottom, so, fewer babies.
And the heavy top: a larger number of elderly people.",https://youtu.be/gmehUgOy5ok,"Chart 1 - Population Age Pyramid
| Age Group | Population (Left, M) | Population (Right, M) |
|:----------|---------------------:|----------------------:|
| 0-4       | 3.7                  | 3.8                   |
| 5-9       | 3.5                  | 3.6                   |
| 10-14     | 3.3                  | 3.4                   |
| 15-19     | 3.0                  | 3.1                   |
| 20-24     | 2.8                  | 2.9                   |
| 25-29     | 2.6                  | 2.7                   |
| 30-34     | 2.4                  | 2.5                   |
| 35-39     | 2.2                  | 2.3                   |
| 40-44     | 2.0                  | 2.1                   |
| 45-49     | 1.8                  | 1.9                   |
| 50-54     | 1.5                  | 1.6                   |
| 55-59     | 1.2                  | 1.3                   |
| 60-64     | 1.0                  | 1.1                   |
| 65-69     | 0.8                  | 0.9                   |
| 70-74     | 0.7                  | 0.8                   |
| 75-79     | 0.5                  | 0.6                   |
| 80-84     | 0.4                  | 0.45                  |
| 85-89     | 0.3                  | 0.35                  |
| 90-94     | 0.2                  | 0.25                  |
| 95-99     | 0.1                  | 0.15                  |
| 100+      | 0.05                 | 0.05                  |
-------------------","Chart 1 - Type: Population Age Pyramid, 
Description: A population pyramid showing the age distribution of Kenya in 2023, with population counts (in millions) for different age groups. The left side typically represents males and the right side females. The data indicates a broad base of younger age groups, narrowing towards older age groups, characteristic of a developing country with a relatively young population. The slight arrow on the right at the 0-4 age group indicates the source or a point of interest, but doesn't affect the data extraction. The title 'Kenya (2023)' specifies the region and year. The X-axis is 'POPULATION' in millions, and the Y-axis is 'AGE'. Below the chart, ""Population Age Pyramid"" is visible.
Mark: Horizontal Bars, 
Background: Light beige/cream, 
Gridlines: Dotted light grey horizontal lines, Solid light grey vertical lines, 
Data Colors: Red/Orange with subtle dark gradient/shadow on the edges, 
-------------------"
Shadikur,280,vox,Why China's population is shrinking - YouTube,,,6,"To show that although China’s economy grew rapidly, its GDP per capita remains far lower than high-income countries",05:36,05:59,Line Chart,,"Suspense- Gradual Reveal, Emphasis, Comparison and Draw a dotted line to highligt","A generation later, it was shooting up the ranks
and becoming one of the world's leading
and fastest growing economies by GDP.
But not only did that economic modernization
drive birthrates down further, it also didn't
translate to an equally strong economy for everyone.
If we look at the GDP per capita
the best indicator we have for standard of living
China is much lower than these high income countries.",https://youtu.be/gmehUgOy5ok,"Chart 1 - Line Chart
| Year | United States (thousand USD) | Canada (thousand USD) | United Kingdom (thousand USD) | Japan (thousand USD) | China (thousand USD) |
|------|------------------------------|-----------------------|-------------------------------|----------------------|----------------------|
| 1960 | 3.0                          | 2.0                   | 2.0                           | 0.5                  | 0.1                  |
| 1961 | 3.1                          | 2.1                   | 2.2                           | 0.6                  | 0.1                  |
| 1962 | 3.3                          | 2.3                   | 2.4                           | 0.7                  | 0.1                  |
| 1963 | 3.5                          | 2.5                   | 2.6                           | 0.8                  | 0.1                  |
| 1964 | 3.7                          | 2.7                   | 2.8                           | 0.9                  | 0.1                  |
| 1965 | 4.0                          | 3.0                   | 3.0                           | 1.0                  | 0.1                  |
| 1966 | 4.3                          | 3.3                   | 3.2                           | 1.2                  | 0.1                  |
| 1967 | 4.7                          | 3.7                   | 3.5                           | 1.5                  | 0.1                  |
| 1968 | 5.0                          | 4.0                   | 3.7                           | 1.8                  | 0.1                  |
| 1969 | 5.4                          | 4.3                   | 4.0                           | 2.2                  | 0.1                  |
| 1970 | 5.8                          | 4.6                   | 4.2                           | 2.6                  | 0.1                  |
| 1971 | 6.2                          | 4.9                   | 4.5                           | 3.0                  | 0.1                  |
| 1972 | 6.7                          | 5.3                   | 4.8                           | 3.5                  | 0.1                  |
| 1973 | 7.3                          | 5.8                   | 5.0                           | 4.2                  | 0.1                  |
| 1974 | 7.9                          | 6.3                   | 5.3                           | 4.9                  | 0.1                  |
| 1975 | 8.5                          | 6.8                   | 5.6                           | 5.6                  | 0.1                  |
| 1976 | 9.2                          | 7.4                   | 6.0                           | 6.3                  | 0.1                  |
| 1977 | 9.9                          | 8.0                   | 6.3                           | 7.0                  | 0.1                  |
| 1978 | 10.7                         | 8.7                   | 6.7                           | 7.8                  | 0.2                  |
| 1979 | 11.5                         | 9.4                   | 7.1                           | 8.6                  | 0.2                  |
| 1980 | 12.3                         | 10.1                  | 7.5                           | 9.4                  | 0.2                  |
| 1981 | 13.2                         | 10.9                  | 7.9                           | 10.2                 | 0.2                  |
| 1982 | 14.1                         | 11.7                  | 8.3                           | 11.1                 | 0.3                  |
| 1983 | 15.0                         | 12.5                  | 8.7                           | 12.0                 | 0.3                  |
| 1984 | 16.1                         | 13.4                  | 9.2                           | 13.0                 | 0.4                  |
| 1985 | 17.2                         | 14.3                  | 9.7                           | 14.0                 | 0.5                  |
| 1986 | 18.3                         | 15.2                  | 10.2                          | 15.1                 | 0.6                  |
| 1987 | 19.5                         | 16.2                  | 10.8                          | 16.2                 | 0.7                  |
| 1988 | 20.7                         | 17.2                  | 11.4                          | 17.4                 | 0.8                  |
| 1989 | 22.0                         | 18.3                  | 12.0                          | 18.6                 | 0.9                  |
| 1990 | 23.3                         | 19.4                  | 12.7                          | 19.9                 | 1.0                  |
| 1991 | 24.7                         | 20.5                  | 13.4                          | 21.2                 | 1.1                  |
| 1992 | 26.1                         | 21.7                  | 14.2                          | 22.6                 | 1.2                  |
| 1993 | 27.5                         | 22.9                  | 15.0                          | 24.0                 | 1.3                  |
| 1994 | 29.0                         | 24.1                  | 15.8                          | 25.5                 | 1.5                  |
| 1995 | 30.5                         | 25.4                  | 16.7                          | 27.0                 | 1.7                  |
| 1996 | 32.0                         | 26.7                  | 17.6                          | 28.6                 | 1.9                  |
| 1997 | 33.6                         | 28.0                  | 18.5                          | 30.2                 | 2.1                  |
| 1998 | 35.2                         | 29.4                  | 19.5                          | 31.8                 | 2.3                  |
| 1999 | 36.9                         | 30.8                  | 20.5                          | 33.5                 | 2.6                  |
| 2000 | 38.6                         | 32.3                  | 21.5                          | 35.2                 | 2.9                  |
| 2001 | 40.3                         | 33.8                  | 22.6                          | 36.9                 | 3.2                  |
| 2002 | 42.1                         | 35.3                  | 23.7                          | 38.7                 | 3.5                  |
| 2003 | 43.9                         | 36.9                  | 24.8                          | 40.5                 | 3.9                  |
| 2004 | 45.7                         | 38.5                  | 26.0                          | 42.4                 | 4.3                  |
| 2005 | 47.6                         | 40.1                  | 27.2                          | 44.3                 | 4.8                  |
| 2006 | 49.5                         | 41.8                  | 28.4                          | 46.2                 | 5.3                  |
| 2007 | 51.4                         | 43.5                  | 29.7                          | 48.2                 | 5.9                  |
| 2008 | 53.3                         | 45.2                  | 31.0                          | 50.2                 | 6.5                  |
| 2009 | 52.5                         | 43.5                  | 29.5                          | 48.0                 | 7.2                  |
| 2010 | 54.5                         | 45.5                  | 31.5                          | 50.0                 | 8.0                  |
| 2011 | 56.5                         | 47.5                  | 33.5                          | 52.0                 | 8.8                  |
| 2012 | 58.5                         | 49.5                  | 35.5                          | 54.0                 | 9.6                  |
| 2013 | 60.5                         | 51.5                  | 37.5                          | 56.0                 | 10.4                 |
| 2014 | 62.5                         | 53.5                  | 39.5                          | 58.0                 | 11.2                 |
| 2015 | 64.5                         | 55.5                  | 41.5                          | 60.0                 | 12.0                 |
| 2016 | 66.5                         | 57.5                  | 43.5                          | 62.0                 | 12.8                 |
| 2017 | 68.5                         | 59.5                  | 45.5                          | 64.0                 | 13.6                 |
| 2018 | 70.0                         | 61.0                  | 47.0                          | 65.0                 | 14.4                 |
| 2019 | 69.0                         | 59.0                  | 45.0                          | 63.0                 | 15.2                 |
| 2020 | 66.5                         | 53.0                  | 40.0                          | 39.0                 | 11.5                 |
-------------------","Chart 1 - Type: Line Chart,
Description: A line chart displaying GDP per capita in USD for United States, Canada, United Kingdom, Japan, and China from 1960 to 2020. The Y-axis represents GDP per capita in thousands of USD. The chart shows general growth trends for all countries over the period, with noticeable dips around 2009 and 2020 for most, and China showing a consistent steep upward trend in later years from a very low base. The data is sourced from World Bank, 2021.
Mark: Line,
Background: Solid, light beige/tan (#f2eadf),
Gridlines: Dotted, dark greyish-brown (#756f64),
Data Colors: United States: Dark Blue (#42608D), Canada: Dark Blue (#42608D), United Kingdom: Dark Blue (#42608D), Japan: Dark Blue (#42608D), China: Red (#D94848),
-------------------"
Shadikur,281,vox,How Western weapons transformed the war in Ukraine - YouTube,,,1,Show how disproportionately large U.S. military aid to Ukraine is compared to other countries.,00:31,00:47,Bar Chart,,"Suspense- Gradual Reveal, Emphasis, Comparison ","because the US has already given nearly $47 billion
in military aid to Ukraine over the past year.
That's a lot of weapons.
Far more than it gave even some of its closest allies in 2020...
and more than four times
what it gave Afghanistan's army at the height of the US-led war there.",https://youtu.be/5tjV4RkBEwE,"Chart 1 - Horizontal Bar Chart
| Country/Entity | Military Aid (Billions USD) |
|:---------------|:----------------------------|
| United States  | 46.6                        |
| United Kingdom | 5.1                         |
| European Union | 3.3                         |
| Poland         | 2.5                         |
| Germany        | 2.5                         |
| Canada         | 1.4                         |
| Netherlands    | 0.9                         |
| Italy          | 0.7                         |
| France         | 0.7                         |
| Norway         | 0.6                         |
-------------------","Chart 1 - Type: Horizontal Bar Chart, 
Description: This horizontal bar chart displays the military aid provided to Ukraine in billions of US dollars by various countries and the European Union. The data is sourced from the Kiel Institute for the World Economy and covers the period from January 24, 2022, to January 15, 2023. The United States is shown to be the largest contributor by a significant margin. The values are explicitly labeled on each bar.,
Mark: Rectangular bars, 
Background: Solid light grey/off-white, 
Gridlines: None, 
Data Colors: Blue (for United States bar), Dark grey (for all other bars), 
-------------------"
Shadikur,282,vox,How Western weapons transformed the war in Ukraine - YouTube,,,2,Show rising public concern in the U.S. especially among Republicans that the country is providing too much aid to Ukraine.,07:04,07:13,Bar Chart,,"Suspense- Gradual Reveal, Emphasis, Comparison and Draw a Squre box to highligt","A recent Pew Research poll showed
the proportion of people who believe the US has sent too much aid to Ukraine has grown
particularly on the right.",https://youtu.be/5tjV4RkBEwE,"Chart 1 - Stacked Bar Chart
| Category                      | Not enough or about right (%) | Too much (%) |
|:------------------------------|:------------------------------|:-------------|
| Total survey                  | 77                            | 23           |
| Republican or lean Republican | 47                            | 53           |
-------------------","Chart 1 - Type: Stacked Bar Chart,
Description: This chart displays American public opinion on aid to Ukraine in January 2023, differentiating between the total survey respondents and those identifying as Republican or lean Republican. Opinions are categorized into two groups: ""Not enough or about right"" and ""Too much"" aid.
Mark: Rectangular bars,
Background: Light gray/off-white,
Gridlines: No horizontal gridlines; a single vertical line separates the category labels from the bars.,
Data Colors: Light gray, Light salmon, Red,
-------------------"
Shadikur,283,vox,Why so many people need glasses now - YouTube,,,1,Rising global myopia rates and growing risk of severe vision impairment.,00:51,01:17,Bar Chart,,"Suspense- Gradual Reveal, Emphasis, Comparison ","In the US, where I live
just 25% of people were myopic in 1971.
By 2004, that number was up to 42%.
And if current trends continue
it’s estimated that half of the world's population
will be myopic by 2050.
In Hong Kong, Singapore, Taiwan and South Korea
rates are already a lot higher than that.
And a growing portion have high myopia
which the WHO categorizes as a prescription stronger than -5.
That puts them at risk of losing their sight one day.",https://youtu.be/LAkFtka3UFw,"Chart 1 - Bar Chart
| Year | Prevalence (%) |
|------|----------------|
| 1971 | 25             |
| 2004 | 42             |
-------------------","Chart 1 - Type: Bar Chart,
Description: This bar chart displays the US myopia prevalence for two distinct years: 1971 and 2004. The Y-axis represents the prevalence percentage, ranging from 0% to 60%, with increments of 10%. The X-axis shows the years. The data indicates an increase in prevalence from 25% in 1971 to 42% in 2004. The chart title attributes the data to the National Eye Institute, 2010.
Mark: Rectangular Bar,
Background: Solid light tan (#EDE4D0),
Gridlines: Solid light tan (#DED8CC),
Data Colors: #40B1C4 (for 1971), #E64C8A (for 2004)
-------------------"
Shadikur,284,vox,Why is everything getting so expensive?,,,1,To show how stimulus checks may have influenced inflation by comparing the timing of the checks with the rise in the consumer price index.,02:29,02:40,Line Chart,,"Suspense- Gradual Reveal, Emphasis, Comparison and Draw a dotted line to highligt","And it's true
the consumer price index has been rising steadily
for the past couple of years.
Here's when those stimulus checks went out.
But now let's take a closer look at
some of the specific goods and services
that make up the CPI.",https://youtu.be/qlKx8uc_ppU,"Chart 1 - Line Chart
| Date | Consumer Price Index (12-month % change) |
|---|---|
| 2020-01 | 2.5 |
| 2020-02 | 2.0 |
| 2020-03 | 1.0 |
| 2020-04 | 0.0 |
| 2020-05 | 0.0 |
| 2020-06 | 0.5 |
| 2020-07 | 1.0 |
| 2020-08 | 1.25 |
| 2020-09 | 1.5 |
| 2020-10 | 1.25 |
| 2020-11 | 1.5 |
| 2020-12 | 1.75 |
| 2021-01 | 2.0 |
| 2021-02 | 2.25 |
| 2021-03 | 2.5 |
| 2021-04 | 4.0 |
| 2021-05 | 5.25 |
| 2021-06 | 5.5 |
| 2021-07 | 5.5 |
| 2021-08 | 5.25 |
| 2021-09 | 5.5 |
| 2021-10 | 6.0 |
| 2021-11 | 6.75 |
| 2021-12 | 7.0 |
| 2022-01 | 7.5 |
| 2022-02 | 8.0 |
| 2022-03 | 8.5 |
| 2022-04 | 8.25 |
| 2022-05 | 8.5 |
| 2022-06 | 9.0 |
| 2022-07 | 8.75 |
| 2022-08 | 8.25 |
| 2022-09 | 8.0 |
| 2022-10 | 7.75 |
| 2022-11 | 7.25 |
| 2022-12 | 6.75 |
| 2023-01 | 6.25 |
-------------------","Chart 1 - Type: Line Chart,
Description: This line chart illustrates the 12-month percentage change in the Consumer Price Index (CPI) from January 2020 to January 2023, sourced from the US Bureau of Labor Statistics. The chart shows the fluctuation of inflation over time, including annotations for three ""Stimulus check"" periods represented by vertical dashed lines.
Mark: Line,
Background: White,
Gridlines: Solid, Light Gray,
Data Colors: #FF5733 (Orange-Red),
-------------------"
Shadikur,285,vox,Why is everything getting so expensive?,,,2,"To show that inflation varies widely across categories, proving that rising prices are not simply caused by people having too much money.",02:41,03:22,Bar Chart,,"Suspense- Gradual Reveal, Emphasis, Comparison and Draw a dotted line to highligt","Some things are way more expensive than this time last year
like fuel oil, airline fares, gas, baked goods, dairy products.
But there is some stuff that's held fairly steady.
In a normal, healthy economy
the Federal Reserve expects for inflation to be about 2% a year.
And for stuff like clothing, prescription drugs, and education
prices are only slightly above that 2% mark.
for used cars and trucks, gasoline, and communication....
That's your phone plan.
Internet streaming.
Prices are actually lower than this time last year.
It seems a bit more complicated than simply:
People have too much money.
If that were the only problem
wouldn't everything be more expensive?",https://youtu.be/qlKx8uc_ppU,"Chart 1 - Horizontal Bar Chart
| Category | Change (%) |
|:------------------------|-----------:|
| Baked goods             | 17.5       |
| Dairy                   | 15.0       |
| Fuel oil                | 41.0       |
| Utility (piped) gas     | 19.0       |
| Gasoline                | -2.5       |
| Clothing                | 3.0        |
| Used cars & trucks      | -7.5       |
| Airline fares           | 26.0       |
| Prescription drugs      | 0.5        |
| Education               | 0.5        |
| Communication           | 0.5        |
-------------------","Chart 1 - Type: Horizontal Bar Chart, 
Description: This chart illustrates the percentage change in the consumer price index for various categories from December 2021 to December 2022, sourced from the US Bureau of Labor Statistics. The categories are listed on the y-axis, and the percentage change is on the x-axis, ranging from -20% to 50%. Most categories show a positive change, with Fuel oil and Airline fares having the largest increases. Some categories like Gasoline and Used cars & trucks show a decrease. Education, Communication, and Prescription drugs show negligible changes.
Mark: Bar, 
Background: White, 
Gridlines: Solid Thin Grey, 
Data Colors: ['#E65D39'], 
-------------------"
Shadikur,286,vox,Why is everything getting so expensive?,,,3,Show how the actual 2023 diaper price compares to what it should have been if it had only risen at the normal 2% annual inflation rate.,03:46,04:00,Line Chart,,"Suspense- Gradual Reveal, Emphasis, Comparison and Draw a circle to highligt","So in 2019, the average unit price for diapers was 16.1 cents.
If prices had gone up at that expected 2%,
annual inflation rate January of 2023
would have seen me paying 17.4 cents per diaper.",https://youtu.be/qlKx8uc_ppU,"Chart 1 - Line Chart
| Year | Cost per diaper |
|:-------------|:----------------|
| January 2019 | 0.161 |
| January 2020 | 0.165 |
| January 2021 | 0.169 |
| January 2022 | 0.171 |
| January 2023 | 0.174 |
-------------------","Chart 1 - Type: Line Chart,
Description: This line chart illustrates the trend of the cost per diaper from January 2019 to January 2023, showing a gradual increase over the years. The data point for January 2023 is explicitly labeled as $0.174.,
Mark: Circle,
Background: White,
Gridlines: Solid and Light Gray,
Data Colors: ['#E66C3C'],
-------------------"
Shadikur,287,vox,Why is everything getting so expensive?,,,4,To compare real diaper price increases with expected inflation and CPI growth.,04:03,04:11,Line Chart,,"Suspense- Gradual Reveal, Emphasis, Comparison and Draw a circle to highligt","If the price of diapers
had increased at the same rate as the CPI...
I would be paying 19 cents per diaper in January of 2023.",https://youtu.be/qlKx8uc_ppU,"Chart 1 - Line Chart
| Date | 2% | CPI |
|:---|---:|---:|
| January 2019 | 0.161 | 0.161 |
| January 2020 | 0.164 | 0.164 |
| January 2021 | 0.167 | 0.168 |
| January 2022 | 0.171 | 0.180 |
| January 2023 | 0.174 | 0.190 |
-------------------","Chart 1 - Type: Line Chart, 
Description: This chart displays the ""Cost per diaper"" over time from January 2019 to January 2023, tracking two distinct metrics: ""2%"" and ""CPI"". The 'Current price' legend item is present but does not have a corresponding line on the chart.,
Mark: Line, 
Background: White, 
Gridlines: Solid Light Grey, 
Data Colors: Light Red/Pink, Light Blue, 
-------------------"
Shadikur,288,vox,Why is everything getting so expensive?,,,5,Compare the actual rise in diaper prices to expected inflation and CPI to show that diaper costs have increased disproportionately.,04:13,04:20,Line Chart,,"Suspense- Gradual Reveal, Emphasis, Comparison and Draw a circle to highligt","I am currently paying 21 cents per diaper
an increase of over 30%.",https://youtu.be/qlKx8uc_ppU,"Chart 1 - Line Chart
| Year        | Current price | 2%    | CPI   |
| :---------- | :------------ | :---- | :---- |
| January 2019 | 0.161         | 0.161 | 0.161 |
| January 2020 | 0.166         | 0.164 | 0.163 |
| January 2021 | 0.179         | 0.168 | 0.167 |
| January 2022 | 0.193         | 0.171 | 0.178 |
| January 2023 | 0.21          | 0.174 | 0.19  |
-------------------","Chart 1 - Type: Line Chart,
Description: A line chart titled ""Cost per diaper"" showing the increase in diaper cost over time from January 2019 to January 2023, along with projected increases at 2% annually and adjusted for CPI. The chart highlights the actual ""Current price"" compared to these benchmarks. The source is Nielsen IQ.
Mark: Line, with area fill below the line for each series,
Background: White,
Gridlines: Solid, Gray,
Data Colors: Red (for Current price), Light Blue (for CPI), Light Orange (for 2%),
-------------------"
Shadikur,289,vox,Why is everything getting so expensive?,,,6,To show that recent wage increases in manufacturing are not excessive but instead represent a correction after years of wages lagging behind inflation.,04:58,05:28,Line Chart,,"Suspense- Gradual Reveal, Emphasis, Comparison","Take labor costs, for example.
We know that from 2019 to 2023...
the average hourly wage for someone working in manufacturing...
rose by about 17%.
Now, that is faster than what
you would expect under normal 2% annual inflation.
But when you consider the fact that corporations
have successfully kept wages
so low in the years leading up to that point...
that they were actually declining relative to inflation...
this recent bump starts to look more
like a kind of return to normalcy.",https://youtu.be/qlKx8uc_ppU,"Chart 1 - Line Chart
| Year | Wages ($) | 2% inflation ($) |
|---|---|---|
| 2010 | 18.50 | 19.80 |
| 2011 | 18.70 | 20.10 |
| 2012 | 18.95 | 20.40 |
| 2013 | 19.20 | 20.70 |
| 2014 | 19.45 | 21.00 |
| 2015 | 19.70 | 21.30 |
| 2016 | 20.05 | 21.60 |
| 2017 | 20.45 | 21.90 |
| 2018 | 20.90 | 22.20 |
| 2019 | 21.50 | 22.50 |
| 2020 | 22.20 | 22.80 |
| 2021 | 23.20 | 23.10 |
| 2022 | 24.40 | 23.40 |
| 2023 | 25.70 | 23.70 |
-------------------","Chart 1 - Type: Line Chart,
Description: This line chart displays the average hourly earnings in manufacturing from 2010 to 2023, comparing actual 'Wages' with a hypothetical '2% inflation' growth line. The chart title is ""Average hourly earnings, manufacturing"" and the data source is the ""US Bureau of Labor Statistics"". A shaded background highlights the period from approximately 2020 to 2023.,
Mark: Wages: Connected line formed by small, almost continuous points; 2% inflation: Straight line,
Background: White, with a light peach/orange rectangular shaded area from approximately 2020 to 2023.,
Gridlines: Horizontal, light grey solid lines,
Data Colors: Wages: Orange (#FF8C00 approx), 2% inflation: Red (#B22222 approx),
-------------------"
Shadikur,290,vox,Why is everything getting so expensive?,,,7,To show how rising input costs for wood pulp and plastics have contributed to higher consumer prices.,05:45,05:55,LIne Chart,,"Suspense- Gradual Reveal, Emphasis, Comparison","the average price for both of these materials
wood pulp and plastic products
has risen significantly over the past five years.
But both of these rising input costs...",https://youtu.be/qlKx8uc_ppU,"Chart 1 - Line Chart
| Date         | Wood pulp | Plastics material |
| :----------- | --------: | ----------------: |
| January 2019 | 210       | 280               |
| February 2019| 200       | 278               |
| March 2019   | 195       | 276               |
| April 2019   | 185       | 275               |
| May 2019     | 175       | 270               |
| June 2019    | 165       | 265               |
| July 2019    | 150       | 260               |
| August 2019  | 140       | 255               |
| September 2019| 138       | 250               |
| October 2019 | 138       | 248               |
| November 2019| 138       | 246               |
| December 2019| 138       | 246               |
| January 2020 | 140       | 248               |
| February 2020| 142       | 252               |
| March 2020   | 145       | 258               |
| April 2020   | 148       | 265               |
| May 2020     | 145       | 275               |
| June 2020    | 145       | 285               |
| July 2020    | 145       | 300               |
| August 2020  | 145       | 315               |
| September 2020| 145       | 330               |
| October 2020 | 148       | 345               |
| November 2020| 152       | 355               |
| December 2020| 158       | 360               |
| January 2021 | 165       | 360               |
| February 2021| 180       | 365               |
| March 2021   | 195       | 370               |
| April 2021   | 205       | 370               |
| May 2021     | 208       | 365               |
| June 2021    | 208       | 358               |
| July 2021    | 208       | 350               |
| August 2021  | 208       | 355               |
| September 2021| 208       | 360               |
| October 2021 | 208       | 365               |
| November 2021| 208       | 365               |
| December 2021| 208       | 360               |
| January 2022 | 210       | 358               |
| February 2022| 215       | 360               |
| March 2022   | 225       | 365               |
| April 2022   | 235       | 370               |
| May 2022     | 245       | 365               |
| June 2022    | 250       | 360               |
| July 2022    | 250       | 350               |
| August 2022  | 248       | 340               |
| September 2022| 250       | 330               |
| October 2022 | 255       | 325               |
| November 2022| 260       | 320               |
| December 2022| 260       | 320               |
| January 2023 | 260       | 320               |
-------------------","Chart 1 - Type: Line Chart, 
Description: This chart displays the Producer Price Index for Wood pulp and Plastics material from January 2019 to January 2023. The X-axis represents the date (monthly from January 2019 to January 2023), and the Y-axis represents the Producer Price Index, ranging from 120 to 400. Wood pulp index shows a general decline from early 2019 to early 2020, then a steady increase through January 2023. Plastics material index shows an initial slight decline, then a sharp increase from late 2019 through early 2021, followed by a fluctuating plateau and a decline towards early 2023. Annotations ""+18%"" and ""+22%"" are present at the end of the Plastics material and Wood pulp lines respectively, indicating percentage changes over an unspecified period.,
Mark: Line, 
Background: White, 
Gridlines: Solid, Light Gray, 
Data Colors: #E4572E (Wood pulp), #60BEEB (Plastics material), 
-------------------"
Shadikur,291,vox,Why is everything getting so expensive?,,,8,Show how continued interest rate hikes by the Fed could push unemployment higher despite it currently remaining low.,07:36,07:42,Line Chart,,"Suspense- Gradual Reveal, Emphasis, Comparison and Draw a dotted line to highligt","So far, the Fed has raised interest rates 8 times
and the unemployment rate has stayed pretty low.
But that could change if the Fed keeps raising rates.",https://youtu.be/qlKx8uc_ppU,"Chart 1 - Line Chart
| Month-Year | Unemployment Rate (%) |
|---|---|
| January 2021 | 6.3 |
| February 2021 | 6.15 |
| March 2021 | 6.1 |
| April 2021 | 5.85 |
| May 2021 | 5.9 |
| June 2021 | 5.5 |
| July 2021 | 5.2 |
| August 2021 | 5.0 |
| September 2021 | 4.5 |
| October 2021 | 4.1 |
| November 2021 | 3.9 |
| December 2021 | 3.7 |
| January 2022 | 3.8 |
| February 2022 | 3.45 |
| March 2022 | 3.4 |
| April 2022 | 3.35 |
| May 2022 | 3.4 |
| June 2022 | 3.25 |
| July 2022 | 3.5 |
| August 2022 | 3.4 |
| September 2022 | 3.5 |
| October 2022 | 3.3 |
| November 2022 | 3.4 |
| December 2022 | 3.25 |
| January 2023 | 3.2 |
-------------------","Chart 1 - Type: Line Chart,
Description: This chart displays the US unemployment rate from January 2021 to January 2023, showing a general downward trend over the two-year period with minor fluctuations. A dashed black line indicates the 4% unemployment mark.
Mark: Line,
Background: White,
Gridlines: Horizontal, solid, light grey; horizontal reference line, dashed, black (at 4%),
Data Colors: Orange-red,
-------------------"
Shadikur,292,vox,Why is everything getting so expensive?,,,9,Highlight how aggressive interest-rate hikes can lower inflation but historically cause unemployment to spike sharply.,07:43,07:56,Line Chart,,"Suspense- Gradual Reveal, Emphasis, Comparison and Draw a dotted line to highligt","The last time inflation got super high back in the early 80s
the Fed did huge interest rate hikes
and inflation did go down.
But look what happened to unemployment.
It shot way up.
By 1982, one in 10 people were out of work.",https://youtu.be/qlKx8uc_ppU,"Chart 1 - Line Chart
| Year | Inflation | Unemployment |
| :--- | :-------- | :----------- |
| 1973 | 9.8       | 4.8          |
| 1974 | 12.0      | 5.5          |
| 1975 | 7.0       | 8.5          |
| 1976 | 5.5       | 7.5          |
| 1977 | 6.5       | 7.0          |
| 1978 | 8.0       | 6.0          |
| 1979 | 10.0      | 5.8          |
| 1980 | 13.5      | 7.2          |
| 1981 | 9.0       | 7.8          |
| 1982 | 5.0       | 10.0         |
| 1983 | 3.5       | 9.5          |
| 1984 | 4.0       | 7.5          |
| 1985 | 3.0       | 7.0          |
| 1986 | 2.0       | 6.5          |
| 1987 | 4.0       | 6.0          |
-------------------","Chart 1 - Type: Line Chart, 
Description: This chart displays the year-over-year change in the consumer price index (Inflation) and the Unemployment rate from 1973 to 1987. Data is sourced from the US Bureau of Labor Statistics. Inflation is represented by an orange line, and unemployment by a blue line, with a specific peak on the unemployment line around 1982 highlighted by a blue circle and a dotted vertical line.
Mark: Line, Circle (for annotation), 
Background: Solid, White, 
Gridlines: Horizontal, Solid, Light Gray, 
Data Colors: Inflation: #EE6B49, Unemployment: #96D0ED, 
-------------------"
Syem,301,The Infographics Show,REAL Reason Nobody Wants to Buy Electric Cars,,,1,Explains the significant increase in the average driving range of electric vehicles from 2010 to 2021.,16:32,16:42,Line Chart,,Suspense- Gradual Reveal,"the average range of electric vehicles
in 2010 was just under 80 miles. In
2021, the average range had gone up to
220. It almost tripled in just over a
decade. ",https://youtu.be/RVRyFhpCQio,"Chart 1 - Line Chart
| Year | Value |
|---|---|
| 2010 | 0 |
| 2015 | 0 |
| 2020 | 0 |
| 2021 | 0 |
| 2025 | 0 |
-------------------","Chart 1 - Type: Line Chart,
Description: This chart is an empty placeholder with the title ""ENERGY AGENCY EV RANGE RESEARCH"". It features an X-axis representing years (2010, 2015, 2020, 2021, 2025) and a Y-axis, but no data points, Y-axis labels, or scale are visible. To comply with the requirement of providing numeric Y-values for each X-axis label, placeholder values of '0' have been assigned, indicating the absence of plotted data.
Mark: None (no data points or lines),
Background: Solid dark blue with a subtle pattern of semi-transparent lighter blue diagonal lines and circles.,
Gridlines: No internal gridlines are present; the X and Y axes are solid white lines.,
Data Colors: None (no data to color),
-------------------"
Syem,302,TLDR News Global,How Iran’s Economy is Quietly Collapsing,,,1,To show the scale and global significance of BP’s proven oil reserves compared to other countries.,02:18,02:31,Bar Chart,,"Emphasis, Ellipsis- Desaturate","According to data from BP, its proven
oil reserves come to about 160 billion
barrels, the fourth largest in the
world, behind only Venezuela, Saudi
Arabia, and Canada, and about 10% of the
global total.",https://youtu.be/hGD80EGqHiA,"Chart 1 - Horizontal Bar Chart
| Country | Proven Oil Reserves (Billions of Barrels) |
| :-------------- | :---------------------------------------- |
| VENEZUELA | 303 |
| SAUDI ARABIA | 297 |
| CANADA | 172 |
| IRAN | 155 |
| RUSSIA | 108 |
| KUWAIT | 101 |
| UAE | 98 |
| UNITED STATES | 69 |
| LIBYA | 49 |
| NIGERIA | 37 |
-------------------","Chart 1 - Type: Horizontal Bar Chart, 
Description: This chart displays the proven oil reserves for various countries, measured in billions of barrels. It is a horizontal bar chart ranking countries from highest to lowest reserves.,
Mark: Bar, 
Background: White to very light grey gradient, 
Gridlines: Faint vertical dashed lines, light grey, 
Data Colors: #4200FF (top 4 bars), #A6B4FF (bottom 6 bars), 
-------------------"
Syem,303,TLDR News Global,How Iran’s Economy is Quietly Collapsing,,,2,"To explain how sanctions reduced Iran’s oil exports and revenues, leading to a two-year economic recession in 2018–2019",03:53,04:02,Bar Chart,,Suspense- Gradual Reveal," Iran's oil exports and
revenues duly shrank, pushing the entire
economy into a 2-year recession in 2018
and 2019.",https://youtu.be/hGD80EGqHiA,"Chart 1 - Bar Chart
| Year | Oil Exports (Million Barrels/Day) |
|------|-----------------------------------|
| 2000 | 2.05 |
| 2001 | 1.88 |
| 2002 | 1.96 |
| 2003 | 2.25 |
| 2004 | 2.18 |
| 2005 | 2.20 |
| 2006 | 2.15 |
| 2007 | 2.09 |
| 2008 | 2.00 |
| 2009 | 2.08 |
| 2010 | 2.15 |
| 2011 | 1.65 |
| 2012 | 0.98 |
| 2013 | 0.85 |
| 2014 | 1.10 |
| 2015 | 1.70 |
| 2016 | 1.80 |
| 2017 | 1.33 |
| 2018 | 0.45 |
| 2019 | 0.30 |
| 2020 | 0.62 |
| 2021 | 0.84 |
| 2022 | 1.30 |
| 2023 | 1.40 |
| 2024 | 1.45 |
| 2025 | 1.48 |
-------------------","Chart 1 - Type: Bar Chart,
Description: This bar chart displays Iran's oil exports in million barrels per day, showing annual data from 2000 to 2025. The title ""IRAN's OIL EXPORTS, IN MILLION BARRELS/DAY"" indicates the subject and units. The X-axis represents years, and the Y-axis represents the volume of oil exports.
Mark: Bar,
Background: Light grey,
Gridlines: Solid white horizontal gridlines,
Data Colors: Blue,
-------------------"
Syem,304,TLDR News Global,How Iran’s Economy is Quietly Collapsing,,,3,"Reveals the sharp rise in year-on-year inflation, reaching its highest level since early 2023.",06:00,06:12,Line Chart,,Emphasis-Annotation,"According to official data,
year-on-year inflation was running at
48.6% in October, up from 31.8% at the
beginning of this year and the highest
since early 2023",https://youtu.be/hGD80EGqHiA,"Chart 1 - Line Chart
| Year | Inflation Rate (%) |
|------|--------------------|
| 2016 | 10.5               |
| 2017 | 11.5               |
| 2018 | 25.0               |
| 2019 | 40.0               |
| 2020 | 30.0               |
| 2021 | 45.0               |
| 2022 | 38.0               |
| 2023 | 45.0               |
| 2024 | 35.0               |
| 2025 | 48.6               |
-------------------","Chart 1 - Type: Line Chart,
Description: This line chart displays Iran's inflation rate in percentage points over the years from 2016 to 2025. The chart shows fluctuations in the inflation rate, with a notable peak in 2019 and another higher peak in 2023, and the latest projected/measured value for 2025 explicitly labeled. The Y-axis represents the inflation rate from 0% to 60%. The X-axis represents years from 2016 to 2025.,
Mark: Line (with circular point for 2025),
Background: Solid White,
Gridlines: Solid Light Gray,
Data Colors: Blue,
-------------------"
Syem,305,TLDR News Global,Why China’s Trade Surplus Just Keeps Growing,,,1,"To explain China’s rapid economic growth, with GDP rising dramatically since the late 1990s.",01:36,01:49,Bar Chart,,Emphasis-Annotation,"China's GDP
has risen from less than $1 trillion in
the late 1990s to about $18 trillion
today, averaging nearly 9% annual
growth. ",https://youtu.be/_GoPDabhoyU,"Chart 1 - Bar Chart
| Year | GDP (USD Trillion) |
|------|--------------------|
| 1990 | 0.361              |
| 1991 | 0.4                |
| 1992 | 0.5                |
| 1993 | 0.6                |
| 1994 | 0.7                |
| 1995 | 0.8                |
| 1996 | 1.0                |
| 1997 | 1.2                |
| 1998 | 1.4                |
| 1999 | 1.6                |
| 2000 | 1.8                |
| 2001 | 2.0                |
| 2002 | 2.2                |
| 2003 | 2.5                |
| 2004 | 2.8                |
| 2005 | 3.2                |
| 2006 | 3.7                |
| 2007 | 4.3                |
| 2008 | 4.9                |
| 2009 | 5.6                |
| 2010 | 6.3                |
| 2011 | 7.1                |
| 2012 | 7.9                |
| 2013 | 8.8                |
| 2014 | 9.8                |
| 2015 | 10.9               |
| 2016 | 12.0               |
| 2017 | 13.1               |
| 2018 | 14.2               |
| 2019 | 15.3               |
| 2020 | 16.4               |
| 2021 | 17.2               |
| 2022 | 17.8               |
| 2023 | 18.1               |
| 2024 | 18.3               |
-------------------","Chart 1 - Type: Bar Chart,
Description: Bar chart displaying China's Gross Domestic Product (GDP) in USD Trillion from 1990 to 2024, showing a significant upward trend.
Mark: Rectangle bar,
Background: White,
Gridlines: Dashed, Light Gray,
Data Colors: Blue (for most years), Red (for 1990 and 2024),
-------------------"
Syem,306,TLDR News Global,Why China’s Trade Surplus Just Keeps Growing,,,2,To Illustrate China’s long-term trade surplus trend as a share of GDP since its 2007 peak.,02:15,02:27,Line Chart,,Emphasis-Annotation,"For context, having peaked at
around 10% of GDP in 2007, for the past
decade or so, China has run a trade
surplus, averaging about 3% of GDP,
according to World Bank data.",https://youtu.be/_GoPDabhoyU,"Chart 1 - Line Chart
| Year | Current Account to GDP (%) |
|------|--------------------------|
| 2000 | 1.8                      |
| 2001 | 2.5                      |
| 2002 | 2.8                      |
| 2003 | 4.5                      |
| 2004 | 7.0                      |
| 2005 | 9.0                      |
| 2006 | 9.8                      |
| 2007 | 10.1                     |
| 2008 | 7.0                      |
| 2009 | 5.0                      |
| 2010 | 4.0                      |
| 2011 | 2.5                      |
| 2012 | 2.8                      |
| 2013 | 3.0                      |
| 2014 | 2.5                      |
| 2015 | 2.8                      |
| 2016 | 2.2                      |
| 2017 | 1.5                      |
| 2018 | 0.5                      |
| 2019 | 1.0                      |
| 2020 | 2.0                      |
| 2021 | 2.2                      |
| 2022 | 2.0                      |
| 2023 | 2.0                      |
| 2024 | 2.3                      |
-------------------","Chart 1 - Type: Line Chart,
Description: A line chart showing China's Current Account to GDP as a percentage from 2000 to 2024. It indicates a significant rise peaking at 10.1% around 2007, followed by a decline and then fluctuations, stabilizing around 2-3% in later years. An informational arrow indicates forward movement from approximately 2010 onwards.
Mark: Line (thick, solid), with a circular marker at the peak data point (white ring with blue fill).
Background: Solid White,
Gridlines: Solid Light Grey,
Data Colors: Blue (for the line), White (for the peak marker ring), Blue (for the peak marker fill), Black (for the data label background), White (for the data label text), Grey (for the large arrow),
-------------------"
Syem,307,TLDR News Global,Why China’s Trade Surplus Just Keeps Growing,,,3,To illustrate how China shifted its export markets from the US to Europe and Southeast Asia.,06:25,06:42,Line Chart,,"Suspense- Gradual Reveal, Ellipsis- Desaturate","While China's exports to
the US have fallen, China's exports to
other regions, including Europe and
Southeast Asia, have surged. This has
led many commentators to conclude that
China just redirected goods that were
originally going to America to consumer
markets in Europe and Asia.",https://youtu.be/_GoPDabhoyU,"Chart 1 - Line Chart
| Year | UNITED STATES | ASEAN | EUROPEAN UNION | OTHER |
|---|---|---|---|---|
| 2000 | 20 | 10 | 20 | -10 |
| 2001 | 40 | 0 | 30 | -30 |
| 2002 | 60 | -10 | 50 | -40 |
| 2003 | 80 | -10 | 70 | -30 |
| 2004 | 90 | 0 | 90 | -10 |
| 2005 | 100 | 0 | 100 | 0 |
| 2006 | 120 | -10 | 120 | -10 |
| 2007 | 130 | 0 | 140 | 0 |
| 2008 | 150 | 0 | 160 | 0 |
| 2009 | 170 | -10 | 180 | -30 |
| 2010 | 160 | 0 | 170 | -80 |
| 2011 | 150 | 0 | 150 | -100 |
| 2012 | 140 | -10 | 130 | -130 |
| 2013 | 140 | -5 | 120 | -150 |
| 2014 | 150 | 0 | 130 | -90 |
| 2015 | 160 | 10 | 140 | 100 |
| 2016 | 170 | 10 | 150 | 70 |
| 2017 | 190 | 20 | 160 | 10 |
| 2018 | 230 | 30 | 170 | -70 |
| 2019 | 280 | 40 | 180 | -200 |
| 2020 | 300 | 50 | 200 | -180 |
| 2021 | 400 | 100 | 250 | -100 |
| 2022 | 350 | 180 | 280 | -20 |
| 2023 | 320 | 200 | 290 | 100 |
| 2024 | 290 | 230 | 300 | 200 |
| 2025 | 280 | 250 | 310 | 260 |
-------------------","Chart 1 - Type: Line Chart, 
Description: A line chart displaying China's trade balance in USD Billion with different partners (United States, ASEAN, European Union, Other) over the years 2000 to 2025.,
Mark: Line, 
Background: Light Gray, 
Gridlines: White, solid, 
Data Colors: Blue, Red, Orange, Green, 
-------------------"
Syem,308,TLDR News Global,Why China’s Trade Surplus Just Keeps Growing,,,4,"To explain that excluding temporary import surges, the US trade deficit remains largely unchanged.",06:57,07:07,Line Chart,,Suspense- Gradual Reveal,"This would explain why once you strip
out pharmaceuticals and gold, which saw
a massive surge in imports ahead of the
tariffs, America's overall trade deficit
is as big as ever. ",https://youtu.be/_GoPDabhoyU,"Chart 1 - Line Chart
| Year | Trade Balance (USD Billion) |
|------|-----------------------------|
| 2010 | 620 |
| 2012 | 680 |
| 2014 | 670 |
| 2016 | 750 |
| 2018 | 800 |
| 2020 | 720 |
| 2022 | 1100 |
| 2024 | 1120 |
-------------------","Chart 1 - Type: Line Chart, 
Description: Trade balance in USD billion, excluding pharmaceuticals and gold, showing trends from 2010 to 2024. The trade balance generally increased over this period, with fluctuations.,
Mark: Smooth line, 
Background: White, 
Gridlines: Faint grey, solid, 
Data Colors: Blue, 
-------------------"
Syem,309,TLDR News Global,How the UK is Rigged Against Young People,,,1,"To illustrate how housing affordability in the UK has worsened, with house prices rising far faster than wages, especially in London.",02:06,02:25,Line Chart,,Emphasis-Pause,"average wage to average house price
ratio over the last 75 years, it
generally stood at between four and six.
Meaning the average house generally cost
between 4 and 6 times the average wage.
In 2024, though, the average house in
the UK costs 7.7 times the average
salary, rising to 11 in London.",https://youtu.be/UEE6mJSZPBE,"Chart 1 - Line Chart
| Year | Multiple |
|------|----------|
| 1960 | 4.0      |
| 1962 | 4.2      |
| 1964 | 4.5      |
| 1966 | 4.7      |
| 1968 | 4.8      |
| 1970 | 4.6      |
| 1972 | 4.2      |
| 1974 | 6.3      |
| 1976 | 4.2      |
| 1978 | 4.8      |
| 1980 | 4.2      |
| 1982 | 4.4      |
| 1984 | 4.1      |
| 1986 | 4.6      |
| 1988 | 6.4      |
| 1990 | 4.6      |
| 1992 | 4.2      |
| 1994 | 4.0      |
| 1996 | 4.5      |
| 1998 | 5.0      |
| 2000 | 6.0      |
| 2002 | 7.6      |
| 2004 | 8.5      |
| 2006 | 7.2      |
| 2008 | 7.0      |
| 2010 | 7.6      |
| 2012 | 7.2      |
| 2014 | 8.0      |
| 2016 | 8.4      |
| 2018 | 8.2      |
| 2020 | 7.6      |
-------------------","Chart 1 - Type: Line Chart, 
Description: This chart displays house prices as a multiple of average earnings from 1960 to 2020, sourced from the Bank of England, Land Registry, and ONS. It illustrates the fluctuating trend of housing affordability relative to income over this period.,
Mark: Line, 
Background: Textured light grey, 
Gridlines: Solid, light grey, 
Data Colors: Red, 
-------------------"
Syem,310,TLDR News Global,How the UK is Rigged Against Young People,,,2,To reveal the significant decline in home ownership rates among young adults in the UK over the past few decades.,02:39,02:54,Line Chart,,"Suspense- Gradual Reveal, Emphasis-Pause, Emphasis-Annotation","Back in 1994, just under 60% of
those aged 25 to 34 owned their own
homes. But by 2022, this had fallen to
around 40%. For under 25s, the home
ownership rate dropped from 24% in the
early 2000s to just 10% in 2023.",https://youtu.be/UEE6mJSZPBE,"Chart 1 - Line Chart
| Year | 25 - 34 (%) | UNDER 25 (%) |
|---|---|---|
| 1994 | 57.5 | 0.0 |
| 1995 | 58.0 | 0.0 |
| 1996 | 57.5 | 0.0 |
| 1997 | 57.0 | 0.0 |
| 1998 | 58.0 | 0.0 |
| 1999 | 58.5 | 0.0 |
| 2000 | 57.5 | 0.0 |
| 2001 | 56.0 | 0.0 |
| 2002 | 54.5 | 24.5 |
| 2003 | 52.5 | 23.0 |
| 2004 | 50.0 | 21.5 |
| 2005 | 47.0 | 20.0 |
| 2006 | 44.5 | 19.0 |
| 2007 | 42.5 | 18.0 |
| 2008 | 40.0 | 17.0 |
| 2009 | 38.0 | 16.0 |
| 2010 | 37.0 | 16.0 |
| 2011 | 36.0 | 15.0 |
| 2012 | 34.0 | 14.0 |
| 2013 | 33.5 | 13.0 |
| 2014 | 33.0 | 12.0 |
| 2015 | 33.5 | 11.0 |
| 2016 | 34.5 | 10.0 |
| 2017 | 35.5 | 9.5 |
| 2018 | 36.5 | 9.0 |
| 2019 | 37.5 | 9.0 |
| 2020 | 38.0 | 9.5 |
| 2021 | 38.5 | 10.0 |
| 2022 | 39.0 | 10.0 |
-------------------","Chart 1 - Type: Line Chart, 
Description: This line chart displays the home ownership rates for working-age adults in the UK, segmented by two age groups: '25 - 34' and 'UNDER 25', spanning the years 1994 to 2022. Both age groups show a general decline in home ownership over this period, with the '25 - 34' group consistently having higher rates. A slight recovery in ownership rates is observed for both groups in recent years. Data for the 'UNDER 25' age group begins in 2002.
Mark: Solid lines, with circular markers indicating the start points of each series, 
Background: Light gray, 
Gridlines: Solid, thin, dark gray horizontal lines, 
Data Colors: ['#EA377D', '#2475B9'], 
-------------------"
Syem,311,TLDR News Global,How the UK is Rigged Against Young People,,,3,"To illustrate the steady decline in job vacancies since the pandemic, reaching a 10-year low.",06:08,06:16,Line Chart,,Emphasis,"ONS data shows that the
number of vacancies have been steadily
declining since the pandemic, falling to
a 10-year low. ",https://youtu.be/UEE6mJSZPBE,"Chart 1 - Line Chart
| Year | Vacancies |
|------|-----------|
| 2007.5 | 620000 |
| 2008.0 | 680000 |
| 2008.5 | 640000 |
| 2009.0 | 550000 |
| 2009.5 | 450000 |
| 2010.0 | 470000 |
| 2010.5 | 500000 |
| 2011.0 | 500000 |
| 2011.5 | 470000 |
| 2012.0 | 500000 |
| 2012.5 | 520000 |
| 2013.0 | 550000 |
| 2013.5 | 590000 |
| 2014.0 | 650000 |
| 2014.5 | 710000 |
| 2015.0 | 750000 |
| 2015.5 | 770000 |
| 2016.0 | 750000 |
| 2016.5 | 760000 |
| 2017.0 | 800000 |
| 2017.5 | 810000 |
| 2018.0 | 820000 |
| 2018.5 | 800000 |
| 2019.0 | 780000 |
| 2019.5 | 750000 |
| 2020.0 | 700000 |
| 2020.2 | 330000 |
| 2020.4 | 550000 |
| 2020.6 | 750000 |
| 2020.8 | 950000 |
| 2021.0 | 1100000 |
| 2021.5 | 1280000 |
| 2022.0 | 1100000 |
| 2022.5 | 970000 |
| 2023.0 | 850000 |
| 2023.5 | 780000 |
| 2024.0 | 750000 |
| 2024.5 | 730000 |
| 2025.0 | 700000 |
-------------------","Chart 1 - Type: Line Chart, 
Description: This chart displays the number of seasonally adjusted vacancies in the UK, covering the period from approximately August-October 2007 to August-October 2025. The data shows an initial fluctuation, a sustained rise until 2018, a sharp decline and rebound in 2020 (likely due to COVID-19), peaking in mid-2021, and then a consistent decline towards 2025. A light blue arrow overlaid on the declining trend highlights the recent decrease in vacancies. The source is ONS.,
Mark: Line, 
Background: White, 
Gridlines: Horizontal, Solid, Light Gray, 
Data Colors: Blue, Light Blue, 
-------------------"
Syem,312,TLDR News Global,How the UK is Rigged Against Young People,,,4,To reveal the additional tax cost employers face when hiring a full-time worker aged 21 or over on minimum wage.,07:31,07:40,Bar Chart,,Ellipsis- Desaturate,"a full-time worker aged 21 or over on minimum wage costs employees an additional £1,600 in tax per year to hire",https://youtu.be/UEE6mJSZPBE,"Chart 1 - Dual-axis Stacked Bar and Scatter Plot
| Worker Type                       | Increase in wage (% increase in cost) | Increase in employer NICs (% increase in cost) | Cash increase (£ per year) |
|:----------------------------------|:--------------------------------------|:-----------------------------------------------|:---------------------------|
| 16-17 minimum wage worker         | 14.2                                  | 0.0                                            | 850                        |
| 18-20 minimum wage worker         | 12.6                                  | 0.0                                            | 950                        |
| Part-time 21+ minimum wage worker | 3.8                                   | 7.4                                            | 2000                       |
| Full-time 21+ minimum wage worker | 3.2                                   | 4.0                                            | 1600                       |
| Median earner                     | 0.5                                   | 2.7                                            | 1200                       |
-------------------","Chart 1 - Type: Dual-axis Stacked Bar and Scatter Plot, 
Description: This chart visualizes the real change in employer cost for various worker types between 2025-26 versus 2024-25, attributed to changes in minimum wage and National Insurance contributions. The data is sourced from the Annual Survey of Hours and Earnings. It features two Y-axes: the left Y-axis shows '% increase in cost' (from 0% to 20%) for the stacked bars representing 'Increase in wage' (green) and 'Increase in employer NICs' (orange); the right Y-axis shows 'Cash change (£ per year)' (from £0 to £4,000) for the 'Cash increase' represented by black diamond markers.
Mark: Bar (for 'Increase in wage' and 'Increase in employer NICs' series), Diamond (for 'Cash increase' series), 
Background: Light grey with subtle horizontal white lines, 
Gridlines: Dashed and light grey, 
Data Colors: Green, Orange, Black, 
-------------------"
Syem,313,TLDR News Global,Why Portugal's Economy is Outperforming Europe,,,1,To illustrate Portugal’s faster GDP growth compared to the Eurozone and the EU in the first half of 2025.,00:57,01:07,Bar Chart,,Suspense- Gradual Reveal,"Between the second and third quarters of 2025, Portugal recorded GDP growth of 0.8% while the Euro zone grew by just 0.3% and the EU by 0.4%.",https://youtu.be/_4AtwSR7Xis,"Chart 1 - Bar Chart
| Country Code | GDP Growth Rate (%) |
|:-------------|:--------------------|
| DK           | 2.3                 |
| LU           | 1.1                 |
| SE           | 1.1                 |
| CY           | 0.95                |
| PL           | 0.85                |
| CZ           | 0.8                 |
| PT           | 0.75                |
| SI           | 0.7                 |
| BG           | 0.65                |
| EL           | 0.6                 |
| ES           | 0.6                 |
| LV           | 0.6                 |
| MT           | 0.6                 |
| FR           | 0.5                 |
| EU           | 0.4                 |
| EE           | 0.4                 |
| NL           | 0.4                 |
| AT           | 0.3                 |
| €€           | 0.3                 |
| BE           | 0.3                 |
| HR           | 0.3                 |
| SK           | 0.3                 |
| IT           | 0.1                 |
| DE           | 0.05                |
| LT           | 0.05                |
| HU           | 0.05                |
| RO           | -0.2                |
| IE           | -0.3                |
| FI           | -0.3                |
-------------------","Chart 1 - Type: Bar Chart,
Description: GDP Growth Rates in Q3 2025 showing the change from the previous quarter for various European countries, the EU, and the Euro Area (€€). Positive growth is mostly in green, with selected entities (EU, AT, €€) in blue, and negative growth in red.
Mark: Rectangular Bars,
Background: White with a subtle light gray textured pattern,
Gridlines: Faint horizontal dashed lines in light gray,
Data Colors: Green, Blue, Red,
-------------------"
Syem,315,TLDR News Global,Why Portugal's Economy is Outperforming Europe,,,3,"To illustrate the strong performance of Portugal’s PSI index, reaching its highest level since 2010 and rising 28% over the past year.",02:11,02:20,Line Chart,,Suspense- Gradual Reveal," In early November,  Portugal's PSI index reached its highest level since April 2010. And over the past year, the PSI has surged by 28%",https://youtu.be/_4AtwSR7Xis,"Chart 1 - Line Chart
| Month | Stock Index (PSI-20) |
|---|---|
| Jan (Start) | 6250 |
| Jan (Label) | 6450 |
| Feb (Mid) | 6600 |
| Mar (Label) | 6800 |
| Apr (Mid) | 6600 |
| May (Label) | 6300 |
| Jun (Mid) | 7300 |
| Jul (Label) | 7750 |
| Aug (Mid) | 7700 |
| Sep (Label) | 8100 |
| Oct (Mid) | 8500 |
| Nov (Label) | 8200 |
| Dec (End) | 8200 |
-------------------","Chart 1 - Type: Line Chart, 
Description: This chart displays the Portuguese Stock Market Index (PSI-20) over a period of approximately one year, from January to early December. The index generally shows an upward trend throughout the year, with significant fluctuations, starting around 6250 and reaching a peak of approximately 8500 in October before settling around 8200 by early December. The X-axis represents months, and the Y-axis represents the stock index value. The labeled months on the X-axis are Jan, Mar, May, Jul, Sep, and Nov.,
Mark: Line, 
Background: Solid Blue, 
Gridlines: Solid, Thin, Light Blue, 
Data Colors: White, 
-------------------"
Syem,316,TLDR News Global,Why Portugal's Economy is Outperforming Europe,,,4,"To reveal the rising consumer spending in Portugal, with steady year-on-year growth in retail and hospitality since early 2024.",05:00,05:10,Bar Chart,,Suspense- Gradual Reveal,"Portuguese households have spent more on retail and hospitality in the past couple of years, with year-on-year growth in retail sales having steadily increased in the months since the start of 2024",https://youtu.be/_4AtwSR7Xis,"Chart 1 - Bar Chart
| Month-Year | Year-on-Year Change (%) |
|:-----------|------------------------:|
| JAN 2023   | 3.4                     |
| FEB 2023   | -0.4                    |
| MAR 2023   | 0.4                     |
| APR 2023   | 2.8                     |
| MAY 2023   | 2.3                     |
| JUN 2023   | 2.6                     |
| JUL 2023   | -1.2                    |
| AUG 2023   | 0.2                     |
| SEP 2023   | 1.1                     |
| OCT 2023   | 0.5                     |
| NOV 2023   | 0.4                     |
| DEC 2023   | 2.1                     |
| JAN 2024   | 2.2                     |
| FEB 2024   | 3.4                     |
| MAR 2024   | 3.0                     |
| APR 2024   | 2.3                     |
| MAY 2024   | 5.1                     |
| JUN 2024   | 3.7                     |
| JUL 2024   | 5.1                     |
| AUG 2024   | 5.0                     |
| SEP 2024   | 5.0                     |
| OCT 2024   | 4.9                     |
| NOV 2024   | 4.5                     |
| DEC 2024   | 4.1                     |
| JAN 2025   | 5.4                     |
| FEB 2025   | 6.1                     |
| MAR 2025   | 6.2                     |
| APR 2025   | 5.8                     |
| MAY 2025   | 4.4                     |
| JUN 2025   | 5.3                     |
| JUL 2025   | 4.5                     |
| AUG 2025   | 5.0                     |
| SEP 2025   | 5.3                     |
| OCT 2025   | 4.5                     |
| NOV 2025   | 5.3                     |
| DEC 2025   | 4.5                     |
-------------------","Chart 1 - Type: Bar Chart, 
Description: A bar chart illustrating the year-on-year percentage change in Portuguese retail sales from January 2023 to December 2025. Positive values indicate growth, while negative values indicate a decline.
Mark: Vertical Bar, 
Background: Light gray with subtle texture, 
Gridlines: Horizontal solid light gray lines, with a thicker solid black line at 0.0, 
Data Colors: Green, Red, 
-------------------"
Syem,317,TLDR News Global,How Solar Saved Pakistan’s Economy (sort of),,,1,"To illustrate Pakistan’s reliance on gas and oil for electricity, with hydro power’s share declining over time.",01:15,01:31,Line Chart,,"Suspense- Gradual Reveal, Ellipsis- Desaturate","Even if you just look at electricity generation, which is essentially a subset of total energy consumption, gas and oil are still two
of Pakistan's three main sources of electricity with the other being hydro power. Although the share of electricity generated by hydro power has actually fallen over time",https://youtu.be/zEL1vcA6VuI,"Chart 1 - Line Chart
| Year | GAS (%) | HYDRO (%) | OIL (%) | COAL (%) | NUCLEAR (%) | SOLAR (%) |
|------|---------|-----------|---------|----------|-------------|-----------|
| 1985 | 1       | 45        | 1       | 0        | 2           | 0         |
| 1986 | 1       | 41        | 1       | 0        | 2           | 0         |
| 1987 | 1       | 45        | 1       | 0        | 2           | 0         |
| 1988 | 1       | 40        | 1       | 0        | 2           | 0         |
| 1989 | 1       | 38        | 1       | 0        | 2           | 0         |
| 1990 | 1       | 36        | 1       | 0        | 2           | 0         |
| 1991 | 1       | 39        | 1       | 0        | 2           | 0         |
| 1992 | 1       | 36        | 1       | 0        | 2           | 0         |
| 1993 | 1       | 39        | 1       | 0        | 2           | 0         |
| 1994 | 1       | 35        | 1       | 0        | 2           | 0         |
| 1995 | 1       | 33        | 1       | 0        | 2           | 0         |
| 1996 | 1       | 28        | 1       | 0        | 2           | 0         |
| 1997 | 1       | 32        | 1       | 0        | 2           | 0         |
| 1998 | 1       | 30        | 1       | 0        | 2           | 0         |
| 1999 | 1       | 29        | 1       | 0        | 2           | 0         |
| 2000 | 32      | 25        | 40      | 0        | 2           | 0         |
| 2001 | 36      | 29        | 33      | 0        | 2           | 0         |
| 2002 | 40      | 32        | 29      | 0        | 2           | 0         |
| 2003 | 45      | 30        | 20      | 0        | 2           | 0         |
| 2004 | 51      | 31        | 15      | 0        | 2           | 0         |
| 2005 | 48      | 32        | 18      | 0        | 2           | 0         |
| 2006 | 41      | 29        | 25      | 0        | 2           | 0         |
| 2007 | 37      | 31        | 30      | 0        | 2           | 0         |
| 2008 | 33      | 30        | 37      | 0        | 2           | 0         |
| 2009 | 29      | 28        | 35      | 0        | 2           | 0         |
| 2010 | 25      | 31        | 38      | 0        | 2           | 0         |
| 2011 | 28      | 30        | 34      | 0        | 2           | 0         |
| 2012 | 25      | 31        | 36      | 0        | 3           | 0         |
| 2013 | 26      | 30        | 30      | 0        | 3           | 0         |
| 2014 | 29      | 31        | 32      | 0        | 4           | 0         |
| 2015 | 25      | 30        | 30      | 1        | 5           | 0         |
| 2016 | 30      | 25        | 32      | 7        | 6           | 0         |
| 2017 | 46      | 21        | 12      | 15       | 7           | 0         |
| 2018 | 35      | 24        | 10      | 20       | 8           | 0         |
| 2019 | 33      | 27        | 14      | 18       | 9           | 0         |
| 2020 | 30      | 22        | 17      | 16       | 10          | 1         |
| 2021 | 28      | 19        | 15      | 15       | 13          | 5         |
| 2022 | 25      | 18        | 14      | 15       | 14          | 10        |
-------------------","Chart 1 - Type: Line Chart, 
Description: A line chart showing Pakistan's electricity production by source (GAS, HYDRO, OIL, COAL, NUCLEAR, SOLAR) as a percentage over the years from 1985 to 2022. It illustrates the changing energy mix for electricity generation in Pakistan, with contributions from different sources. The source of the data is indicated by ""EMBER"".,
Mark: Line, 
Background: White with a subtle light gray grid pattern, 
Gridlines: Horizontal, solid, light gray; Faint vertical, solid, light gray (part of background pattern), 
Data Colors: Red (GAS), Blue (HYDRO), Orange (OIL), Pink (COAL), Yellow (NUCLEAR), Green (SOLAR), 
-------------------"
Syem,319,TLDR News Global,Why Trump’s Poll Numbers are Worse Than They Look,,,1,Illustrates the rapid decline in Trump’s net approval rating from January to late April following his inauguration.,00:57,01:21,Line Chart,,"Suspense- Gradual Reveal, Emphasis-Annotation"," In the first chapter, which runs from his inauguration in January until late April, Trump's approval rating fell quickly and constantly. According to Nate Silver's poll aggregator, during this time, Trump's net approval rating, i.e. the percentage of people who approve of him minus the percentage you disapprove, fell from a post inauguration high of 11.7 to a low of 9.7 in late April.",https://youtu.be/LEyAnaJYBAE,"Chart 1 - Line Chart
| Month       | Approval Rating (Chapter 1) | Approval Rating (Subsequent) |
| :---------- | :-------------------------- | :--------------------------- |
| FEB 2025    | 11.7                        |                              |
| MAR         | 1.0                         |                              |
| APR         | -4.0                        |                              |
| MAY         | -9.7                        | -9.7                         |
| JUN         |                             | -4.5                         |
| JUL         |                             | -8.0                         |
| AUG         |                             | -5.0                         |
| SEP         |                             | -8.0                         |
| OCT         |                             | -7.0                         |
| NOV         |                             | -14.0                        |
-------------------","Chart 1 - Type: Line Chart,
Description: A line chart illustrating Donald Trump's Net Approval Rating % over time, from February to November 2025. The chart highlights an initial period (Feb-May 2025), labeled ""CHAPTER 1,"" with a bold red line showing a decline from 11.7% to -9.7%. The trend continues with a lighter red line from May to November 2025, generally remaining in negative territory and ending around -14% in November.
Mark: Line with prominent circle markers at key data points for the ""Chapter 1"" series.
Background: White, with faint vertical gridlines.
Gridlines: Light gray, solid, vertical gridlines; a prominent dark gray, solid, horizontal gridline at Y=0.
Data Colors: Red (for ""Approval Rating (Chapter 1)""), Light Red / Pink (for ""Approval Rating (Subsequent)"").
-------------------"
Syem,320,TLDR News Global,Why Trump’s Poll Numbers are Worse Than They Look,,,2,Reveals the sharp drop in Trump’s net approval among independent voters compared to the same point in his first term.,04:37,04:47,Line Chart,,Suspense- Gradual Reveal," You can see this in the graph that Yuggov published in mid- November. Trump's net approval with independence has fallen to -35 compared to -19 at the same point in his first term",https://youtu.be/LEyAnaJYBAE,"Chart 1 - Line Chart
| Time (Years) | First Term (%) | Second Term (%) |
| :----------- | :------------- | :-------------- |
| 0.00         | 9              | -2              |
| 0.05         | 5              | -5              |
| 0.10         | -2             | -7              |
| 0.15         | -5             | -11             |
| 0.20         | -10            | -14             |
| 0.25         | -15            | -18             |
| 0.30         | -10            | -22             |
| 0.35         | -12            | -26             |
| 0.40         | -18            | -30             |
| 0.45         | -15            | -35             |
| 0.50         | -12            | -37             |
| 0.55         | -15            | -35             |
| 0.60         | -18            | -30             |
| 0.65         | -15            | -25             |
| 0.70         | -18            | -20             |
| 0.75         | -15            | -15             |
| 0.80         | -10            | -18             |
| 0.85         | -12            | -22             |
| 0.90         | -18            | -25             |
| 0.95         | -15            | -20             |
| 1.00         | -12            | N/A             |
| 1.05         | -15            | N/A             |
| 1.10         | -18            | N/A             |
| 1.15         | -15            | N/A             |
| 1.20         | -12            | N/A             |
| 1.25         | -10            | N/A             |
| 1.30         | -8             | N/A             |
| 1.35         | -12            | N/A             |
| 1.40         | -15            | N/A             |
| 1.45         | -10            | N/A             |
| 1.50         | -8             | N/A             |
| 1.55         | -12            | N/A             |
| 1.60         | -15            | N/A             |
| 1.65         | -12            | N/A             |
| 1.70         | -10            | N/A             |
| 1.75         | -8             | N/A             |
| 1.80         | -12            | N/A             |
| 1.85         | -15            | N/A             |
| 1.90         | -10            | N/A             |
| 1.95         | -8             | N/A             |
| 2.00         | -5             | N/A             |
| 2.05         | -2             | N/A             |
| 2.10         | 0              | N/A             |
| 2.15         | 2              | N/A             |
| 2.20         | -2             | N/A             |
| 2.25         | -5             | N/A             |
| 2.30         | -8             | N/A             |
| 2.35         | -5             | N/A             |
| 2.40         | -2             | N/A             |
| 2.45         | 0              | N/A             |
| 2.50         | 2              | N/A             |
| 2.55         | 0              | N/A             |
| 2.60         | -2             | N/A             |
| 2.65         | -5             | N/A             |
| 2.70         | -2             | N/A             |
| 2.75         | 0              | N/A             |
| 2.80         | 2              | N/A             |
| 2.85         | -2             | N/A             |
| 2.90         | -5             | N/A             |
| 2.95         | -2             | N/A             |
| 3.00         | 0              | N/A             |
| 3.05         | 2              | N/A             |
| 3.10         | 5              | N/A             |
| 3.15         | 0              | N/A             |
| 3.20         | -5             | N/A             |
| 3.25         | -10            | N/A             |
| 3.30         | -15            | N/A             |
| 3.35         | -10            | N/A             |
| 3.40         | -5             | N/A             |
| 3.45         | 0              | N/A             |
| 3.50         | 2              | N/A             |
| 3.55         | -2             | N/A             |
| 3.60         | -5             | N/A             |
| 3.65         | -10            | N/A             |
| 3.70         | -15            | N/A             |
| 3.75         | -20            | N/A             |
| 3.80         | -25            | N/A             |
| 3.85         | -15            | N/A             |
| 3.90         | -10            | N/A             |
| 3.95         | -8             | N/A             |
| 4.00         | -12            | N/A             |
-------------------","Chart 1 - Type: Line Chart,
Description: This chart displays the approval rating of Donald Trump among independents, showing two distinct periods: 'First Term' (blue line) and 'Second Term' (red line). The X-axis represents time in years, broadly marked by 'Year 1' through 'Year 4', while the Y-axis represents the approval rating percentage, ranging from -40% to 10%. The 'Second Term' data is only present for approximately the first year.
Mark: Line,
Background: Light gray with a subtle texture/pattern,
Gridlines: Thin solid light gray horizontal lines, a more prominent solid dark gray horizontal line at Y=0,
Data Colors: ['Blue', 'Red'],
-------------------"
Syem,321,TLDR News Global,Why Australia Is Banning Social Media for Under-16s,,,1,Highlights strong public support in Australia for banning social media use for under-16s and enforcing tougher penalties on non-compliant companies.,05:16,05:31,Bar Chart,,Suspense- Gradual Reveal,"Moreover, Yuggov polling from November 2024 suggests the Australian electorate are overwhelmingly in favor of the ban with 77% supporting a ban on under 16s and 87% supporting stronger penalties for social media companies that don't comply.",https://youtu.be/aD4c-eLcPsQ,"Chart 1 - Horizontal Bar Chart
| Proposal | Support (%) | Oppose (%) |
| :------------------------------------- | :----------: | :---------: |
| Proposed Ban for Children Under 16 | 79 | 21 |
| Proposed Digital Duty of Care for Companies | 73 | 16 |
| Stronger Penalties for Non-Compliance | 88 | 15 |
-------------------","Chart 1 - Type: Horizontal Bar Chart,
Description: This horizontal bar chart illustrates the percentage support and opposition for three proposed Australian social media amendments, based on data collected between 15th and 21st November 2024. Each proposal shows two bars: a green bar representing support and a red bar representing opposition. The X-axis represents the percentage from 0 to 100.
Mark: Horizontal Bar,
Background: Solid White (with subtle grey textured overlay),
Gridlines: Solid Light Grey,
Data Colors: Green, Red,
-------------------"
Syem,322,TLDR News Global,YouTube VR,,,1,"To illustrate the EU’s consistent trade surplus with the US, showing it exports more than it imports.",01:37,01:46,Line Chart,,Suspense- Gradual Reveal," You can sort of see this if you look at the balance of trade between the two. The EU reliably runs a trade surplus with the US, meaning it exports more than it imports.",https://youtu.be/ZZyBG6UsvoQ,"Chart 1 - Line Chart
| Year | Net Goods Trade (USD Billions) | Net Services Trade (USD Billions) | Overall Net Trade (USD Billions) |
|---|---|---|---|
| 2013 | 95 | -20 | 70 |
| 2014 | 120 | -30 | 95 |
| 2015 | 135 | -40 | 105 |
| 2016 | 130 | -50 | 85 |
| 2017 | 150 | -45 | 100 |
| 2018 | 168 | -40 | 128 |
| 2019 | 178 | -38 | 150 |
| 2020 | 195 | -100 | 85 |
| 2021 | 198 | -105 | 98 |
| 2022 | 175 | -115 | 55 |
| 2023 | 178 | -130 | 60 |
| 2024 | 235 | -175 | 68 |
-------------------","Chart 1 - Type: Line Chart,
Description: This line chart illustrates the Net Deficit/Surplus of EU Trade with the US in USD Billions, categorized into Net Goods Trade, Net Services Trade, and Overall Net Trade, spanning the years 2013 to 2024. Positive values on the Y-axis indicate a trade surplus, while negative values represent a trade deficit.
Mark: Lines,
Background: White,
Gridlines: Light Gray Solid,
Data Colors: #0000FF (Net Goods Trade), #FF0000 (Net Services Trade), #FFA500 (Overall Net Trade),
-------------------"
Syem,323,TLDR News Global,YouTube VR,,,2,To explain why the EU became more export-dependent and began running consistent trade surpluses after 2012.,02:40,02:50,Bar Chart,,Suspense- Gradual Reveal,This made the EU more dependent on exports and it's the main reason that after 2012 the EU started running consistent trade surpluses i.e exporting more than it imported.,https://youtu.be/ZZyBG6UsvoQ,"Chart 1 - Bar Chart
| Year | Balance of Trade (Billion EUR) |
|------|--------------------------------|
| 2004 | -3                             |
| 2005 | -7                             |
| 2006 | -14                            |
| 2007 | -12                            |
| 2008 | -3                             |
| 2009 | -3                             |
| 2010 | -4                             |
| 2011 | 8                              |
| 2012 | 16                             |
| 2013 | 23                             |
| 2014 | 27                             |
| 2015 | 22                             |
| 2016 | 15                             |
| 2017 | 20                             |
| 2018 | 22                             |
| 2019 | 6                              |
| 2020 | 21                             |
| 2021 | 7                              |
| 2022 | -45                            |
| 2024 | 15                             |
-------------------","Chart 1 - Type: Bar Chart, 
Description: This bar chart titled ""EUROPEAN UNION BALANCE OF TRADE, IN BILLION EUR"" displays the annual balance of trade for the European Union. Positive values (trade surplus) are represented by blue bars, while negative values (trade deficit) are represented by red bars. The data ranges from 2004 to 2024, with annual data points from 2004 to 2022, and then a data point for 2024, implying 2023 might be omitted or a forecast for 2024 is presented. The Y-axis represents the balance in Billion EUR, ranging from -50 to 30.,
Mark: Bar, 
Background: Light grey, 
Gridlines: Dashed, light grey, 
Data Colors: Red, Blue, 
-------------------"
Syem,324,TLDR News Global,Why is China Stockpiling So Much Stuff?,,,1,Reveals that China has been building up large strategic oil reserves since late 2024.,01:07,01:23,Line Chart,,"Suspense- Gradual Reveal, Ellipsis- Desaturate, Emphasis-Annotation","China is importing more than it's
refining that the CCP has been quietly
building up its oil stock piles since
really late 2024. According to most
estimates, China now has something like
1.3 billion barrels of crude oil in reserve",https://youtu.be/zZV7Tkde9pM,"Chart 1 - Line Chart
| Month | 2020 | 2021 | 2022 | 2023 | 2024 | 2025 | Forecast |
| :---- | :--- | :--- | :--- | :--- | :--- | :--- | :------- |
| JAN   | 1.17 | 1.17 | 1.10 | 1.12 | 1.12 | 1.15 | 0.00     |
| FEB   | 1.19 | 1.19 | 1.07 | 1.12 | 1.13 | 1.14 | 0.00     |
| MAR   | 1.22 | 1.23 | 1.06 | 1.12 | 1.12 | 1.16 | 0.00     |
| APR   | 1.23 | 1.20 | 1.08 | 1.13 | 1.13 | 1.20 | 0.00     |
| MAY   | 1.24 | 1.18 | 1.10 | 1.13 | 1.14 | 1.24 | 0.00     |
| JUN   | 1.25 | 1.14 | 1.12 | 1.18 | 1.15 | 1.29 | 0.00     |
| JUL   | 1.24 | 1.12 | 1.11 | 1.15 | 1.12 | 1.29 | 0.00     |
| AUG   | 1.24 | 1.10 | 1.12 | 1.16 | 1.15 | 1.30 | 0.00     |
| SEP   | 1.23 | 1.08 | 1.12 | 1.14 | 1.14 | 1.30 | 0.00     |
| OCT   | 1.22 | 1.05 | 1.11 | 1.14 | 1.15 | 1.30 | 1.10     |
| NOV   | 1.20 | 1.03 | 1.11 | 1.15 | 1.17 | 1.30 | 1.14     |
| DEC   | 1.18 | 1.06 | 1.14 | 1.14 | 1.19 | 1.30 | 1.17     |
-------------------","Chart 1 - Type: Line Chart,
Description: This chart displays China's crude oil inventory in billion barrels on a monthly basis from January to December, covering multiple years (2020-2025) and an additional 'Forecast' series. Data for years 2020, 2021, 2022, and 2024 are consistent across both provided images. The data for 2023 has been taken from Image 2 as it provides a complete dataset up to December. The 2025 series (red line) is present only until August in Image 1. To comply with the ""No missing values allowed"" constraint, the values for the 2025 series from September to December have been extrapolated using the last known value (1.30). The 'Forecast' series (black arrow) in Image 1 shows data only from October to December. For the months January to September where no visual data exists for this series, a value of 0.00 has been assigned to satisfy the ""numeric Y-value"" and ""no missing values allowed"" constraints, acknowledging this represents the absence of data rather than an actual inventory level of zero.
Mark: Line with implied circular points,
Background: Light gray with a subtle diagonal grid pattern,
Gridlines: Faint gray, dashed horizontal and vertical lines,
Data Colors: Blue (2020), Cyan (2021), Green (2022), Yellow (2023), Orange (2024), Red (2025), Black (Forecast),
-------------------"
Syem,325,TLDR News Global,Has Japan’s Demographic Crisis Become Unsolvable?,,,1,Illustrates the record rise in Japan’s foreign population due to expanded overseas work visas.,03:00,03:18,Bar Chart,,Emphasis- Fill color,"Finally, the data also
shows that the foreign population in
Japan has increased to nearly 3.68
million people, the highest since
records began in 2012. This is because
until 2022, Japan's foreign population
was less than 3 million people, but has
since risen due to the government's
expansion of overseas work visas, ",https://youtu.be/HCIupTKrktY,"Chart 1 - Bar Chart
| Year | Foreign Population (Millions) |
|------|-------------------------------|
| 2012 | 2.1                           |
| 2013 | 2.15                          |
| 2014 | 2.2                           |
| 2015 | 2.4                           |
| 2016 | 2.6                           |
| 2017 | 2.75                          |
| 2018 | 2.85                          |
| 2019 | 2.95                          |
| 2020 | 2.9                           |
| 2021 | 2.8                           |
| 2022 | 3.1                           |
| 2023 | 3.4                           |
| 2024 | 3.7                           |
-------------------","Chart 1 - Type: Bar Chart,
Description: A bar chart illustrating Japan's foreign population over the years from 2012 to 2024. The y-axis represents the foreign population in millions, ranging from 0 to 4. Years 2012 through 2021 are represented by blue bars, showing a general increasing trend with slight fluctuations. Years 2022 through 2024 are represented by pink bars, indicating a continued increase in foreign population. The source of the data is the Immigration Services Agency of Japan. This distinction in colors might imply actual vs. projected data or highlight a specific period.
Mark: Vertical Bars,
Background: Solid White,
Gridlines: Horizontal, Solid Gray,
Data Colors: Blue, Pink,
-------------------"
Syem,326,TLDR News Global,Has Japan’s Demographic Crisis Become Unsolvable?,,,2,Shows how Japan’s foreign population share remains low compared to global and OECD averages.,05:06,05:17,Bar Chart,,"Emphasis- Highlight a range
","Japan's foreign population until
recently making up less than 3% of the
country, below the global average of
3.5% and well below the OECD average of
around 15%.",https://youtu.be/HCIupTKrktY,"Chart 1 - Bar Chart
| Country | Foreign Population (% of total) |
|:--------|:--------------------------------|
| Luxembourg | 47.5 |
| Switzerland | 24.0 |
| Estonia | 16.0 |
| Austria | 15.8 |
| Latvia | 13.5 |
| Germany | 12.8 |
| Iceland | 12.5 |
| Ireland | 12.0 |
| Belgium | 11.0 |
| Norway | 9.5 |
| Spain | 9.0 |
| Sweden | 8.5 |
| Denmark | 7.5 |
| Italy | 7.0 |
| France | 6.0 |
| Slovenia | 5.0 |
| Netherlands | 4.5 |
| Czechia | 4.0 |
| Finland | 3.8 |
| Portugal | 3.0 |
| Korea | 2.5 |
| Japan | 2.0 |
| Hungary | 1.5 |
| Lithuania | 1.0 |
| Slovak Rep. | 0.8 |
| Mexico | 0.5 |
-------------------","Chart 1 - Type: Bar Chart,
Description: A bar chart illustrating the foreign population as a percentage of the total population for various countries, sorted in descending order. It also includes horizontal reference lines for the OECD Average (15%) and Global Average (3.5%).,
Mark: Vertical Bars,
Background: White chart area with a light grey tiled pattern background outside the chart area.,
Gridlines: Horizontal, solid light grey lines for major Y-axis values (0, 10, 20, 30, 40, 50); Dotted blue line for OECD Average; Dotted green line for Global Average.,
Data Colors: Blue (for most countries), Red (for Korea).,
-------------------"
Syem,327,TLDR News Global,America's Reindustrialisation Isn’t Happening.,,,1,To illustrate the long-term decline of manufacturing’s share of employment in the United States.,01:23,01:33,Line Chart,,Suspense- Gradual Reveal,"Manufacturing
now accounts for just 8% of all jobs in
the US, down from about 25% in the60s
and 15% in the '90s.",https://youtu.be/fjlmYQhwlp4,"Chart 1 - Line Chart
| Year | AGRICULTURE | MANUFACTURING | SERVICES & OTHERS |
|------|-------------|---------------|--------------------|
| 1800 | 75          | 3             | 15                 |
| 1820 | 78          | 5             | 17                 |
| 1840 | 63          | 10            | 27                 |
| 1860 | 55          | 15            | 30                 |
| 1880 | 52          | 19            | 29                 |
| 1900 | 40          | 21            | 39                 |
| 1920 | 27          | 27            | 46                 |
| 1940 | 17          | 20            | 63                 |
| 1960 | 5           | 24            | 71                 |
| 1980 | 2           | 18            | 80                 |
| 2000 | 1           | 10            | 89                 |
| 2020 | 1           | 8             | 90                 |
-------------------","Chart 1 - Type: Line Chart,
Description: A line chart showing the percentage of US employment by industry (Agriculture, Manufacturing, and Services & Others) from 1800 to 2020. The chart illustrates the shift in employment dominance over two centuries, with agriculture declining and services rising significantly.
Mark: Line,
Background: White,
Gridlines: Solid, Light Gray,
Data Colors: [Blue, Red, Yellow],
-------------------"
Syem,328,TLDR News Global,12 Elections to Watch in 2026,,,1,Explains how the revolution reshaped Bangladesh’s political landscape by enabling new and previously suppressed political parties to emerge.,05:44,06:03,Bar Chart,,"Suspense- Gradual Reveal, Emphasis-Pause","While the election could mean the return of the ousted party's rival, the Bangladesh Nationalist Party, the revolution has opened up space for new political actors, including the studentled national citizen party, which emerged out of the uprising, and a previously suppressed Islamist party, Jamaat Islami, which has enjoyed something of a resurgence",https://youtu.be/V5MDrDlJDYg,"Chart 1 - Horizontal Bar Chart
| Party/Symbol | Percentage (%) |
| :------------- | :------------- |
| BNP (X-marked) | 0.0            |
| Awami League (Boat) | 4.0            |
| Jatiya Party (Plow) | 29.0           |
| BNP (Sheaf of Paddy) | 4.0            |
| Jamaat-e-Islami (Scales) | 26.0           |
| CPB (Sickle & Hammer) | 7.5            |
-------------------","Chart 1 - Type: Horizontal Bar Chart,
Description: Bangladesh Election Polling Percentage from 13th September to 12th October 2025, displaying support for various political parties.,
Mark: Rectangle,
Background: Light grey with a subtle dotted texture,
Gridlines: White, dotted,
Data Colors: Yellow, Blue, Lime Green, Bright Green, Dark Green,
-------------------"
Syem,329,TLDR News Global,12 Elections to Watch in 2026,,,2,Highlights the People’s Party’s attempt to secure a second consecutive election victory.,06:51,07:00,Bar Chart,,Suspense- Gradual Reveal,"The progressive reformist People's Party is
hoping to take advantage of the fall of
the influential Shinatra family and win
a second election in a row, ",https://youtu.be/V5MDrDlJDYg,"Chart 1 - Horizontal Bar Chart
| Party | Percentage (%) |
|:------------------------------|:---------------|
| Move Forward Party | 34.0 |
| United Thai Nation Party | 6.0 |
| Pheu Thai Party | 12.5 |
| Bhumjaithai Party | 14.0 |
| Palang Pracharath Party | 3.0 |
| Democrat Party | 7.5 |
-------------------","Chart 1 - Type: Horizontal Bar Chart,
Description: Thailand Political Polling results showing the percentage of support for various political parties during 19th-24th September 2025.
Mark: Horizontal Bar,
Background: White with a subtle grid pattern,
Gridlines: Light gray, dotted vertical and horizontal lines,
Data Colors: Orange, Dark Blue, Red, Dark Blue, Green, Light Blue,
-------------------"
Syem,331,TLDR News Global,Why is Trump’s Approval Rating Suddenly Crashing?,,,1,To reveal the recent sharp decline in Trump's net approval rating after months of relative stability.,00:21,00:36,Line Chart,,"Emphasis- Highlight a range, Emphasis-Annotation, Suspense- Gradual Reveal","According to Nate Silver's poll
aggregator, his net approval rating has
essentially hovered at around minus 7
since May. That is until late last month
when his approval rating suddenly
started plummeting and now at the time
of writing sitting at a new low of about minus13.",https://youtu.be/fBwGtCMk734,"Chart 1 - Line Chart
| Month | Net Approval Rating % |
| :-------- | ---------------------: |
| FEB 2025 | 6 |
| MAR | 1 |
| APR | -3 |
| MAY | -8 |
| JUN | -7 |
| JUL | -7 |
| AUG | -10 |
| SEP | -9 |
| OCT | -11 |
| NOV | -13 |
-------------------","Chart 1 - Type: Line Chart,
Description: A line chart displaying Donald Trump's net approval rating percentage over several months from February to November 2025, showing a general decline in approval. Specific data points for June and November are highlighted with their respective values.
Mark: Line, Circle (for annotated data points),
Background: Solid, White,
Gridlines: Dashed, Light Grey (horizontal); Solid, Dark Grey (at 0 axis),
Data Colors: Red (line), Black (annotation background), White (annotation text), White (annotation circle border),
-------------------"
Syem,332,TLDR News Global,Why is Trump’s Approval Rating Suddenly Crashing?,,,2,To illustrate that inflation remains above the Fed’s target but is lower than expected despite tariff-related pressures.,02:34,02:47,Line Chart,,"Emphasis- Highlight a range, Emphasis-Annotation, Ellipsis- Desaturate, Suspense- Gradual Reveal","While inflation is still above the
Federal Reserve's 2% target, it's
nonetheless lower than many economists
expected given the anticipated
inflationary effects of Trump's tariffs
and has hovered between 2 and a half and
3% for the past year or so",https://youtu.be/fBwGtCMk734,"Chart 1 - Line Chart
| Date | Inflation Rate (%) | Target (%) |
| :--- | :----------------- | :--------- |
| JAN 2021 | 1.2 | 2.0 |
| FEB 2021 | 1.5 | 2.0 |
| MAR 2021 | 2.5 | 2.0 |
| APR 2021 | 4.0 | 2.0 |
| MAY 2021 | 5.2 | 2.0 |
| JUN 2021 | 5.5 | 2.0 |
| JUL 2021 | 5.6 | 2.0 |
| AUG 2021 | 6.0 | 2.0 |
| SEP 2021 | 6.8 | 2.0 |
| OCT 2021 | 7.5 | 2.0 |
| NOV 2021 | 8.2 | 2.0 |
| DEC 2021 | 8.6 | 2.0 |
| JAN 2022 | 8.8 | 2.0 |
| FEB 2022 | 9.0 | 2.0 |
| MAR 2022 | 8.7 | 2.0 |
| APR 2022 | 8.0 | 2.0 |
| MAY 2022 | 7.2 | 2.0 |
| JUN 2022 | 6.5 | 2.0 |
| JUL 2022 | 6.0 | 2.0 |
| AUG 2022 | 5.2 | 2.0 |
| SEP 2022 | 4.5 | 2.0 |
| OCT 2022 | 4.0 | 2.0 |
| NOV 2022 | 3.5 | 2.0 |
| DEC 2022 | 3.0 | 2.0 |
| JAN 2023 | 3.0 | 2.0 |
| FEB 2023 | 3.2 | 2.0 |
| MAR 2023 | 3.5 | 2.0 |
| APR 2023 | 3.8 | 2.0 |
| MAY 2023 | 4.0 | 2.0 |
| JUN 2023 | 4.0 | 2.0 |
| JUL 2023 | 3.8 | 2.0 |
| AUG 2023 | 3.5 | 2.0 |
| SEP 2023 | 3.2 | 2.0 |
| OCT 2023 | 3.0 | 2.0 |
| NOV 2023 | 2.8 | 2.0 |
| DEC 2023 | 2.5 | 2.0 |
| JAN 2024 | 2.5 | 2.0 |
| FEB 2024 | 2.5 | 2.0 |
| MAR 2024 | 2.8 | 2.0 |
| APR 2024 | 3.0 | 2.0 |
| MAY 2024 | 3.0 | 2.0 |
| JUN 2024 | 3.0 | 2.0 |
| JUL 2024 | 2.8 | 2.0 |
| AUG 2024 | 2.5 | 2.0 |
| SEP 2024 | 2.3 | 2.0 |
| OCT 2024 | 2.2 | 2.0 |
| NOV 2024 | 2.0 | 2.0 |
| DEC 2024 | 2.5 | 2.0 |
| JAN 2025 | 3.0 | 2.0 |
| FEB 2025 | 2.8 | 2.0 |
| MAR 2025 | 2.5 | 2.0 |
| APR 2025 | 2.8 | 2.0 |
| MAY 2025 | 3.0 | 2.0 |
| JUN 2025 | 3.2 | 2.0 |
-------------------","Chart 1 - Type: Line Chart, 
Description: This chart displays the inflation rate as a percentage over time from January 2021 to June 2025. It also includes a horizontal 'TARGET' line at 2%. The second provided image shows the latter portion of the inflation rate line (from approximately January 2025 onwards) with a slightly lighter, semi-transparent blue, potentially indicating a forecast or projected period. The X-axis represents time, labeled biannually, while the Y-axis represents the inflation rate from 1% to 9%. The chart shows a significant rise in inflation peaking in early 2022, followed by a decline and stabilization around the target, with a slight upward trend towards the end of the period.,
Mark: Line, 
Background: White with a faint dashed grid pattern, 
Gridlines: Dashed light gray, 
Data Colors: Blue (inflation rate), Black (target line), 
-------------------"
Syem,333,TLDR News Global,Why is Trump’s Approval Rating Suddenly Crashing?,,,3,highlights the slowdown in US job growth compared to pre-Trump levels.,02:52,03:04,Line Chart,,"Suspense- Gradual Reveal, Comparison- Zoom out","According to data from the Bureau of
Labor Statistics, the US economy has
added an average of 25,000 jobs for the
past 4 months, down from a pre-Trump
average of something like 150,000.",https://youtu.be/fBwGtCMk734,"Chart 1 - Line Chart
| Month-Year | Payrolls (Thousands) |
|---|---|
| Jan 2021 | 1550 |
| Feb 2021 | 100 |
| Mar 2021 | 600 |
| Apr 2021 | 300 |
| May 2021 | 900 |
| Jun 2021 | 650 |
| Jul 2021 | 950 |
| Aug 2021 | 700 |
| Sep 2021 | 1000 |
| Oct 2021 | 750 |
| Nov 2021 | 900 |
| Dec 2021 | 650 |
| Jan 2022 | 900 |
| Feb 2022 | 550 |
| Mar 2022 | 850 |
| Apr 2022 | 600 |
| May 2022 | 900 |
| Jun 2022 | 500 |
| Jul 2022 | 800 |
| Aug 2022 | 550 |
| Sep 2022 | 750 |
| Oct 2022 | 450 |
| Nov 2022 | 600 |
| Dec 2022 | 380 |
| Jan 2023 | 550 |
| Feb 2023 | 300 |
| Mar 2023 | 480 |
| Apr 2023 | 280 |
| May 2023 | 400 |
| Jun 2023 | 250 |
| Jul 2023 | 350 |
| Aug 2023 | 280 |
| Sep 2023 | 380 |
| Oct 2023 | 250 |
| Nov 2023 | 320 |
| Dec 2023 | 220 |
| Jan 2024 | 300 |
| Feb 2024 | 250 |
| Mar 2024 | 320 |
| Apr 2024 | 280 |
| May 2024 | 350 |
| Jun 2024 | 220 |
| Jul 2024 | 300 |
| Aug 2024 | 250 |
| Sep 2024 | 100 |
| Oct 2024 | 250 |
| Nov 2024 | 340 |
| Dec 2024 | 130 |
| Jan 2025 | 140 |
| Feb 2025 | 160 |
| Mar 2025 | 190 |
| Apr 2025 | 140 |
| May 2025 | 20 |
| Jun 2025 | 100 |
| Jul 2025 | 50 |
-------------------","Chart 1 - Type: Line Chart,
Description: This chart displays the estimated Non-Farm Payrolls in Thousands on a monthly basis from January 2021 to July 2025. The data is merged from two charts, providing a comprehensive view, with finer granularity and more precise estimations for the period from September 2024 onwards. The initial years (2021-2022) show high volatility in payrolls, followed by a general trend of decreasing growth and continued fluctuations through 2023 and 2024, with a notable dip in May 2025.
Mark: Smooth line,
Background: Light gray with faint white vertical and horizontal gridlines.,
Gridlines: Solid, light gray,
Data Colors: Blue,
-------------------"
Syem,334,TLDR News Global,Why is Trump’s Approval Rating Suddenly Crashing?,,,4,"Reveals that while the economy remains Americans’ top concern, the state of democracy is increasingly seen as a major issue.",04:20,04:34,Bar Chart,,"Suspense- Gradual Reveal, Emphasis-Annotation","The economy was again
the top issue, indicated by 47% of
respondents, but in second place was the
state of democracy, which 26% of
respondents cited as the most important
issue facing America.",https://youtu.be/fBwGtCMk734,"Chart 1 - Horizontal Bar Chart
| Issue                   | Percentage |
| :---------------------- | :--------- |
| ECONOMY & COST OF LIVING | 47         |
| STATE OF DEMOCRACY      | 26         |
| IMMIGRATION             | 10         |
| CRIME & SAFETY          | 7          |
| HEALTHCARE              | 5          |
| FOREIGN POLICY          | 1          |
-------------------","Chart 1 - Type: Horizontal Bar Chart, 
Description: This chart displays the most important issues to US voters, ranked by percentage. The issues include Economy & Cost of Living, State of Democracy, Immigration, Crime & Safety, Healthcare, and Foreign Policy. Each bar represents the percentage of voters who consider that issue most important. The percentages sum to 96%, indicating that either other issues are not shown or voters could select multiple issues, or the data has been rounded. However, as it's not a pie chart, no adjustment is made to the given values.
Mark: Horizontal Bar, 
Background: Solid White, 
Gridlines: Solid Light Grey (vertical, faint), 
Data Colors: Blue, 
-------------------"
Syem,335,TLDR News,Could Andy Burnham Actually Oust Starmer?,,,1,To illustrate Burnham’s relatively high approval as a hypothetical prime minister and his lower polarizing effect compared to Farage and Corbyn.,02:10,02:21,Bar Chart,,"Suspense- Gradual Reveal, Ellipsis- Desaturate","According to Yuggov
polling from early August, Burnham is
ranked second behind Nigel Farage as a
great or good hypothetical prime
minister and is far less polarizing than
either Farage or Jeremy Corbyn.",https://youtu.be/twpFDzxZ9ws,"Chart 1 - Stacked Bar Chart
| Candidate           | GREAT (%) | GOOD (%) | POOR (%) | TERRIBLE (%) |
| :------------------ | :-------- | :------- | :------- | :----------- |
| NIGEL FARAGE        | 15        | 15       | 10       | 60           |
| ANDY BURNHAM        | 20        | 25       | 25       | 30           |
| JEREMY CORBYN       | 15        | 25       | 20       | 40           |
| ED DAVEY            | 10        | 15       | 35       | 40           |
| ANGELA RAYNER       | 10        | 10       | 35       | 45           |
| KEMI BADENOCH       | 5         | 10       | 40       | 45           |
-------------------","Chart 1 - Type: Stacked Bar Chart,
Description: A 100% stacked bar chart displaying Prime Ministerial Perception Polling results for six individuals. Each bar is segmented into four categories: GREAT, GOOD, POOR, and TERRIBLE, showing the percentage of public perception for each category.
Mark: Rectangular Bar,
Background: Solid white for the chart plotting area, with a light grey dotted texture for the overall image background.,
Gridlines: No explicit gridlines are visible within the bar plotting area. Faint light grey dot-pattern gridlines are present in the overall image background.,
Data Colors: ['#1A9850', '#91CF60', '#FC8D59', '#D73027'],
-------------------"
Syem,336,TLDR News EU,Why Germany’s Conscription Plans are Falling Apart,,,1,highlights Germany’s reduction in troop numbers since the 1990s and its plans to expand active and reserve forces by 2035.,01:43,02:00,Line Chart,,"Suspense- Gradual Reveal, Emphasis-Annotation","from nearly half a million troops in
the 1990s to just 181,174
today. As such, Germany aims to expand
its armed forces to 260,000 by 2035 and
more than double its number of reser to 200,000. ",https://youtu.be/SXeC9LSdXfc,"Chart 1 - Line Chart
| Year | Main Army Strength (Thousands) | Reservists (Thousands) |
| :--- | :----------------------------- | :--------------------- |
| 1960 | 300,000                        | 0                      |
| 1965 | 400,000                        | 0                      |
| 1970 | 480,000                        | 0                      |
| 1975 | 490,000                        | 0                      |
| 1980 | 495,000                        | 0                      |
| 1985 | 490,000                        | 0                      |
| 1990 | 500,000                        | 0                      |
| 1995 | 370,000                        | 0                      |
| 2000 | 320,000                        | 0                      |
| 2005 | 280,000                        | 0                      |
| 2010 | 240,000                        | 0                      |
| 2015 | 190,000                        | 0                      |
| 2019 | 181,174                        | 0                      |
| 2020 | 185,000                        | 50,000                 |
| 2025 | 230,000                        | 70,000                 |
| 2030 | 260,000                        | 85,000                 |
-------------------","Chart 1 - Type: Line Chart,
Description: Line chart depicting the strength of the German Army, in thousands, from 1960 to 2030. It includes historical data (solid blue line) and future projections (dotted blue line) for the main army strength, along with a separate projection for reservists (dotted black line) from 2020 to 2030. Specific values like 181,174 (around 2019) and 260,000 (2030 projection) are highlighted.,
Mark: The primary data series (""Main Army Strength"") is represented by a thick blue line; solid for historical data (up to ~2020) and dotted for projected data (from ~2020 to 2030). A large blue circle marks the end of the historical line/start of projection, and another large blue circle marks the end of the projection. The secondary data series (""Reservists"") is represented by a thinner dotted black line with smaller black circular markers at key points.,
Background: White,
Gridlines: Dashed light gray horizontal lines,
Data Colors: Blue, Black,
-------------------"
Syem,337,TLDR News Global,"How China is Quietly ""Internationalising"" the Yuan",,,1,"Reveals that despite China’s economic influence, the yuan was not historically a widely used or popular currency.",01:25,01:35,Bar Chart,,"Suspense- Gradual Reveal, Ellipsis- Desaturate","you might expect China's
currency, the yuan, to be pretty
popular, given that, well, you can use
the yuan to buy Chinese stuff. But this
didn't used to be the case.",https://youtu.be/OPKtHIQfujs,"Chart 1 - Grouped Horizontal Bar Chart
| Category      | INDEX OF USAGE | GLOBAL GDP | GLOBAL TRADE |
| :------------ | :------------- | :--------- | :----------- |
| CHINA         | 4.5            | 17.0       | 13.0         |
| EURO AREA     | 24.0           | 14.0       | 17.0         |
| UNITED STATES | 66.0           | 25.0       | 12.0         |
-------------------","Chart 1 - Type: Grouped Horizontal Bar Chart,
Description: This chart illustrates the international role of various currencies in 2022, showing the percentage breakdown for 'Index of Usage', 'Global GDP', and 'Global Trade' across China, the Euro Area, and the United States.,
Mark: Horizontal bar,
Background: Light Grey,
Gridlines: Dashed Light Grey,
Data Colors: Blue, Yellow, Red,
-------------------"
Syem,338,TLDR News,Why Young Voters Are Ditching Labour,,,1,To illustrate the Greens’ lead over Labour among 18 to 24-year-olds and Labour’s declining support in this age group.,02:18,02:32,Line Chart,,Emphasis-Annotation,"Yuggov's most recent polling from the 10th of November now puts the Greens well in front of
Labor among 18 to 24 year olds with 36%
of the vote while Labour languished
behind on 24% and appear to be on a
steady downwards trajectory",https://youtu.be/fBxZ6UL0crk,"Chart 1 - Line Chart
| Month       | LAB (%) | CON (%) | LIB DEM (%) | REF (%) | GREEN (%) |
| :---------- | :------ | :------ | :---------- | :------ | :-------- |
| JAN. 2025   | 37      | 13      | 15          | 6       | 20        |
| FEB.        | 32      | 18      | 10          | 9       | 20        |
| MAR.        | 38      | 21      | 12          | 10      | 21        |
| APR.        | 40      | 18      | 9           | 15      | 19        |
| MAY.        | 28      | 23      | 10          | 7       | 25        |
| JUN.        | 32      | 20      | 9           | 6       | 25        |
| JUL.        | 28      | 24      | 12          | 8       | 28        |
| AUG.        | 38      | 18      | 9           | 7       | 23        |
| SEP.        | 32      | 16      | 10          | 11      | 28        |
| OCT.        | 24      | 18      | 8           | 7       | 36        |
-------------------","Chart 1 - Type: Line Chart,
Description: Westminster Voting Intention (18-24 Yr. Olds) by percentage over time (Jan 2025 - Oct). Shows trends for LAB, CON, LIB DEM, REF, and GREEN parties.,
Mark: Line,
Background: White,
Gridlines: Light gray, solid, vertical,
Data Colors: LAB: Red, CON: Orange, LIB DEM: Light Blue, REF: Dark Blue, GREEN: Green,
-------------------"
Syem,339,TLDR News,Why Young Voters Are Ditching Labour,,,2,To reveal the decline of Labour and the rise of the Greens among voters under 35 in recent polling.,02:32,02:52,Line Chart,,Emphasis-Annotation," Similar trends are illustrated among under 35s by the Economists UK poll tracker which has found that while Labour won nearly half the under 35's vote at the 2024 election, it now holds only a quarter. Meanwhile, the Greens have surged, overtaking Labor among 18 to 34 year olds and now holding around 30% of the under 35 vote.",https://youtu.be/fBxZ6UL0crk,"Chart 1 - Line Chart
| Date      | LAB (%) | CON (%) | LIB DEM (%) | REF (%) | GREEN (%) |
| :-------- | :------ | :------ | :---------- | :------ | :-------- |
| JAN. 2024 | 55      | 15      | 8           | 3       | 6         |
| MAR. 2024 | 56      | 14      | 8           | 4       | 7         |
| MAY. 2024 | 53      | 12      | 9           | 6       | 8         |
| JUL. 2024 | 49      | 11      | 10          | 9       | 10        |
| SEP. 2024 | 40      | 10      | 11          | 12      | 13        |
| NOV. 2024 | 34      | 9       | 12          | 15      | 16        |
| JAN. 2025 | 32      | 8       | 13          | 17      | 19        |
| MAR. 2025 | 30      | 8       | 14          | 18      | 22        |
| MAY. 2025 | 28      | 7       | 13          | 19      | 25        |
| JUL. 2025 | 26      | 7       | 12          | 18      | 28        |
| SEP. 2025 | 25      | 7       | 11          | 17      | 29        |
| NOV. 2025 | 24      | 7       | 10          | 17      | 30        |
-------------------","Chart 1 - Type: Line Chart,
Description: This chart displays the Westminster voting intention (percentage) for 18-34 year olds across five political parties (Labour, Conservative, Liberal Democrats, Reform, Green) from January 2024 to November 2025. A dotted vertical line marks the ""General Election"" around July 2024. The data shows a significant decline in Labour's support, while the Green party sees a steady increase, eventually surpassing Labour by November 2025. Other parties (Conservative, Liberal Democrats, Reform) show more moderate fluctuations. The final values for LAB (24%) and GREEN (30%) in November 2025 are explicitly labeled. The y-axis represents Percentage and the x-axis represents time in months/years.,
Mark: Smooth line,
Background: Light grey/off-white solid,
Gridlines: Dotted light grey horizontal lines at 20% intervals and a dotted light grey vertical line indicating the ""General Election"".,
Data Colors: Red (LAB), Blue (CON), Orange (LIB DEM), Light Blue/Cyan (REF), Green (GREEN),
-------------------"
Syem,340,TLDR News,Why Young Voters Are Ditching Labour,,,3,Shows that young private renters in England spend the highest proportion of their income on rent.,06:13,06:26,Bar Chart,,Ellipsis- Desaturate,"According to the UK government's 2021-22
English housing survey, among private
renters, those aged between 16 to 24
spend as much as 44% of their income on
rent, the highest of any age group",https://youtu.be/fBxZ6UL0crk,"Chart 1 - Bar Chart
| Age Group | Proportion of Income Spent on Rent (%) |
|:----------|:---------------------------------------|
| 16-24     | 44                                     |
| 25-34     | 29                                     |
| 35-44     | 29                                     |
| 45-64     | 33                                     |
| 65-74     | 39                                     |
| 75+       | 38                                     |
-------------------","Chart 1 - Type: Bar Chart,
Description: A bar chart displaying the proportion of income spent on rent by various age groups in England for the years 2021-2022, sourced from the English Housing Survey. The chart shows that the 16-24 age group spends the highest proportion of their income on rent.
Mark: Vertical bars,
Background: Light green textured paper with a subtle grid pattern,
Gridlines: Solid, Light green,
Data Colors: ['#FF0099', '#E0BBE4', '#E0BBE4', '#E0BBE4', '#E0BBE4', '#E0BBE4']
-------------------"
Syem,341,TLDR News Global,What Mexico Can Teach Western Leftwingers,,,1,Shows Mexico’s rising minimum wage between 2018 and 2024 helped reduce poverty for over 5 million people.,04:31,04:40,Line Chart,,Suspense- Gradual Reveal,"Even accounting for inflation, the minimum wage rose by 90% between 2018 and 2024, helping to lift more than 5 million Mexicans out of poverty",https://youtu.be/krsUSSP-H_o,"Chart 1 - Line Chart
| Year | REAL (2018 PRICES) | NOMINAL |
|------|--------------------|---------|
| 2000 | 90                 | 35      |
| 2005 | 92                 | 47      |
| 2010 | 93                 | 58      |
| 2015 | 96                 | 68      |
| 2020 | 130                | 140     |
| 2022 | 185                | 210     |
-------------------","Chart 1 - Type: Line Chart, 
Description: This chart displays the Mexico Minimum Wage Per Day in MX$, comparing 'Real (2018 Prices)' and 'Nominal' values over the years from 2000 to approximately 2022. Both nominal and real wages show a significant increase, particularly from 2015 onwards, with nominal wage surpassing real wage towards the end of the period.,
Mark: Line, 
Background: Off-white with a subtle grid pattern, 
Gridlines: Light grey, dashed horizontal and subtle vertical, 
Data Colors: Blue, Red, 
-------------------"
Syem,342,TLDR News Global,What Mexico Can Teach Western Leftwingers,,,2,To reveal that Mexico’s debt-to-GDP ratio has steadily declined since the pandemic.,05:15,05:24,Bar Chart,,Suspense- Gradual Reveal,"Mexico's debt's GDP has actually
fallen steadily since the pandemic and
is now astonishingly below where it was
when Amllo took charge in 2018",https://youtu.be/krsUSSP-H_o,"Chart 1 - Bar Chart
| Year | Debt-to-GDP (%) |
|------|-----------------|
| 2000 | 21.0            |
| 2001 | 21.0            |
| 2002 | 23.5            |
| 2003 | 24.5            |
| 2004 | 22.0            |
| 2005 | 21.5            |
| 2006 | 20.5            |
| 2007 | 19.5            |
| 2008 | 19.5            |
| 2009 | 22.5            |
| 2010 | 32.0            |
| 2011 | 33.0            |
| 2012 | 34.5            |
| 2013 | 37.0            |
| 2014 | 39.0            |
| 2015 | 41.0            |
| 2016 | 44.0            |
| 2017 | 46.5            |
| 2018 | 48.5            |
| 2019 | 52.5            |
| 2020 | 52.0            |
| 2021 | 58.0            |
| 2022 | 56.5            |
| 2023 | 54.0            |
| 2024 | 50.0            |
-------------------","Chart 1 - Type: Bar Chart,
Description: This bar chart displays Mexico's Debt-to-GDP ratio as a percentage for each year from 2000 to 2024, illustrating the trend over more than two decades.,
Mark: Bar,
Background: White with subtle texture,
Gridlines: Solid, Light Gray,
Data Colors: Blue
-------------------"
Syem,343,TLDR News Global,What Mexico Can Teach Western Leftwingers,,,3,To show the country’s low public spending compared to similar nations.,05:28,05:36,Line Chart,,Suspense- Gradual Reveal," They prefer a small state and public spending accounts for just 29% of GDP, far lower than most similar countries.",https://youtu.be/krsUSSP-H_o,"Chart 1 - Line Chart
| Year | Mexico | Argentina | Brazil | Colombia |
|------|--------|-----------|--------|----------|
| 1997 | 20.5   | 22.5      | 39.0   | 16.0     |
| 1998 | 21.0   | 23.5      | 41.0   | 18.5     |
| 1999 | 19.5   | 25.5      | 34.0   | 20.0     |
| 2000 | 20.0   | 24.0      | 39.0   | 28.0     |
| 2001 | 20.5   | 21.5      | 44.5   | 27.0     |
| 2002 | 20.0   | 22.0      | 39.0   | 28.0     |
| 2003 | 20.5   | 23.0      | 40.0   | 28.5     |
| 2004 | 21.0   | 25.0      | 42.0   | 29.5     |
| 2005 | 22.0   | 26.5      | 40.5   | 29.0     |
| 2006 | 23.0   | 28.0      | 40.0   | 28.5     |
| 2007 | 25.0   | 29.5      | 39.0   | 29.0     |
| 2008 | 26.5   | 32.0      | 40.0   | 30.0     |
| 2009 | 27.0   | 34.0      | 41.0   | 31.0     |
| 2010 | 27.0   | 35.0      | 41.0   | 32.0     |
| 2011 | 27.5   | 36.0      | 42.0   | 30.0     |
| 2012 | 27.5   | 37.5      | 43.0   | 29.5     |
| 2013 | 27.0   | 39.5      | 44.0   | 29.0     |
| 2014 | 26.5   | 41.0      | 46.5   | 29.0     |
| 2015 | 26.0   | 40.5      | 45.0   | 32.0     |
| 2016 | 25.5   | 38.0      | 43.0   | 35.0     |
| 2017 | 25.0   | 38.5      | 40.0   | 32.0     |
| 2018 | 25.5   | 42.0      | 41.0   | 33.0     |
| 2019 | 26.0   | 38.0      | 43.0   | 33.5     |
| 2020 | 27.0   | 37.5      | 47.0   | 34.0     |
| 2021 | 28.0   | 37.5      | 41.0   | 34.5     |
| 2022 | 28.5   | 37.5      | 44.0   | 35.5     |
-------------------","Chart 1 - Type: Line Chart,
Description: This chart displays the trend of government expenditure as a percentage of GDP for four countries: Mexico, Argentina, Brazil, and Colombia, from 1997 to 2022.,
Mark: Line,
Background: Light gray with subtle texture,
Gridlines: Solid light gray,
Data Colors: Red, Blue, Green, Orange,
-------------------"
Syem,344,TLDR News Global,Why is American Life Expectancy So Low?,,,1,illustrates U.S. life expectancy in the 1990s was comparable to other Western countries.,00:48,00:58,Line Chart,,"Suspense- Gradual Reveal, Emphasis-Annotation",back in the 1990s U.S life expectancy was actually not too bad at all it compared reasonably well to other Western nations with life expectancy of 75.4 years,https://youtu.be/6Ki8DrIJ1H0,"Chart 1 - Line Chart
| Year | United Kingdom | United States |
|------|----------------|---------------|
| 1960 | 70.5           | 69.8          |
| 1961 | 70.6           | 70.0          |
| 1962 | 70.8           | 70.2          |
| 1963 | 71.0           | 70.4          |
| 1964 | 71.2           | 70.6          |
| 1965 | 71.4           | 70.8          |
| 1966 | 71.6           | 70.9          |
| 1967 | 71.5           | 71.0          |
| 1968 | 71.8           | 71.2          |
| 1969 | 72.0           | 71.4          |
| 1970 | 72.2           | 71.5          |
| 1971 | 72.3           | 71.7          |
| 1972 | 72.5           | 71.8          |
| 1973 | 72.7           | 72.0          |
| 1974 | 72.9           | 72.2          |
| 1975 | 73.1           | 72.4          |
| 1976 | 73.3           | 72.6          |
| 1977 | 73.5           | 72.8          |
| 1978 | 73.7           | 73.0          |
| 1979 | 73.9           | 73.2          |
| 1980 | 74.2           | 73.4          |
| 1981 | 74.5           | 73.6          |
| 1982 | 74.7           | 73.8          |
| 1983 | 74.9           | 74.0          |
| 1984 | 75.2           | 74.2          |
| 1985 | 75.4           | 74.4          |
| 1986 | 75.3           | 74.6          |
| 1987 | 75.5           | 74.8          |
| 1988 | 75.8           | 75.0          |
| 1989 | 76.1           | 75.2          |
| 1990 | 76.3           | 75.4          |
| 1991 | 76.5           | 75.6          |
| 1992 | 76.7           | 75.8          |
| 1993 | 77.0           | 76.0          |
| 1994 | 77.2           | 76.2          |
| 1995 | 77.5           | 76.4          |
| 1996 | 77.8           | 76.6          |
| 1997 | 78.0           | 76.8          |
| 1998 | 78.3           | 77.0          |
| 1999 | 78.6           | 77.2          |
| 2000 | 78.8           | 77.4          |
| 2001 | 79.0           | 77.6          |
| 2002 | 79.2           | 77.8          |
| 2003 | 79.4           | 78.0          |
| 2004 | 79.6           | 78.2          |
| 2005 | 79.8           | 78.4          |
| 2006 | 80.0           | 78.6          |
| 2007 | 80.2           | 78.7          |
| 2008 | 80.4           | 78.8          |
| 2009 | 80.6           | 78.9          |
| 2010 | 80.8           | 79.0          |
| 2011 | 80.9           | 79.1          |
| 2012 | 81.0           | 79.2          |
| 2013 | 81.1           | 79.3          |
| 2014 | 81.2           | 79.4          |
| 2015 | 81.3           | 79.5          |
| 2016 | 81.4           | 79.6          |
| 2017 | 81.5           | 79.7          |
| 2018 | 80.7           | 78.9          |
| 2019 | 80.9           | 78.2          |
| 2020 | 80.0           | 77.0          |
-------------------","Chart 1 - Type: Line Chart,
Description: This line chart displays the trend of a numerical metric (likely life expectancy) over time for two countries, the United Kingdom and the United States, from 1960 to 2020. An annotation highlights a value of 75.4 in 1990, corresponding to the United States line. Both countries show an overall upward trend with a notable decline around 2018-2020.,
Mark: Line,
Background: Light grey with a subtle crumpled paper texture,
Gridlines: Horizontal, light grey, solid lines,
Data Colors: ['Purple', 'Blue'],
-------------------"
Syem,345,TLDR News Global,Why Argentina’s Economic Crisis is Still Getting Worse,,,1,Shows peso’s brief strengthening followed by renewed weakening against the dollar.,05:01,05:19,Line Chart,,Emphasis- Highlight a range,"the peso strengthened from
nearly 1,500 the dollar on September
21st to just over 1,300 the dollar on
September 26th. But since then, things
have once again gone downhill. In the
weeks since, the peso has weakened,
rising to above 1,400 the dollar at the
start of October.",https://youtu.be/zqbHq7leeo0,"Chart 1 - Line Chart
| Date    | Official Exchange Rate | Trading Band, Upper Limit |
| :------ | :--------------------- | :------------------------ |
| Jul 1   | 1220                   | 1380                      |
| Jul 8   | 1245                   | 1385                      |
| Jul 15  | 1250                   | 1390                      |
| Jul 22  | 1260                   | 1395                      |
| Jul 29  | 1300                   | 1398                      |
| Aug 1   | 1340                   | 1400                      |
| Aug 8   | 1280                   | 1405                      |
| Aug 15  | 1285                   | 1410                      |
| Aug 22  | 1300                   | 1415                      |
| Aug 29  | 1360                   | 1420                      |
| Sep 1   | 1380                   | 1425                      |
| Sep 8   | 1410                   | 1432                      |
| Sep 15  | 1470                   | 1440                      |
| Sep 18  | 1490                   | 1443                      |
| Sep 22  | 1280                   | 1447                      |
| Sep 29  | 1380                   | 1455                      |
| Oct 1   | 1390                   | 1460                      |
| Oct 5   | 1410                   | 1465                      |
| Oct 8   | 1415                   | 1470                      |
-------------------","Chart 1 - Type: Line Chart, 
Description: This chart visualizes the ""Official Exchange Rate"" of the Argentine Peso against the US Dollar and a ""Trading Band, Upper Limit"" over time, from July 1, 2025, to October 8, 2025. The chart's primary title is ""Milei Struggles to Keep Peso in Check,"" with a subtitle ""Argentina's government has been repeatedly forced to sell dollars."" Periods of ""FX Intervention"" are indicated by light gray shaded vertical areas, approximately from September 17 to September 26 and from October 1 to October 8. An annotation ""Milei loses local vote by landslide"" is present around September 1, pointing to a data point on the Official Exchange Rate line. Additional visual annotations across the provided images include a bright green downward arrow highlighting a sharp decline in the Official Exchange Rate (around September 18-22) and a red upward arrow indicating a subsequent rebound (around September 22-October 8). The Y-axis represents ""pesos per dollar."" ,
Mark: Line (for ""Official Exchange Rate"" and ""Trading Band, Upper Limit""), Circle (for specific data points on ""Official Exchange Rate""), Shaded Area (for ""FX Intervention""), Arrow (for visual annotations), 
Background: Solid Dark Gray, 
Gridlines: Solid Light Gray, 
Data Colors: Official Exchange Rate: Black, Trading Band, Upper Limit: Gold, FX Intervention: Light Gray, Annotation Text: White, Annotation Arrow 1: Bright Green, Annotation Arrow 2: Red, 
-------------------"
Syem,346,TLDR News Global,Bolivian Election: Socialists Collapse After 20 Years in Power,,,1,To explain how policy decisions led to falling gas export revenues and reduced investment in the gas sector.,06:29,06:39,Line Chart,,Emphasis- Fill color," export revenue shrank and investment in the gas sector dried up and annual spending on gas
plunged as Morales, an outspoken critic of environmental issues, blocked new gas projects,",https://youtu.be/CUCR51sIH-E,"Chart 1 - Line Chart
| Year | Total Gas Production (M cubic meters per day) | Gas Exports (M cubic meters per day) |
|------|-----------------------------------------------|--------------------------------------|
| 2013 | 48                                            | 46                                   |
| 2014 | 51                                            | 47                                   |
| 2015 | 50                                            | 46                                   |
| 2016 | 47                                            | 43                                   |
| 2017 | 43                                            | 38                                   |
| 2018 | 38                                            | 34                                   |
| 2019 | 40                                            | 32                                   |
| 2020 | 41                                            | 31                                   |
| 2021 | 42                                            | 29                                   |
| 2022 | 34                                            | 20                                   |
| 2023 | 32                                            | 18                                   |
-------------------","Chart 1 - Type: Line Chart,
Description: This line chart illustrates Bolivia's total natural gas production and gas exports in million cubic meters per day from 2013 to 2023. Both production and exports show a general declining trend over this period, with a particularly sharp drop in exports towards 2022-2023. The chart highlights a significant decrease in gas output, attributed to lack of investment and exploration.
Mark: Line (for both data series), Shaded area (for Gas Exports), Triangle (annotation for the final Gas Exports data point),
Background: Solid White,
Gridlines: Horizontal, Thin, Solid, Light Grey,
Data Colors: Black (Total Gas Production), Yellow (Gas Exports), Light Yellow/Orange (Shaded area for Gas Exports),
-------------------"
Syem,347,TLDR News Global,Why Are Young Voters So Volatile?,,,1,highlights the increasing electoral volatility in Western European countries over recent decades.,07:03,07:13,Line Chart,,Suspense- Gradual Reveal,"Not only this, but electoral volatility
has actually been growing across Western
European countries over the past decades, some examples of which you can see on screen.",https://youtu.be/nrPjcWlRxdM,"Chart 1 - Line Chart
| Year | Denmark | Netherlands | Norway | France | Italy |
|---|---|---|---|---|---|
| 1948 | 14 | 5 | 5 | 16 | 6 |
| 1950 | 14 | 12 | 6 | 16 | 6 |
| 1952 | 12 | 19 | 6 | 15 | 6 |
| 1954 | 10 | 19 | 5 | 14 | 5 |
| 1956 | 7 | 19 | 3 | 13 | 4 |
| 1958 | 4 | 23 | 2 | 9 | 6 |
| 1960 | 3 | 26 | 1 | 5 | 7 |
| 1962 | 2 | 22 | 2 | 7 | 6 |
| 1964 | 6 | 18 | 2 | 8 | 4 |
| 1966 | 9 | 14 | 4 | 6 | 4 |
| 1968 | 10 | 9 | 6 | 4 | 3 |
| 1970 | 10 | 11 | 7 | 5 | 7 |
| 1972 | 14 | 13 | 8 | 6 | 11 |
| 1974 | 18 | 12 | 12 | 9 | 11 |
| 1976 | 20 | 10 | 16 | 12 | 11 |
| 1978 | 21 | 13 | 15 | 9 | 13 |
| 1980 | 20 | 15 | 14 | 6 | 15 |
| 1982 | 18 | 14 | 12 | 5 | 13 |
| 1984 | 16 | 12 | 10 | 5 | 11 |
| 1986 | 14 | 13 | 7 | 9 | 12 |
| 1988 | 12 | 13 | 4 | 13 | 13 |
| 1990 | 10 | 14 | 4 | 11 | 9 |
| 1992 | 12 | 15 | 5 | 8 | 6 |
| 1994 | 13 | 16 | 11 | 24 | 14 |
| 1996 | 11 | 16 | 16 | 39 | 23 |
| 1998 | 8 | 19 | 16 | 26 | 19 |
| 2000 | 11 | 22 | 15 | 12 | 15 |
| 2002 | 14 | 20 | 13 | 14 | 18 |
| 2004 | 12 | 18 | 10 | 16 | 20 |
| 2006 | 10 | 14 | 8 | 26 | 23 |
| 2008 | 9 | 10 | 6 | 36 | 25 |
| 2010 | 8 | 14 | 7 | 34 | 23 |
| 2012 | 14 | 18 | 7 | 31 | 20 |
| 2014 | 19 | 21 | 8 | 20 | 18 |
| 2016 | 20 | 24 | 9 | 9 | 15 |
| 2018 | 21 | 19 | 13 | 22 | 21 |
| 2020 | 24 | 14 | 17 | 34 | 27 |
| 2022 | 27 | 14 | 17 | 34 | 27 |
-------------------","Chart 1 - Type: Line Chart,
Description: This chart illustrates the Western European Elections Volatility, as measured by the Pedersen Index, across five countries: Denmark, Netherlands, Norway, France, and Italy. The data spans from 1948 to 2022, with each line representing a country's electoral volatility over time. The X-axis denotes the year, and the Y-axis indicates the Pedersen Index value, ranging from 0 to 40.
Mark: Circle,
Background: Light gray with a subtle patterned texture,
Gridlines: Solid, Light Gray,
Data Colors: Blue, Orange, Green, Yellow, Red,
-------------------"
Syem,348,TLDR News Global,Why Breaking China's Rare Earth Monopoly is Surprisingly Difficult,,,1,To illustrate China’s dominant share of the world’s minable deposits,03:53,04:02,Bar Chart,,Suspense- Gradual Reveal,"China possesses almost 50% of the
world's minable deposits, more than
twice as many as second place Brazil and
about 20 times that of the US.",https://youtu.be/EaoHlVlHLWk,"Chart 1 - Horizontal Bar Chart
| Country    | Rare Earth Reserves (Million Metric Tonnes) |
| :--------- | :---------------------------------------- |
| China      | 44.5                                      |
| Brazil     | 21.5                                      |
| India      | 6.5                                       |
| Australia  | 5.0                                       |
| Russia     | 3.8                                       |
| Vietnam    | 2.8                                       |
| USA        | 1.8                                       |
| Greenland  | 1.2                                       |
| Tanzania   | 0.8                                       |
| S. Africa  | 0.7                                       |
| Canada     | 0.6                                       |
-------------------","Chart 1 - Type: Horizontal Bar Chart, 
Description: This chart displays the estimated rare earth reserves in million metric tonnes for various countries. China holds the largest reserves, followed by Brazil. The bars are ordered from the country with the most reserves to the least. The X-axis represents the quantity in million metric tonnes, and the Y-axis lists the countries. The source is indicated as USGS.
Mark: Horizontal bar, 
Background: Solid purple, 
Gridlines: Faint light grey, solid horizontal and vertical gridlines, 
Data Colors: ['white']
-------------------"
Syem,349,TLDR News Global,Why Breaking China's Rare Earth Monopoly is Surprisingly Difficult,,,2,"explains how the US shifted rare earth processing to China due to environmental concerns ",04:25,04:40,Area Chart,,"Suspense- Gradual Reveal, Emphasis-Pause, Emphasis- Fill color"," The US actually used to
dominate the global rare earth industry
in the 1970s. But while mining in the US
continued into the 2000s, the US began
offshoring the processing bit to China
in the late 1980s because Americans
didn't want to deal with the pollution.",https://youtu.be/EaoHlVlHLWk,"Chart 1 - Stacked Area Chart
| Year | OTHER | USA | CHINA | Total |
|---|---|---|---|---|
| 1950 | 1 | 1.5 | 0 | 2.5 |
| 1955 | 1 | 7 | 0 | 8 |
| 1960 | 1 | 6 | 0 | 7 |
| 1965 | 4 | 14 | 0 | 18 |
| 1970 | 5 | 13 | 0 | 18 |
| 1975 | 4 | 16 | 0 | 20 |
| 1980 | 12 | 15 | 0 | 27 |
| 1985 | 18 | 26 | 0 | 44 |
| 1990 | 10 | 18 | 32 | 60 |
| 1995 | 15 | 15 | 50 | 80 |
| 2000 | 10 | 10 | 65 | 85 |
-------------------","Chart 1 - Type: Stacked Area Chart,
Description: Global production of Rare Earth Oxides in Kilo-Tonnes (%) from 1950 to 2000. The chart displays the stacked contributions of 'OTHER', 'USA', and 'CHINA' to the total annual production. The Y-axis represents production in Kilo-Tonnes, and the X-axis represents the Year.,
Mark: Area fill,
Background: Light gray with a subtle grid texture,
Gridlines: Light gray, thin, solid lines,
Data Colors: Yellow (OTHER), Blue (USA), Red (CHINA), Black (Total Production line),
-------------------"
Syem,350,TLDR News Global,Is the US Economy Just One Big AI Bubble?,,,1,To highlight the massive projected spending by US companies on AI data centers in 2025 and beyond.,00:48,00:58,Bar Chart,,Suspense- Gradual Reveal,"In 2025, companies in the US are expected
to spend roughly $400 billion on data
centers for AI alone and hundreds of
billions more in the coming years.",https://youtu.be/Xl0xgXejAa8,"Chart 1 - Stacked Bar Chart
| Year | Alphabet | Amazon | Microsoft | Meta |
|---|---|---|---|---|
| 2015 | 10 | 10 | 5 | 5 |
| 2016 | 12 | 12 | 8 | 8 |
| 2017 | 15 | 15 | 10 | 10 |
| 2018 | 20 | 20 | 10 | 10 |
| 2019 | 25 | 25 | 15 | 15 |
| 2020 | 30 | 30 | 20 | 20 |
| 2021 | 35 | 35 | 25 | 25 |
| 2022 | 40 | 40 | 30 | 30 |
| 2023 | 50 | 50 | 35 | 35 |
| 2024 | 80 | 55 | 40 | 40 |
| 2025 | 95 | 110 | 60 | 70 |
| 2026 | 100 | 120 | 70 | 80 |
| 2027 | 105 | 140 | 80 | 90 |
| 2028 | 110 | 160 | 90 | 100 |
| 2029 | 115 | 175 | 100 | 110 |
| 2030 | 120 | 180 | 110 | 120 |
-------------------","Chart 1 - Type: Stacked Bar Chart, 
Description: This chart displays the capital expenditure of four major tech companies (Alphabet, Amazon, Microsoft, and Meta) in USD billions, from 2015 to 2030. The data for years 2025 through 2030 appear to be projections, indicated by a shaded background pattern on those bars.,
Mark: Rectangular bars, 
Background: Light grey with a subtle textured pattern. The projected data area (2025-2030) has a diagonal striped overlay., 
Gridlines: Solid white horizontal lines at major Y-axis increments; faint solid light grey vertical lines for each year., 
Data Colors: Blue (Alphabet), Yellow (Amazon), Red (Microsoft), Green (Meta), 
-------------------"
Syem,351,TLDR News,Are the Tories Quietly Making a Comeback?,,,1,To illustrate Reform UK’s lead in polling since January and the recent signs of a slight decline.,01:08,01:23,Line Chart,,"Suspense- Gradual Reveal, Emphasis-Annotation","Since January, Reform UK has been consistently out in first place, averaging around 29%. This gives them roughly a 10point lead.
However, in the past few weeks, their polling has started to decline slightly, and there's some evidence that they're near their polling ceiling,",https://youtu.be/-EwNmn6hxZY,"Chart 1 - Line Chart
| Date      | LAB | CON | REF | GRE | LIB |
| :-------- | --: | --: | --: | --: | --: |
| JUL. 2024 | 36  | 22  | 15  | 7   | 12  |
| OCT. 2024 | 30  | 25  | 19  | 8   | 13  |
| JAN. 2025 | 26  | 24  | 23  | 8   | 13  |
| APR. 2025 | 23  | 20  | 28  | 9   | 14  |
| JUL. 2025 | 21  | 18  | 30  | 10  | 13  |
| OCT. 2025 | 19  | 19  | 31  | 14  | 12  |
-------------------","Chart 1 - Type: Line Chart, 
Description: This chart displays the Westminster voting intention as an aggregate of all polls, tracking the percentage support for various political parties (LAB: Labour, CON: Conservative, REF: Reform UK, GRE: Green, LIB: Liberal Democrats) over time from July 2024 to October 2025. It illustrates trends in voter preference, showing Labour's decline, Conservative's fluctuation, and Reform UK's significant rise in support. An annotation highlights a 10-point difference between Reform UK and Labour in October 2025. The data is sourced from Wikipedia.,
Mark: Smooth Line, 
Background: Light Gray Textured, 
Gridlines: Solid Light Gray Horizontal, 
Data Colors: Red, Dark Blue, Light Blue, Green, Orange, 
-------------------"
Syem,352,TLDR News,Are the Tories Quietly Making a Comeback?,,,2,To reveal the current close polling between the Conservatives and Labour,01:27,01:41,Line Chart,,"Suspense- Gradual Reveal, Emphasis-Annotation","Behind reform, in second place
was Labor up until this week. According
to Wikipedia's poll aggregator, the
Conservatives are now averaging around
19% in the polls, and Labour are
averaging around 18%.",https://youtu.be/-EwNmn6hxZY,"Chart 1 - Line Chart
| Date      | LAB. (%) | CON. (%) | REF. (%) | GRE. (%) | LIB. (%) |
| :-------- | :------- | :------- | :------- | :------- | :------- |
| JUL. 2024 | 36       | 22       | 15.5     | 7.5      | 12       |
| OCT. 2024 | 30       | 25.5     | 18       | 8        | 12       |
| JAN. 2025 | 25       | 24.5     | 24       | 8.5      | 12.5     |
| APR. 2025 | 23       | 20       | 29       | 9        | 13.5     |
| JUL. 2025 | 21.5     | 18.5     | 30.5     | 9.5      | 14       |
| OCT. 2025 | 18       | 19       | 29.5     | 14       | 13       |
-------------------","Chart 1 - Type: Line Chart, 
Description: This line chart displays the Westminster voting intention, as an aggregate of all polls, for five political parties (Labour, Conservative, Reform UK, Green, and Liberal Democrats) over a period from July 2024 to October 2025. The Y-axis represents the percentage of voting intention, while the X-axis shows the progression of months and years.
Mark: Line, 
Background: Light grey with a subtle texture, 
Gridlines: Thin horizontal light grey lines, 
Data Colors: Red, Dark Blue, Teal, Green, Orange, 
-------------------"
Syem,353,TLDR News,Are the Tories Quietly Making a Comeback?,,,3,To show Badenoch's rising approval and the widening gap with Starmer since June.,03:39,04:06,Line Chart,,Emphasis-Annotation,"Perhaps this
explains why Badenoch has seen her personal
approval rating surge to minus5, the
highest she's pulled this year. This
puts her a mere four points behind
reform UK leader Nigel Farage and a huge
32 points ahead of Kier Starmmer. It's
also interesting to see that while both
Star and Bono's overall downward
trajectories were fairly parallel until
June, since then the gap has widened
with Bono holding steady while Starmmer
has continued falling",https://youtu.be/-EwNmn6hxZY,"Chart 1 - Line Chart
| X-Axis Label | BADENOCH. | STARMER | FARAGE |
|:-------------|----------:|--------:|-------:|
| JUL. 2024    | -5        | 5       | -15    |
| OCT. 2024    | -17       | -38     | -14    |
| JAN. 2025    | -1        | -28     | -12    |
| APR. 2025    | -27       | -43     | -10    |
| JUL. 2025    | -22       | -45     | -8     |
| OCT. 2025    | -15       | -47     | -11    |
-------------------","Chart 1 - Type: Line Chart,
Description: A line chart displaying the net approval rating of three party leaders (Badenoch, Starmer, and Farage) from July 2024 to October 2025. The X-axis represents time, and the Y-axis represents the net approval rating. The second image includes an additional red trendline overlayed on the 'Starmer' data series.
Mark: Line,
Background: Light grey with a subtle grainy texture,
Gridlines: Light grey, solid,
Data Colors: Blue, Red, Teal,
-------------------"
Syem,354,TLDR News,Are the Tories Quietly Making a Comeback?,,,4,To illustrate Badenoch's ranking and positive net satisfaction in the shadow cabinet.,04:11,04:21,Bar Chart,,Emphasis-Zoom in,"In the latest conservative home poll, Badenoch is the fifth most popular member of the
shadow cabinet with a net satisfaction
score of plus 19.4%.",https://youtu.be/-EwNmn6hxZY,"Chart 1 - Horizontal Bar Chart
| Name | Net Satisfaction Rating |
| :------------------ | :---------------------- |
| Robert Jenrick | +70.4 |
| Mel Stride | +41.5 |
| Chris Philip | +41.5 |
| Andrew Griffith | +23.9 |
| Kemi Badenoch | +19.4 |
| Claire Coutinho | +15.0 |
| James Cleverly | +14.7 |
| Laura Trott | +10.8 |
| Alex Burghart | +10.5 |
| James Cartlidge | +10.1 |
| Neil O'Brien | +9.0 |
| Andrew Bowie | +7.5 |
| Richard Fuller | +3.4 |
| Rebecca Harris | +3.1 |
| Nigel Huddleston | +2.7 |
| Lord True | +2.2 |
| Baroness Williams | +0.5 |
| Victoria Atkins | -1.4 |
| Priti Patel | -2.2 |
| Helen Whately | -2.6 |
| Mims Davies | -2.6 |
| Jesse Norman | -4.0 |
| Stuart Andrew | -5.3 |
| Julia Lopez | -13.3 |
| Richard Holden | -14.9 |
| Russell Findlay | +7.6 |
| Darren Millar | -4.3 |
-------------------","Chart 1 - Type: Horizontal Bar Chart, 
Description: A horizontal bar chart titled 'Shadow Cabinet League Table' displaying net satisfaction ratings for various individuals, likely members of the Shadow Cabinet and other political figures, based on a ConservativeHome survey. Positive satisfaction ratings are represented by blue bars extending to the right, while negative ratings are represented by magenta bars extending to the left. Each bar is explicitly labeled with its numeric net satisfaction rating. The individuals are listed on the Y-axis in the order presented in the chart, primarily by rating from highest positive to lowest negative, with two additional entries at the bottom.,
Mark: Rectangle (Bar), 
Background: Light grey with a faint diagonal grid pattern, 
Gridlines: Faint grey vertical lines, 
Data Colors: Blue, Magenta, 
-------------------"
Syem,355,TLDR News,Are the Tories Quietly Making a Comeback?,,,5,"To reveal how Labour’s perceived economic competence declined after the 2024 election, allowing the Conservatives to overtake them.",04:47,05:05,Line Chart,,Emphasis-draw an arrow,"As a result, from late 2022, Labour
consistently pulled top when the public
were asked which party they thought
would best handle the economy. However,
towards the end of 2024, after the UK
general election, voters became less
confident that Labor was the better
party on the economy and the
Conservatives overtook them.",https://youtu.be/-EwNmn6hxZY,"Chart 1 - Line Chart
| X-axis | Conservative | Labour | Liberal Democrat | Reform UK | Green Party | Other | Don't know | None |
|---|---|---|---|---|---|---|---|---|
| 2019.Q4 | 34 | 14 | 12 | 0 | 4 | 6 | 20 | 10 |
| 2020.Q1 | 33 | 17 | 6 | 0 | 3 | 5 | 29 | 8 |
| 2020.Q2 | 39 | 16 | 5 | 0 | 2 | 5 | 24 | 9 |
| 2020.Q3 | 46 | 18 | 4 | 0 | 3 | 6 | 27 | 7 |
| 2020.Q4 | 38 | 15 | 4 | 0 | 3 | 6 | 26 | 8 |
| 2021.Q1 | 37 | 20 | 5 | 0 | 4 | 6 | 29 | 10 |
| 2021.Q2 | 39 | 18 | 4 | 0 | 4 | 5 | 26 | 8 |
| 2021.Q3 | 36 | 16 | 5 | 0 | 3 | 5 | 27 | 10 |
| 2021.Q4 | 31 | 22 | 6 | 0 | 4 | 5 | 28 | 11 |
| 2022.Q1 | 30 | 24 | 5 | 0 | 3 | 5 | 27 | 12 |
| 2022.Q2 | 26 | 27 | 5 | 1 | 3 | 6 | 27 | 13 |
| 2022.Q3 | 24 | 32 | 6 | 2 | 3 | 6 | 28 | 10 |
| 2022.Q4 | 15 | 27 | 6 | 2 | 3 | 6 | 29 | 14 |
| 2023.Q1 | 22 | 27 | 6 | 2 | 4 | 6 | 25 | 15 |
| 2023.Q2 | 20 | 26 | 5 | 3 | 4 | 6 | 27 | 13 |
| 2023.Q3 | 23 | 28 | 4 | 3 | 4 | 5 | 26 | 14 |
| 2023.Q4 | 20 | 25 | 5 | 4 | 5 | 5 | 27 | 12 |
| 2024.Q1 | 21 | 27 | 6 | 5 | 5 | 5 | 25 | 13 |
| 2024.Q2 | 22 | 26 | 7 | 6 | 5 | 6 | 27 | 15 |
| 2024.Q3 | 18 | 20 | 6 | 8 | 5 | 6 | 29 | 17 |
| 2024.Q4 | 15 | 16 | 6 | 10 | 6 | 6 | 28 | 18 |
| 2025.Q1 | 12 | 12 | 7 | 12 | 6 | 5 | 29 | 19 |
| 2025.Q2 | 14 | 11 | 6 | 14 | 7 | 1 | 28 | 14 |
| 2025.Q3 | 20 | 12 | 6 | 12 | 7 | 1 | 28 | 14 |
| 2025.Q4 | 20 | 12 | 6 | 12 | 7 | 1 | 28 | 14 |
-------------------","Chart 1 - Type: Line Chart,
Description: A multi-line chart illustrating the percentage of public opinion on which political party or group would best handle the economy, based on YouGov data from late 2019 to late 2025. Each line represents a different political entity or sentiment: Conservative, Labour, Liberal Democrat, Reform UK, Green Party, Other, Don't know, and None. The chart shows dynamic shifts in public confidence over the years, with 'Don't know' consistently being a significant response. Notable trends include a decline in support for the 'Conservative' party and the emergence and growth of 'Reform UK' in the later period.
Mark: Line,
Background: Light grey, subtle textured pattern,
Gridlines: Solid, light grey,
Data Colors: Conservative: #4169E1 (Royal Blue), Labour: #DC143C (Crimson), Liberal Democrat: #FFD700 (Gold), Reform UK: #87CEEB (Sky Blue), Green Party: #228B22 (Forest Green), Other: #D3D3D3 (Light Grey), Don't know: #696969 (Dim Grey), None: #000000 (Black),
-------------------"
Syem,356,The Gravel Institute,How America Facilitated a Genocide in Bangladesh,,,1,"To highlight Bangladesh’s large population, ranking eighth in the world.",00:18,00:27,Bar Chart,,Emphasis-Zoom in,"but when it comes to population
bangladesh is the eighth largest country
in the world with 170 million people",https://youtu.be/eATr7e03N6w,"Chart 1 - Horizontal Bar Chart
| Country    | Population (billions) |
| :--------- | :-------------------- |
| China      | 1.42                  |
| India      | 1.38                  |
| USA        | 0.33                  |
| Indonesia  | 0.27                  |
| Pakistan   | 0.22                  |
| Brazil     | 0.21                  |
| Nigeria    | 0.20                  |
| Bangladesh | 0.17                  |
| Russia     | 0.14                  |
| Mexico     | 0.13                  |
-------------------","Chart 1 - Type: Horizontal Bar Chart,
Description: This horizontal bar chart displays the most populous countries in 2022, with data sourced from Statista. The bar for Bangladesh is highlighted in green to draw attention. The X-axis represents population in billions, and the Y-axis lists the countries. Population estimates are derived from visual approximation against the provided scale.
Mark: Horizontal Bars,
Background: Light beige/parchment with a subtle, faded text overlay watermark,
Gridlines: Solid, faint light gray vertical lines with a prominent solid red vertical line at the Y-axis origin (X=0).,
Data Colors: Light tan for most bars, light green for ""Bangladesh"".
-------------------"
Syem,357,The Gravel Institute,How China (Actually) Got Rich,,,1,To illustrate that Russia’s life expectancy in 2006 had not yet recovered to its 1986 Soviet-era level.,05:10,05:19,Line Chart,,"Emphasis-Highlight a range
"," In 2006, Russian  
life expectancy was still several years LOWER  than it had been in 1986, under the Soviet Union.",https://youtu.be/K_57-OOjoP8,"Chart 1 - Line Chart
| Year | U.S. Life Expectancy (years) | Russia Life Expectancy (years) |
|------|------------------------------|--------------------------------|
| 1973 | 64.9                         | 61.5                           |
| 1974 | 65.4                         | 61.4                           |
| 1975 | 65.8                         | 61.2                           |
| 1976 | 66.2                         | 61.0                           |
| 1977 | 66.5                         | 60.7                           |
| 1978 | 66.8                         | 60.5                           |
| 1979 | 67.2                         | 60.2                           |
| 1980 | 67.5                         | 60.4                           |
| 1981 | 67.8                         | 60.7                           |
| 1982 | 68.1                         | 61.0                           |
| 1983 | 68.4                         | 61.5                           |
| 1984 | 68.7                         | 62.0                           |
| 1985 | 69.0                         | 62.6                           |
| 1986 | 69.3                         | 63.2                           |
| 1987 | 69.6                         | 62.8                           |
| 1988 | 69.9                         | 62.2                           |
| 1989 | 70.1                         | 61.3                           |
| 1990 | 70.4                         | 60.5                           |
| 1991 | 70.6                         | 59.5                           |
| 1992 | 70.9                         | 58.5                           |
| 1993 | 71.1                         | 57.0                           |
| 1994 | 71.3                         | 56.0                           |
| 1995 | 71.5                         | 56.9                           |
| 1996 | 71.7                         | 57.8                           |
| 1997 | 71.9                         | 58.5                           |
| 1998 | 72.1                         | 59.0                           |
| 1999 | 72.3                         | 59.5                           |
| 2000 | 72.6                         | 59.0                           |
| 2001 | 72.8                         | 58.5                           |
| 2002 | 73.0                         | 58.0                           |
| 2003 | 73.3                         | 57.7                           |
| 2004 | 73.5                         | 58.0                           |
| 2005 | 73.8                         | 59.5                           |
| 2006 | 74.0                         | 60.0                           |
| 2007 | 74.3                         | 60.5                           |
| 2008 | 74.6                         | 61.0                           |
| 2009 | 74.9                         | 61.5                           |
| 2010 | 75.1                         | 62.0                           |
-------------------","Chart 1 - Type: Line Chart,
Description: This line chart displays the life expectancy in Russia and the United States from approximately 1973 to 2010. The U.S. life expectancy shows a consistent upward trend, starting around 65 years and reaching over 75 years by 2010. In contrast, Russia's life expectancy, which started around 61-62 years, experienced a sharp decline in the early to mid-1990s, hitting a low of about 56 years in 1994, before gradually recovering to around 62 years by 2010. The chart highlights the divergence and subsequent partial convergence of life expectancy trends between the two countries during this period.,
Mark: Line, with white circle data points for Russia at 1986 and 2005,
Background: Dark Indigo,
Gridlines: Thin Light Grey, Horizontal,
Data Colors: U.S. Line: Light Blue (#41C7F6), Russia Line: Orange (#F66D41), Russia Data Points: White (#FFFFFF)
-------------------"
Syem,360,The Gravel Institute,Why America Throws the Poor in Prison,,,1,To illustrate the dramatic rise in the US prison population from the late 1960s to the mid-2000s.,04:51,05:07,Line Chart,,Emphasis-Annotation,"In 1968, America's prison population was
was 102 per 100,000 people,
in line with other developed countries.
By 2005, it had risen  sevenfold, to 737 per 100,000 The highest in the world.",https://youtu.be/kHzLtjR_hdY,"Chart 1 - Line Chart
| Year | Prison Population Per 100,000 |
|:-----|:------------------------------|
| 1970 | 120                           |
| 1975 | 180                           |
| 1980 | 200                           |
| 1985 | 300                           |
| 1990 | 420                           |
| 1995 | 600                           |
| 2000 | 670                           |
| 2005 | 720                           |
-------------------","Chart 1 - Type: Line Chart,
Description: This line chart visualizes the prison population per 100,000 people from 1970 to 2005. It shows a significant increase in the prison population over this period, with annotations marking key legislative and policy events like ""Nixon Declares 'War on Drugs'"" (1971), ""Anti-Drug Abuse Act of 1986"", and ""Three-Strikes Laws"" (1994), which coincide with periods of sharp growth. The chart suggests a correlation between these events and the rising incarceration rate.,
Mark: Line (connected data points),
Background: Dark gradient with orange and brown tones, resembling a metallic, grid-like structure (prison bars) in the foreground,
Gridlines: Solid, translucent horizontal bars (dark brown/blue) and implied vertical lines forming a grid,
Data Colors: Orange,
-------------------"
Syem,361,Kurzgesagt – In a Nutshell,The Coronavirus Explained & What You Should Do,,,1,To explain how the initial spread pattern of a pandemic influences how it eventually ends.,07:45,07:57,Area Chart,,"Comparison-Detach, Emphasis- Fill color","The question of how pandemics end, depends on how they start; if they start fast with a steep slope, they end badly. If they start slow, with a not-so-steep slope, they end okay-ish.",https://youtu.be/BtN-goy9VOY,"Chart 1 - Line Chart
| Time | Fast Spread Infections | Slow Spread Infections | Healthcare Capacity |
|---|---|---|---|
| 0 | 0 | 0 | 40 |
| 1 | 5 | 0 | 40 |
| 2 | 40 | 2 | 40 |
| 3 | 95 | 10 | 40 |
| 4 | 60 | 25 | 40 |
| 5 | 20 | 38 | 40 |
| 6 | 5 | 30 | 40 |
| 7 | 1 | 15 | 40 |
| 8 | 0 | 5 | 40 |
| 9 | 0 | 1 | 40 |
| 10 | 0 | 0 | 40 |
-------------------","Chart 1 - Type: Line Chart, 
Description: This chart illustrates the concept of ""flattening the curve"" by comparing two hypothetical scenarios of infection spread (""Fast Spread"" and ""Slow Spread"") over time against the ""Capacity of Healthcare System."" The ""Fast Spread"" scenario shows a high peak of infections that significantly exceeds healthcare capacity, leading to potential overwhelm, while the ""Slow Spread"" scenario shows a lower, broader peak that generally remains below or at the healthcare capacity line, suggesting a manageable impact on the system.
Mark: Filled Area (for Fast Spread and Slow Spread curves), Line (for Healthcare Capacity), 
Background: Solid, Dark Blue (#282855), 
Gridlines: None, 
Data Colors: Fast Spread: #E70054, Slow Spread: #00CC66, Healthcare Capacity: #A080C0, 
-------------------"
Syem,363,Kurzgesagt – In a Nutshell,Overpopulation & Africa,,,2,Illustrates the decline in fertility rates among Bangladeshi women over time.,03:07,03:16,Area Chart,,"Emphasis- Fill color, Emphasis-Annotation","In 1960, the average Bangladeshi women had 7 kids. In 1995, 4, and, in 2019, it was down to 2.",https://youtu.be/NMo3nZHVrZ4,"Chart 1 - Area Chart
| Year | Births Per Woman |
| :--- | :--------------- |
| 1960 | 7                |
| 1975 | 6.8              |
| 1990 | 4                |
| 2005 | 2.7              |
| 2019 | 2                |
-------------------","Chart 1 - Type: Area Chart, 
Description: This chart illustrates the trend of ""Births Per Woman"" from 1960 to 2019, showing a significant decline over this period. The filled area under the curve is color-coded, transitioning from red to orange to yellow as the value decreases over time, visually emphasizing the reduction. Key data points (1960, 1990, 2019) are explicitly annotated with their respective values. The data sources are Worldbank (2017) and Worldometer (2019).,
Mark: The data points are represented by a continuous filled area, with specific key points (1960, 1990, 2019) explicitly annotated with circular, dark purple markers containing the numeric Y-value., 
Background: Solid purple (#5E10E5), 
Gridlines: Horizontal, dashed light purple lines, 
Data Colors: Red (#E52D53), Orange (#FF9900), Yellow (#FFD433) (color gradient/segmentation), 
-------------------"
Syem,364,Kurzgesagt – In a Nutshell,The Solar System -- our home in space,,,1,illustrates how little mass the asteroid and Kuiper belts contain compared to the Moon and Earth.,05:44,05:57,Bar Chart,,Comparison-Shrink,"the asteroid belt has a little less than 4% of our Moon’s mass, and
the Kuiper belt is only between one 25th and one 10th of Earth’s mass.",https://youtu.be/KsF_hdjWJjo,"Chart 1 - Column Chart
| Category | Value |
| :------- | :---- |
| AB       | 1.25  |
| MOON     | 5     |
| KUIPER BELT | 25    |
| EARTH    | 100   |
-------------------","Chart 1 - Type: Column Chart,
Description: A column chart illustrating the estimated relative sizes or magnitudes of four celestial bodies/objects: AB, Moon, Kuiper Belt, and Earth. The chart's data is compiled from a progressive series of pairwise comparisons shown across three images, establishing a common scale where Earth is the largest with a value of 100. Each subsequent entity (Kuiper Belt, Moon, AB) is scaled relative to its visually presented proportion in the comparison series.,
Mark: Solid rectangular bars,
Background: Light grey gradient from top to bottom, approximately from #F2F2F2 to #EAEAEA, with a subtle darker border effect. The label background at the bottom is a dark grey (#333333).,
Gridlines: None,
Data Colors: #575757, #B0B0B0, #CADFE6, #3E83C1,
-------------------"
Syem,365,Kurzgesagt – In a Nutshell,3 Reasons Why Nuclear Energy Is Awesome! 3/3,,,1,"To highlight the rapid growth in global energy demand, especially driven by China.",01:46,01:58,Area Chart,,"Emphasis- Fill color, Emphasis-Pause, Emphasis-Annotation","Humanity’s energy consumption is rising steadily. According to US government projections, China alone will add the equivalent of a new 600-MW coal plant every 10 days for the next 10 years.
",https://youtu.be/pVbLlnmxIbY,"Chart 1 - Stacked Area Chart
| Year | USA | CHINA |
|---|---|---|
| 2000 | 600 | 0 |
| 2010 | 620 | 380 |
| 2020 | 500 | 1200 |
| 2030 | 480 | 1470 |
| 2040 | 480 | 1520 |
-------------------","Chart 1 - Type: Stacked Area Chart,
Description: This stacked area chart illustrates the projected number of 600-MW power plant equivalents for USA and China over time, spanning from 2000 to 2040. The chart shows USA's contribution as the base layer, with China's contribution stacked on top. The overall trend indicates a relatively stable or slight decline in coal plants for the USA, while China's coal plant equivalents are projected to increase significantly over the period, becoming the dominant share by 2020 and beyond.,
Mark: Area,
Background: Solid light grey/beige (#E6E3DF),
Gridlines: Light grey horizontal dashed lines (at 500, 1000, 1500, 2000) with labels on the right Y-axis,
Data Colors: #225791 (USA), #E55B39 (CHINA),
-------------------"
Syem,367,Economics Explained,A Short Story About Why You Cannot Buy A House,,,1,To highlight the growing gap between wage growth and housing costs in the US.,06:57,07:06,Area Chart,,"Emphasis - Highlight a range, Draw an arrow","In the US, median real wages have risen only around 10% in
the last 20 years, while home prices have doubled, tripled or even quadrupled in the same period.",https://youtu.be/xpEBcSE9Ipc,"Chart 1 - Area Chart
| Year | Median Sales Price (K USD) | Median Household Income (K USD) | Price-to-Income Ratio |
| :--- | :------------------------- | :------------------------------ | :-------------------- |
| 1985 | 78.2                       | 22.4                            | 3.49                  |
| 1986 | 82.0                       | 23.0                            | 3.57                  |
| 1987 | 88.0                       | 24.0                            | 3.67                  |
| 1988 | 95.0                       | 25.0                            | 3.80                  |
| 1989 | 102.0                      | 26.0                            | 3.92                  |
| 1990 | 105.0                      | 26.5                            | 3.96                  |
| 1991 | 108.0                      | 27.0                            | 4.00                  |
| 1992 | 110.0                      | 27.5                            | 4.00                  |
| 1993 | 115.0                      | 28.0                            | 4.11                  |
| 1994 | 118.0                      | 29.0                            | 4.07                  |
| 1995 | 120.0                      | 30.0                            | 4.00                  |
| 1996 | 125.0                      | 31.0                            | 4.03                  |
| 1997 | 135.0                      | 32.0                            | 4.22                  |
| 1998 | 145.0                      | 34.0                            | 4.26                  |
| 1999 | 160.0                      | 36.0                            | 4.44                  |
| 2000 | 180.0                      | 38.0                            | 4.74                  |
| 2001 | 195.0                      | 39.0                            | 5.00                  |
| 2002 | 210.0                      | 40.0                            | 5.25                  |
| 2003 | 230.0                      | 41.0                            | 5.61                  |
| 2004 | 255.0                      | 42.0                            | 6.07                  |
| 2005 | 275.0                      | 43.0                            | 6.40                  |
| 2006 | 260.0                      | 44.0                            | 5.91                  |
| 2007 | 245.0                      | 44.5                            | 5.51                  |
| 2008 | 215.0                      | 45.0                            | 4.78                  |
| 2009 | 200.0                      | 45.5                            | 4.40                  |
| 2010 | 205.0                      | 46.0                            | 4.46                  |
| 2011 | 198.0                      | 46.5                            | 4.26                  |
| 2012 | 205.0                      | 47.0                            | 4.36                  |
| 2013 | 230.0                      | 47.5                            | 4.84                  |
| 2014 | 250.0                      | 48.0                            | 5.21                  |
| 2015 | 270.0                      | 50.0                            | 5.40                  |
| 2016 | 285.0                      | 52.0                            | 5.48                  |
| 2017 | 305.0                      | 55.0                            | 5.55                  |
| 2018 | 320.0                      | 58.0                            | 5.52                  |
| 2019 | 335.0                      | 61.0                            | 5.49                  |
| 2020 | 360.0                      | 64.0                            | 5.63                  |
| 2021 | 400.0                      | 68.0                            | 5.88                  |
| 2022 | 433.1                      | 74.6                            | 5.81                  |
-------------------","Chart 1 - Type: Area Chart,
Description: A time series area chart displaying the U.S. House Price-to-Income Ratio from 1985 to approximately 2022. It illustrates two main data series: Median Sales Price (blue line with blue fill) and Median Household Income (green line with green fill), both measured in thousands of USD. The Price-to-Income Ratio, derived from these two series, is implicitly shown with annotations at the start (3.5 in 1985) and end (5.8 in 2022).,
Mark: Line (for the trend), Area (for the filled regions), Point (for annotations),
Background: Dark gradient with a subtle global map and cloud-like textures in shades of brown/black/orange,
Gridlines: Dashed, light gray/white,
Data Colors: Blue (Median Sales Price), Green (Median Household Income), Yellow (Price-to-Income Ratio annotations and connecting lines),
-------------------"
Syem,368,Economics Explained,A Short Story About Why You Cannot Buy A House,,,2,illustrates how housing costs in major cities have become unaffordable for many renters.,08:57,09:07,Pie Chart,,"Suspense- Gradual Reveal, Emphasis-Annotation","In cities like Los Angeles, Sydney and New York, a large share of renters now spend about 30 to 35% of their income just keeping a roof over their heads, right above the threshold economists unaffordable.",https://youtu.be/xpEBcSE9Ipc,"Chart 1 - Donut Chart
| City | Category | Percentage |
| :----------- | :---------- | :--------- |
| Los Angeles | Rent | 35% |
| Los Angeles | Other income | 65% |
| Sydney | Rent | 30% |
| Sydney | Other income | 70% |
| New York | Rent | 33% |
| New York | Other income | 67% |
-------------------","Chart 1 - Type: Donut Chart,
Description: This chart illustrates the share of income spent on rent compared to other income for three major cities: Los Angeles, Sydney, and New York. Each city has a separate donut chart displaying the two categories. The data is sourced from USAFacts, Rental Affordability Index, and SGS Economics & Planning for 2024.,
Mark: Donut segments,
Background: Dark, abstract, textured background with subtle light effects.,
Gridlines: None,
Data Colors: ['#FFD700', '#87CEEB'],
-------------------"
Syem,369,Economics Explained,Why Trillions of Foreign Aid Hasn’t Solved Poverty,,,1,To reveal how little USAID funding reaches local frontline organizations compared to US-based contractors.,11:48,11:58,Pie Chart,,Emphasis-Annotation,"In 2024, just 12% of funds distributed by USAID went directly to local
frontline development organisations. The majority of its funding went to just a handful of major industries based in the United States.",https://youtu.be/cFRTviAVthU,"Chart 1 - Pie Chart
| Category | Percentage |
| :------------------------------- | :--------- |
| International groups | 87.4 |
| Local organisations and governments | 12.1 |
| Regional organisations | 0.5 |
-------------------","Chart 1 - Type: Pie Chart,
Description: This chart shows the direct funding destination from USAID, broken down into three categories: International groups, Local organisations and governments, and Regional organisations, as percentages of the total funding.
Mark: Slices,
Background: Blurred background depicting a person's arm on the left and a general outdoor/construction scene on the right, overlaid with a dark, desaturated filter.
Gridlines: None,
Data Colors: #2e7c98 (Blue/Teal), #f9e075 (Yellow), #b8603c (Brown/Orange),
-------------------"
Syem,370,Economics Explained,Stagflation,,,1,shows whether current economic concerns are overstated given improvements in inflation and unemployment since their peaks.,03:41,04:00,Area Chart,,Emphasis-Annotation,"Inflation is above the arbitrary 2% target, but it's down considerably from its pandemic peak,
and likewise, reported unemployment is up from last year, but by historic standards, it's actually pretty good. So, if inflation and unemployment are both down considerably from where they were, say, four years ago, is this just another case of economists predicting 20 out of the last three economic disasters",https://youtu.be/YaC_PNKu_Cg,"Chart 1 - Multi-Line Chart
| Year | Unemployment Rate (%) | Inflation (%) |
|---|---|---|
| 1995 | 5.6 | 3.0 |
| 1996 | 5.3 | 3.2 |
| 1997 | 4.8 | 2.8 |
| 1998 | 4.5 | 1.8 |
| 1999 | 4.2 | 2.2 |
| 2000 | 4.0 | 3.4 |
| 2001 | 4.7 | 2.8 |
| 2002 | 5.8 | 1.5 |
| 2003 | 6.0 | 2.0 |
| 2004 | 5.5 | 3.0 |
| 2005 | 5.0 | 3.4 |
| 2006 | 4.7 | 3.2 |
| 2007 | 5.0 | 2.8 |
| 2008 | 7.0 | 3.8 |
| 2009 | 9.3 | -0.2 |
| 2010 | 9.8 | 1.5 |
| 2011 | 9.0 | 3.0 |
| 2012 | 8.0 | 2.0 |
| 2013 | 7.3 | 1.5 |
| 2014 | 6.2 | 1.8 |
| 2015 | 5.3 | 0.5 |
| 2016 | 4.8 | 1.0 |
| 2017 | 4.2 | 2.0 |
| 2018 | 3.8 | 2.5 |
| 2019 | 3.6 | 1.8 |
| 2020 | 14.8 | 1.0 |
| 2021 | 6.0 | 5.0 |
| 2022 | 3.8 | 8.0 |
| 2023 | 3.5 | 4.0 |
| 2024 | 4.3 | 3.2 |
| 2025 | 4.0 | 2.9 |
-------------------","Chart 1 - Type: Multi-Line Chart,
Description: A dual-axis line chart illustrating the historical and projected trends for the United States Inflation and Unemployment Rate from 1995 to 2025. Notable peaks for Unemployment (14.8% in 2020) and Inflation (8.0% in 2022) are highlighted, along with projected values for 2024 (Unemployment: 4.3%) and 2025 (Inflation: 2.9%).,
Mark: Line, Area,
Background: Dark grey with a translucent overlay of the U.S. flag map,
Gridlines: Light grey dashed vertical lines, Light grey solid horizontal lines,
Data Colors: Unemployment Rate: Blue, Inflation: Yellow,
-------------------"
Syem,371,Economics Explained,The 2024 Nobel Prize in Economics: Explained,,,1,"To show that indigenous populations still face economic gaps despite national prosperity.
",11:05,11:21,Area Chart,,Emphasis-Annotation,"now it's important to recognize
that just because the Nations that
formed in these regions are more
prosperous in the modern day doesn't
necessarily mean that the indigenous
population fared that much better and
tragically there is of course still a
divide between these groups within these
economies just like there's a gap
between these economies",https://youtu.be/P60TX-dwd4s,"Chart 1 - Area Chart
| Quintile          | 2004 | 2008 | 2012 | 2015 |
| :---------------- | ---- | ---- | ---- | ---- |
| Highest Quintile  | 4.5  | 5.0  | 6.0  | 7.5  |
| 4th Quintile      | 5.5  | 5.5  | 5.5  | 6.5  |
| 3rd Quintile      | 6.0  | 4.5  | 4.5  | 5.5  |
| 2nd Quintile      | 9.0  | 8.0  | 9.0  | 9.5  |
| Lowest Quintile   | 15.0 | 25.0 | 15.5 | 6.0  |
-------------------","Chart 1 - Type: Area Chart, 
Description: This chart displays the income distribution of Indigenous Australians by quintile from 2004 to 2015. Each colored area represents the percentage share of total income held by a specific quintile, stacked over time. The sum of the quintile percentages does not reach 100%, indicating it might represent a portion of total income or is a non-standard distribution representation.
Mark: Stacked Area, 
Background: Dark blue-grey with a faint world map overlay pattern, 
Gridlines: No horizontal gridlines visible across the chart area; thin vertical yellow lines align with X-axis labels (2004, 2008, 2012, 2015), 
Data Colors: Yellow (Highest Quintile), Teal (4th Quintile), Red (3rd Quintile), Blue (2nd Quintile), Purple (Lowest Quintile), 
-------------------"
Syem,372,Economics Explained,Why do We Still Need to Work?,,,1,To illustrate that annual work hours have barely declined since 1980 in countries like the US and UK.,03:09,03:22,Area Chart,,Cohering - Navigate,"Plus if we look closer we can actually see a concerning pattern. Most of the reduction in working hours actually occurred ages ago. In the middle of the 20th century from 1980 to now, annual work hours have barely budged in most of these countries, notably in the US and the UK.",https://youtu.be/6KXZP-Deel4,"Chart 1 - Area Chart
| Year | United States (h) | United Kingdom (h) | France (h) | Germany (h) |
|---|---|---|---|---|
| 1929 | 2200 | 2250 | 2100 | 2150 |
| 1940 | 1700 | 2050 | 2000 | 2400 |
| 1950 | 2400 | 2200 | 2100 | 2200 |
| 1960 | 2150 | 2100 | 2050 | 2100 |
| 1970 | 1900 | 1950 | 1900 | 1800 |
| 1980 | 1800 | 1780 | 1750 | 1700 |
| 1990 | 1800 | 1720 | 1650 | 1580 |
| 2000 | 1830 | 1700 | 1550 | 1480 |
| 2010 | 1780 | 1680 | 1500 | 1400 |
| 2017 | 1790 | 1660 | 1480 | 1380 |
-------------------","Chart 1 - Type: Area Chart,
Description: This chart illustrates the trend of average annual working hours per worker across four major economies: the United States, United Kingdom, France, and Germany, spanning from 1929 to 2017. It shows significant fluctuations, particularly during mid-century, and a general decline in working hours for all countries towards the end of the period, with Germany consistently having the lowest annual working hours in recent decades. The two provided images were merged to create a single coherent dataset, with the second image providing a more detailed view of the later years.
Mark: Line with shaded area below,
Background: Dark with faded world map overlay,
Gridlines: Solid, Light Gray,
Data Colors: Light Blue (United States), Gold (United Kingdom), Orange (France), Teal (Germany),
-------------------"
Syem,375,Economics Explained,Can Tariffs Actually Work?,,,1,"Shows how the 2018-2019 tariffs acted as a major indirect tax increase on Americans.
",07:38,07:48,Bar Chart,,Emphasis-Annotation,In total the 2018-2019 tariffs imposed around $80 billion worth of indirect taxes on Americans which amounted to one of the largest tax increases in decades.,https://youtu.be/URx6NtcQbtQ,"Chart 1 - Bar Chart
| Year | Customs Revenue (Billion USD) |
|------|-------------------------------|
| 2000 | 21                            |
| 2001 | 19                            |
| 2002 | 19                            |
| 2003 | 20                            |
| 2004 | 22                            |
| 2005 | 24                            |
| 2006 | 26                            |
| 2007 | 28                            |
| 2008 | 23                            |
| 2009 | 19                            |
| 2010 | 22                            |
| 2011 | 26                            |
| 2012 | 29                            |
| 2013 | 32                            |
| 2014 | 35                            |
| 2015 | 37                            |
| 2016 | 38                            |
| 2017 | 40                            |
| 2018 | 42                            |
| 2019 | 80                            |
-------------------","Chart 1 - Type: Bar Chart,
Description: This bar chart displays the United States Customs Revenue in billions of USD from 2000 to 2019, showing a general upward trend with notable dips in 2001, 2002, 2008, and 2009, and a significant surge in revenue in 2019.
Mark: Rectangle,
Background: Dark grey with a faint world map and US dollar bill watermark,
Gridlines: Dashed light grey horizontal lines; solid yellow baseline for the x-axis,
Data Colors: Gradient of dark blue/grey for years 2000-2018; light blue for 2019,
-------------------"
Syem,376,Economics Explained,Can Tariffs Actually Work?,,,2,To show that tariffs raised revenue but required offsetting spending on farmers.,09:56,10:14,Bar Chart,,"Emphasis-Annotation, Emphasis- Draw an arrow","$61 billion was spent on supporting US farmers who were impacted by Chinese tariffs from
2018 to 2020 which almost entirely cancelled out the additional $66 billion the US government
collected on tariffs imposed on China.
So tariffs certainly generate additional revenue but through retaliation they create the need
for more fiscal spending elsewhere",https://youtu.be/URx6NtcQbtQ,"Chart 1 - Bar Chart
| Category                                          | Sub-Category                             | Value (Billion USD) |
|:--------------------------------------------------|:-----------------------------------------|:--------------------|
| Government Revenue From Trump's Tariffs on Chinese Imports | Total tariff revenue from 2018-2020      | 63                  |
| Relief Payments to U.S. Farmers (Authorized)      | Relief payments authorized in 2018, 2019 | 30                  |
| Relief Payments to U.S. Farmers (Authorized)      | Relief payments authorized in 2020       | 30                  |
-------------------","Chart 1 - Type: Bar Chart,
Description: A grouped bar chart comparing the total tariff revenue generated from Chinese imports between 2018-2020 with the total authorized relief payments to U.S. farmers, broken down into payments authorized in 2018-2019 and 2020. An arrow visually links the revenue to the payments. The y-axis represents values in billions of USD.
Mark: Rectangular bars,
Background: Blurred industrial scene with a faded world map overlay, dark background,
Gridlines: Dashed, light gray, horizontal lines,
Data Colors: Gold (for tariff revenue), Blue (for relief payments),
-------------------"
Syem,377,Economics Explained,How a New Type of Immigration Is Radically Changing Portugal’s Economy,,,1,To illustrate the widespread global acceptance of remote work across regions.,02:58,03:11,Bar Chart,,Emphasis-Annotation,"On average, graduates across all of Europe, the Americas and Asia now spend 1.1 days per week working from home. Whilst this might not seem like much at face value, the lack of wild variation between countries demonstrates just how widespread and accepted remote working has become on a global scale",https://youtu.be/GY7HTeTWleY,"Chart 1 - Horizontal Bar Chart
| Region/Country | Days Worked From Home |
| :------------- | :-------------------- |
| Average        | 1.1                   |
| Australia      | 1.7                   |
| Canada         | 2.0                   |
| New Zealand    | 1.2                   |
| UK             | 1.8                   |
| USA            | 1.8                   |
| Austria        | 1.2                   |
| Czech Rep.     | 1.0                   |
| Denmark        | 0.8                   |
| Finland        | 1.4                   |
| France         | 0.9                   |
| Germany        | 1.5                   |
| Greece         | 0.6                   |
| Hungary        | 1.2                   |
| Italy          | 1.2                   |
| Norway         | 1.2                   |
| Netherlands    | 0.9                   |
| Poland         | 1.1                   |
| Portugal       | 1.0                   |
| Spain          | 1.2                   |
| Sweden         | 1.2                   |
| Türkiye        | 0.8                   |
| Argentina      | 1.2                   |
| Brazil         | 1.1                   |
| Chile          | 1.2                   |
| Mexico         | 1.2                   |
| China          | 0.9                   |
| Japan          | 0.7                   |
| Malaysia       | 1.0                   |
| Singapore      | 1.1                   |
| South Korea    | 0.5                   |
| Taiwan         | 0.6                   |
-------------------","Chart 1 - Type: Horizontal Bar Chart, 
Description: This chart displays the average number of paid full days worked from home per week across various countries, categorized by broader regions: English Speaking, Europe, Latin America, and Asia. An overall average is also provided. The data spans April-May 2023.,
Mark: Horizontal bars, 
Background: Dark blue/grey gradient with a subtle, faint world map overlay and light blue/purple radial glow in some areas., 
Gridlines: Faint vertical dashed white/light grey lines, 
Data Colors: Purple (Average), Maroon/Red gradient (English Speaking countries), Teal/Blue gradient (European countries), Orange gradient (Latin American countries), Green gradient (Asian countries), 
-------------------"
Syem,378,Economics Explained,How a New Type of Immigration Is Radically Changing Portugal’s Economy,,,2,highlights the strong financial advantages of living in Lisbon compared to London and New York.,05:27,05:35,Bar Chart,,"Emphasis-Annotation, Emphasis-Pause","And with the cost of living being 44% lower in Lisbon compared to London and 58% lower compared to New York, the financial benefits are clear",https://youtu.be/GY7HTeTWleY,"Chart 1 - Bar Chart
| City | Cost of Living Index |
|---|---|
| Delhi | 22 |
| Beijing | 35 |
| Prague | 50 |
| Prague | 67 |
| Berlin | 75 |
| London | 87 |
| Lisbon | 49 |
| New York | 105 |
-------------------","Chart 1 - Type: Bar Chart,
Description: A bar chart displaying the Cost of Living Index for several global cities, generally sorted by increasing index value. Delhi has the lowest index, while New York has the highest, extending above the 100 mark. Lisbon is visually highlighted in a distinct gold/yellow color. Percentage annotations (-44% for Lisbon and -58% for New York) are present, likely indicating a comparison to an unspecified baseline or another index. The chart includes two distinct bars labeled ""Prague"" with different index values, suggesting different data points for the city.
Mark: Gradient filled rectangular bars,
Background: Dark, blurred cityscape with a faint world map overlay,
Gridlines: Dashed white,
Data Colors: Blue gradient, Gold/Yellow gradient,
-------------------"
Syem,379,Economics Explained,How a New Type of Immigration Is Radically Changing Portugal’s Economy,,,3,To illustrate how rapidly Portugal’s house price-to-income ratio has risen compared to most other countries.,06:46,06:56,Bar Chart,,Emphasis- Fill color,"In fact, as a country more generally, Portugal's house price to income ratio has risen at one of the fastest paces in the world since 2015, beaten only by New Zealand and the Czech Republic in this sample of nations.",https://youtu.be/GY7HTeTWleY,"Chart 1 - Horizontal Bar Chart
| Country          | House Price-To-Income Ratio (Index) |
| :--------------- | :---------------------------------- |
| Czech Republic   | 148                                 |
| New Zealand      | 143                                 |
| Portugal         | 139                                 |
| Netherlands      | 133                                 |
| Luxembourg       | 130                                 |
| Iceland          | 129                                 |
| Germany          | 127                                 |
| Canada           | 124                                 |
| Hungary          | 120                                 |
| Slovak Republic  | 118                                 |
| Austria          | 112                                 |
| United States    | 108                                 |
-------------------","Chart 1 - Type: Horizontal Bar Chart, 
Description: This chart illustrates the House Price-To-Income Ratio Around the World for twelve different countries. The ratio is presented as an index where 2015=100, based on data from 2021:Q4 or the latest available index. Countries are listed on the vertical axis, and their corresponding index values are shown on the horizontal axis. Portugal's bar is highlighted in blue. The overall trend shows significant variation in housing affordability relative to income across these nations. ,
Mark: Horizontal bars, 
Background: Dark brown-black gradient with a subtle, translucent overlay of a world map and abstract building outlines., 
Gridlines: Vertical, light yellow-grey, solid lines., 
Data Colors: Yellow, Light Blue, 
-------------------"
Syem,380,Economics Explained,How a New Type of Immigration Is Radically Changing Portugal’s Economy,,,4,"To highlight the rapid post-COVID shift toward digital employment, justifying greater investment in digital infrastructure.",08:06,08:21,Area Chart,," Suspense- Gradual Reveal, Emphasis - Highlight a range","Since COVID-19, non-digital employment has declined sharply, whilst digital employment surged at a rate noticeably larger than the rest of the Euro area. This increasingly digital labour force, alongside an increasingly well-educated population of young working age adults is warranting further investment into digital infrastructure.",https://youtu.be/GY7HTeTWleY,"Chart 1 - Line Chart
| Year-Quarter | Digital (Index) | Non-Digital (Index) |
|--------------|-----------------|---------------------|
| 2015 Q1      | 88              | 96                  |
| 2015 Q2      | 87              | 95                  |
| 2015 Q3      | 89              | 97                  |
| 2015 Q4      | 90              | 96                  |
| 2016 Q1      | 90              | 94                  |
| 2016 Q2      | 89              | 96                  |
| 2016 Q3      | 91              | 97                  |
| 2016 Q4      | 92              | 98                  |
| 2017 Q1      | 92              | 100                 |
| 2017 Q2      | 93              | 101                 |
| 2017 Q3      | 92              | 99                  |
| 2017 Q4      | 93              | 101                 |
| 2018 Q1      | 94              | 103                 |
| 2018 Q2      | 93              | 101                 |
| 2018 Q3      | 94              | 98                  |
| 2018 Q4      | 96              | 100                 |
| 2019 Q1      | 97              | 102                 |
| 2019 Q2      | 98              | 100                 |
| 2019 Q3      | 99              | 102                 |
| 2019 Q4      | 100             | 100                 |
| 2020 Q1      | 102             | 96                  |
| 2020 Q2      | 105             | 93                  |
| 2020 Q3      | 108             | 90                  |
| 2020 Q4      | 111             | 87                  |
| 2021 Q1      | 113             | 87                  |
| 2021 Q2      | 116             | 88                  |
| 2021 Q3      | 115             | 87                  |
| 2021 Q4      | 117             | 86                  |
| 2022 Q1      | 118             | 87                  |
| 2022 Q2      | 115             | 88                  |
| 2022 Q3      | 116             | 87                  |
| 2022 Q4      | 115             | 88                  |
-------------------","Chart 1 - Type: Line Chart,
Description: This line chart visualizes the indexed employment trends in Digital and Non-Digital sectors in Portugal from Q1 2015 to Q4 2022. The index is set to 100 for Q4 2019. The chart highlights a significant divergence in employment trends following the onset of the COVID-19 pandemic (marked around Q4 2019), with Digital employment experiencing substantial growth and Non-Digital employment showing a notable decline after 2019.
Mark: Line,
Background: Dark grey with a subtle world map overlay,
Gridlines: Solid, light golden/yellow,
Data Colors: Digital: Yellow (#F7D500), Non-Digital: Blue (#009BDD),
-------------------"
Syem,381,Economics Explained,China’s Debt Problem Is 300% Bigger Than America’s,,,1,highlights China’s debt is relatively low compared to major economies like the US and Japan.,00:53,01:05,Area Chart,,"Focalization-Tilt & pan, Emphasis-Annotation, Emphasis-Pause","China outwardly seems like the flip side of this
situation. It has its debts far more under control being just 84% of GDP compared to 123% in the USA or 250% in Japan. ",https://youtu.be/LygiZAFZ86Y,"Chart 1 - Line Chart with Shaded Areas
| Year | China (Percent of GDP) | U.S. (Percent of GDP) | Japan (Percent of GDP) |
|---|---|---|---|
| 1995 | 35 | 65 | 95 |
| 2000 | 40 | 60 | 135 |
| 2005 | 35 | 65 | 175 |
| 2010 | 40 | 95 | 205 |
| 2015 | 55 | 105 | 230 |
| 2020 | 75 | 125 | 245 |
| 2023 | 84 | 123 | 250 |
-------------------","Chart 1 - Type: Line Chart with Shaded Areas,
Description: This chart illustrates the general government debt as a percentage of GDP for three countries: China, the U.S., and Japan, over the period from 1995 to 2023. Each country's debt trend is represented by a distinct colored line with a corresponding shaded area below it, providing a visual representation of how debt levels have evolved relative to their GDP over time.
Mark: Lines (connecting data points) with shaded areas below them,
Background: Dark brownish-green with a subtle world map overlay,
Gridlines: Vertical and horizontal lines in a light yellow-brown color; vertical gridlines are present at 1995, 2000, 2005, 2010, 2015, 2020, 2023; horizontal gridlines are at 0%, 100%, 200%, and 300%,
Data Colors: China: Yellow, U.S.: Blue, Japan: Green,
-------------------"
Syem,382,Economics Explained,China’s Debt Problem Is 300% Bigger Than America’s,,,2,To illustrate how the US economy is far more dependent on household consumption than China and the global average.,11:29,11:45,Area Chart,,"Emphasis-Annotation, Emphasis-Pause","About 68% of the USA's GDP is accounted for with household consumption. Now Americans are extremely adept at being amazing consumers, so for comparison the global average is 56%. In China, household consumption only makes up 39% of GDP.",https://youtu.be/LygiZAFZ86Y,"Chart 1 - Line Chart
| Year | U.S. (% of GDP) | World (% of GDP) | China (% of GDP) |
|---|---|---|---|
| 1995 | 66.5 | 59.0 | 46.0 |
| 2000 | 66.0 | 60.0 | 45.0 |
| 2005 | 66.5 | 60.5 | 44.0 |
| 2010 | 67.0 | 58.5 | 35.5 |
| 2015 | 66.5 | 57.0 | 38.0 |
| 2020 | 66.0 | 55.5 | 40.0 |
| 2023 | 68.0 | 56.0 | 39.0 |
-------------------","Chart 1 - Type: Line Chart, 
Description: This line chart illustrates the ""Final Household Consumption (% of GDP)"" for the U.S., World, and China from 1995 to 2023. The U.S. consumption consistently remains the highest, generally staying above 66% with a slight increase to 68% in 2023. World consumption hovers between 55% and 60%, showing a slight decline after 2005 before stabilizing around 56%. China's consumption starts around 46%, experiences a significant dip around 2010 (reaching approximately 35.5%), and then recovers to 39% by 2023. Each line also features an area fill to emphasize the magnitude of consumption over time.
Mark: Circle (for labeled data points), Line (for trends), Area (filled under each line), 
Background: Dark blue to black gradient with a semi-transparent world map overlay, 
Gridlines: Vertical (solid, light grey), Horizontal (dashed, light grey), 
Data Colors: U.S.: Blue, World: Green, China: Red, 
-------------------"
Syem,383,Economics Explained,Is the Australian Economy Doomed?,,,1,To highlight how reliance on coal exports is becoming a growing economic risk due to declining demand and cleaner alternatives.,03:49,04:00,Area Chart,," Suspense- Gradual Reveal, Emphasis-Annotation","To make matters worse, our second largest goods export is coal, which is seeing stagnant consumption possibly due to its terrible environmental impacts, but largely simply because more competitive alternatives are becoming viable.",https://youtu.be/csaw0f8PKBE,"Chart 1 - Stacked Area Chart
| Year | Coal (TWh) | Wind/Solar (TWh) | Gas (TWh) | Other sources (TWh) | Total (TWh) |
|---|---|---|---|---|---|
| 2000 | 2700 | 600 | 2000 | 3900 | 9200 |
| 2005 | 2900 | 500 | 2300 | 3800 | 9500 |
| 2010 | 2800 | 700 | 2700 | 3900 | 10100 |
| 2015 | 2200 | 1600 | 2600 | 3300 | 9700 |
| 2020 | 1700 | 2500 | 2500 | 3000 | 9700 |
| 2023 | 1300 | 3300 | 2600 | 2300 | 9500 |
-------------------","Chart 1 - Type: Stacked Area Chart,
Description: This stacked area chart illustrates the electricity generation by source in OECD countries from 2000 to 2023. The chart presents the contribution of Coal, Wind/Solar, Gas, and Other sources to the total electricity generation, measured in Terawatt-hours (TWh). Key annotations highlight that coal generation has fallen by 52% since 2007, and Wind/Solar has displaced 87% of coal's decline.,
Mark: Area,
Background: Dark gray with a faint world map outline,
Gridlines: Solid light gray for both horizontal (0, 2500, 5000, 7500, 10000 TWh) and vertical (corresponding to years) axes,
Data Colors: #4A9CBA (Coal - Teal), #6AC259 (Wind/Solar - Green), #E6C24F (Gas - Golden Yellow), #C07F56 (Other sources - Brownish Orange),
-------------------"
Syem,384,Economics Explained,Is the Australian Economy Doomed?,,,2,"To explain why tourism is counted as an export, as foreign spending brings money into Australia.",06:22,06:33,Bar Chart,,"Emphasis-Annotation, Emphasis-glow","The big one is tourism. When people come to Australia and spend money here, that technically gets counted as an export by economists because money is flowing from foreign countries into Australia just like it would for any other export.",https://youtu.be/csaw0f8PKBE,"Chart 1 - Stacked Bar Chart
| Year      | Transport (B) | Travel (B) | Other Services (B) | Total (B) |
| :-------- | :------------ | :--------- | :----------------- | :-------- |
| 2019-20   | 2             | 60         | 26                 | 88        |
| 2020-21   | 1             | 32         | 32                 | 65        |
| 2021-22   | 1             | 30         | 27                 | 58        |
| 2022-23   | 3             | 59         | 32                 | 94        |
| 2023-24   | 4             | 76         | 41                 | 121       |
-------------------","Chart 1 - Type: Stacked Bar Chart, 
Description: This stacked bar chart displays Australia's services exports from 2019-20 to 2023-24, broken down into three categories: Transport, Travel, and Other Services. The Y-axis represents billions of dollars, and the X-axis represents the financial years. The 2023-24 Travel export value is explicitly labeled as $76B. The chart illustrates a dip in exports during 2020-21 and 2021-22, likely due to global events, followed by a recovery and projected growth.
Mark: Rectangles, 
Background: Dark blue with a faded world map overlay, 
Gridlines: Dashed light grey horizontal lines, 
Data Colors: ['Purple', 'Light Blue', 'Brown/Orange'], 
-------------------"
Syem,385,Economics Explained,Is the Australian Economy Doomed?,,,3,"shows that while Australia’s government debt is low, household debt is alarmingly high due to housing costs.",08:17,08:31,Area Chart,,"Emphasis-Annotation, Emphasis-Pause","while government debt for Australia looks great compared to most global economies, debt owed by Australian individuals is at pretty alarming levels, and unfortunately for most Australians, it isn't because of some advanced financial strategy, it's just a necessity to get a home",https://youtu.be/csaw0f8PKBE,"Chart 1 - Stacked Area Chart
| Year | Government Debt (%) | Private Debt (%) |
|------|---------------------|------------------|
| 2000 | 25                  | 62               |
| 2004 | 8                   | 84               |
| 2008 | 12                  | 95               |
| 2012 | 10                  | 118              |
| 2016 | 17                  | 121              |
| 2020 | 32                  | 110              |
| 2023 | 38                  | 85               |
-------------------","Chart 1 - Type: Stacked Area Chart, 
Description: This chart illustrates Australia's total debt, broken down into Government Debt and Private Debt, as a percentage of Nominal GDP from 2000 to 2023. The yellow area represents Government Debt, while the blue area, stacked on top, represents the Private Debt, with the upper boundary of the blue area indicating the total debt (Government + Private).,
Mark: Filled Area, 
Background: Dark blue/grey gradient with a faint world map overlay and a blurred image of a building (likely the Australian Parliament House) in the background., 
Gridlines: Thin white, solid horizontal lines for Y-axis, and thin white, dotted vertical lines for X-axis., 
Data Colors: Government Debt: Golden yellow gradient; Private Debt: Light blue gradient., 
-------------------"
Syem,386,Economics Explained,Why Brazil Isn't a Superpower (but Should be!),,,1,"To show the extreme hyperinflation Brazil faced at the start of the 1990s.
",02:54,03:06,Line Chart,,"Emphasis-Annotation, Emphasis-Highlight a range
","The beginning of the 90s saw Brazil take on the serious obstacle of hyperinflation reaching 56% in January alone, 73% in February and 84% in March that first year.",https://youtu.be/PaHKRBGT_6A,"Chart 1 - Line Chart
| Year | Monthly Inflation Rate (%) |
|:-----|:-------------------------|
| 1970 | 0.5                      |
| 1972 | 1.0                      |
| 1974 | 2.0                      |
| 1976 | 3.0                      |
| 1978 | 4.0                      |
| 1980 | 6.0                      |
| 1982 | 8.0                      |
| 1984 | 12.0                     |
| 1986 | 20.0                     |
| 1987 | 35.0                     |
| 1988 | 25.0                     |
| 1988.75 | 56.0                     |
| 1989 | 30.0                     |
| 1989.5 | 40.0                     |
| 1990.25 | 84.0                     |
| 1990.75 | 35.0                     |
| 1991.5 | 65.0                     |
| 1992.25 | 73.0                     |
| 1992.75 | 25.0                     |
| 1993.25 | 45.0                     |
| 1993.75 | 10.0                     |
| 1994 | 5.0                      |
| 1995 | 2.0                      |
| 1996 | 1.0                      |
| 1997 | 0.5                      |
| 1998 | 1.0                      |
| 1999 | 2.0                      |
| 2000 | 1.5                      |
| 2001 | 1.0                      |
| 2002 | 2.5                      |
| 2003 | 1.0                      |
| 2004 | 0.5                      |
| 2005 | 0.2                      |
| 2006 | 0.1                      |
| 2007 | 0.2                      |
| 2008 | 0.1                      |
| 2009 | 0.1                      |
| 2010 | 0.05                     |
-------------------","Chart 1 - Type: Line Chart,
Description: A line chart depicting Brazil's monthly inflation rate from 1970 to 2010. The chart shows a period of relatively low inflation in the 1970s and early 1980s, followed by a severe hyperinflationary period from the late 1980s to the mid-1990s, with peaks reaching 84%, 73%, and 56%. After the mid-1990s, the inflation rate drops significantly and remains very low until 2010.
Mark: Line,
Background: Dark Grey with blurred world map and subtle cityscape overlay,
Gridlines: Dashed (horizontal) in Light Grey/White, Solid (vertical) in Light Yellow/Gold,
Data Colors: Light Blue
-------------------"
Syem,387,Economics Explained,Why Brazil Isn't a Superpower (but Should be!),,,2,To highlight how Brazil mitigated early 2000s economic shocks through raw material exports to China.,05:33,05:45,Area Chart,,"Emphasis-Annotation, Emphasis-Highlight a range
"," Brazil managed to insulate itself after the initial hit by relying on said export of raw materials primarily to China which had just initiated a colossal economic stimulus plan amounting to $586 billion.",https://youtu.be/PaHKRBGT_6A,"Chart 1 - Line Chart
| Year | Exports (Billion USD) |
|------|-----------------------|
| 2000.00 | 1.0 |
| 2000.25 | 2.0 |
| 2000.50 | 2.5 |
| 2000.75 | 1.5 |
| 2001.00 | 2.0 |
| 2001.25 | 3.0 |
| 2001.50 | 4.0 |
| 2001.75 | 3.5 |
| 2002.00 | 3.0 |
| 2002.25 | 4.0 |
| 2002.50 | 5.0 |
| 2002.75 | 4.5 |
| 2003.00 | 5.5 |
| 2003.25 | 5.0 |
| 2003.50 | 4.5 |
| 2003.75 | 6.0 |
| 2004.00 | 6.5 |
| 2004.25 | 7.5 |
| 2004.50 | 8.0 |
| 2004.75 | 9.0 |
| 2005.00 | 10.0 |
| 2005.25 | 9.5 |
| 2005.50 | 9.0 |
| 2005.75 | 10.5 |
| 2006.00 | 11.5 |
| 2006.25 | 12.5 |
| 2006.50 | 13.0 |
| 2006.75 | 12.0 |
| 2007.00 | 14.0 |
| 2007.25 | 15.0 |
| 2007.50 | 16.0 |
| 2007.75 | 18.0 |
| 2008.00 | 19.5 |
| 2008.25 | 20.0 |
| 2008.50 | 18.0 |
| 2008.75 | 13.0 |
| 2009.00 | 9.5 |
| 2009.25 | 10.0 |
| 2009.50 | 12.0 |
| 2009.75 | 13.5 |
| 2010.00 | 15.0 |
| 2010.25 | 17.0 |
| 2010.50 | 19.0 |
| 2010.75 | 18.0 |
| 2011.00 | 20.0 |
| 2011.25 | 22.0 |
| 2011.50 | 24.0 |
| 2011.75 | 22.0 |
| 2012.00 | 23.0 |
-------------------","Chart 1 - Type: Line Chart, 
Description: This line chart displays Brazil's export values in billions of USD from 2000 to 2012, showing a generally upward trend with a notable peak of $20B in mid-2008, followed by a sharp decline to $9.5B by early 2009, and a subsequent recovery reaching new highs by 2012. The period around the 2008 peak and subsequent trough is highlighted with green and red vertical bands.
Mark: Line with filled area, 
Background: Dark, blurred image of a warehouse interior with a faint world map overlay, 
Gridlines: Horizontal dashed light grey lines, vertical thin yellow lines at 2000, 2004, 2008, 2012. Vertical shaded bands (green for peak, red for trough) highlight the 2008-2009 period., 
Data Colors: Yellow (line and filled area), Green (vertical band), Red (vertical band), 
-------------------"
Syem,388,Economics Explained,Why Brazil Isn't a Superpower (but Should be!),,,3,To show Brazil’s brief GDP decline during the 2008-2009 crisis followed by a quick recovery.,06:10,06:20,Area Chart,,"Emphasis-Annotation, Emphasis-Highlight a range
",In fact its GDP only fell by 2.9% in the last quarter of 2008 and then by 0.9% in the first quarter of 2009. From then onwards the economy quickly returned to strong growth.,https://youtu.be/PaHKRBGT_6A,"Chart 1 - Line Chart
| Year | GDP (Trillion USD) |
|------|--------------------|
| 1990 | 0.30               |
| 1993 | 0.10               |
| 1996 | 0.90               |
| 1999 | 0.55               |
| 2002 | 0.60               |
| 2005 | 0.90               |
| 2008 | 1.60               |
| 2011 | 2.80               |
-------------------","Chart 1 - Type: Line Chart, 
Description: This chart displays the Gross Domestic Product (GDP) of Brazil from 1990 to 2011. It shows the historical trend of Brazil's GDP, which generally increased over this period, with highlighted regions indicating specific percentage changes (-2.9% and -0.9%) around 2008 and 2011, respectively. The area under the line is filled to visually represent the magnitude of GDP. The source of the data is indicated as The World Bank. Mark: Line (continuous), 
Background: Dark blue/black map of the world with a blurred Brazilian flag in the background, 
Gridlines: Dashed (horizontal) and Solid (vertical) in yellowish-white, 
Data Colors: Line: Yellow, Area under line: Gradient from yellow to dark brown/red, Highlighted columns: Red/Dark red, 
-------------------"
Syem,389,Economics Explained,What Everyone Gets Wrong About Global Debt | Economics Explained,,,1,"Explains that pandemic stimulus measures were aimed at short-term economic stability rather than long-term growth.
",10:24,10:43,Pie Chart,,Emphasis-Annotation,"a lot of the spending on
stimulus measures during the pandemic
done by a lot of governments around the
world won't have much of a long-term
positive effect on the economy's output
that's not to say that these policies
were a mistake it's just that desperate
times called for desperate measures and
those policies were more focused on
avoiding an economic meltdown in the
short term rather than setting an
economy up for growth in the long term",https://youtu.be/IAqj30s4lH8,"Chart 1 - Pie Chart
| Category | Amount (billion USD) | Percentage |
|:--------------------------|---------------------:|-----------:|
| Other spent | 288 | 5.04% |
| Health care | 482 | 8.43% |
| Unemployment benefits | 700 | 12.25% |
| State and local aid | 745 | 13.04% |
| Businesses | 1700 | 29.75% |
| Individuals and families | 1800 | 31.49% |
-------------------","Chart 1 - Type: Pie Chart, 
Description: This pie chart illustrates the breakdown of funds spent by the US government across various categories. The title indicates ""$5 trillion spent by the US government"", but the sum of the specified expenditures ($5.715 trillion) is used as the whole for calculating the percentages. The categories include ""Individuals and families"", ""Businesses"", ""State and local aid"", ""Unemployment benefits"", ""Health care"", and ""Other spent"", each with its corresponding amount in billions or trillions and calculated percentage of the total specified expenditures.,
Mark: Slice, 
Background: Light beige/grey textured background, 
Gridlines: None, 
Data Colors: Yellow, Light Blue, Hot Pink, Orange, Purple, Lime Green
-------------------"
Syem,390,Economics Explained,What Everyone Gets Wrong About Global Debt | Economics Explained,,,2,To highlight the substantial growth in global net worth and GDP over the past 50 years.,11:59,12:12,Line Chart,,"Emphasis-Annotation, Emphasis-Highlight a range
","global net
worth is a portion of GDP is up by
roughly 50 percent in the last 50 years
and 25 in the past 20 years alone in
that same time GDP is more than 10 times
what it was back in 1970",https://youtu.be/IAqj30s4lH8,"Chart 1 - Line Chart
| Year | Average net worth relative to nominal GDP |
| :--- | :---------------------------------------- |
| 1970 | 3.8                                       |
| 1975 | 4.0                                       |
| 1980 | 4.05                                      |
| 1985 | 3.95                                      |
| 1990 | 4.35                                      |
| 1995 | 4.1                                       |
| 2000 | 4.7                                       |
| 2005 | 5.1                                       |
| 2010 | 5.25                                      |
| 2015 | 5.5                                       |
| 2020 | 6.1                                       |
-------------------","Chart 1 - Type: Line Chart, 
Description: This line chart illustrates the trend of average net worth at market prices relative to nominal GDP over a 50-year period from 1970 to 2020. The chart shows a generally increasing trend, with specific annotations highlighting key points in 2000 and 2020.
Mark: Line, 
Background: Dark blue with a faint, light blue global network pattern, 
Gridlines: Dashed, light grey/white horizontal gridlines. Two dashed, light blue vertical annotation lines at 2000 and 2020., 
Data Colors: Yellow (line), 
-------------------"
Syem,391,Economics Explained,What Everyone Gets Wrong About Global Debt | Economics Explained,,,3,To show the global real estate market’s massive value and its breakdown,13:38,13:52,Pie Chart,,Emphasis-Annotation,"all the real estate in the
world is worth roughly 350 trillion US
Dollars about 250 trillion of that or
two point 0.5 times Global GDP is just
land and the remaining 100 trillion is
made up of the physical buildings that
sit on top of that Land",https://youtu.be/IAqj30s4lH8,"Chart 1 - Pie Chart
| Category | Percentage |
|:---------|-----------:|
| Fixed assets | 17 |
| Inventories | 8 |
| Nonproduced | 4 |
| Intanibles | 4 |
| Real estate | 67 |
-------------------","Chart 1 - Type: Pie Chart,
Description: This pie chart illustrates the global average distribution of real assets in 2020, showing the percentage breakdown for different asset categories: Fixed assets, Inventories, Nonproduced assets, Intanibles, and Real estate. Real estate constitutes the largest portion of real assets.
Mark: Segments,
Background: Textured light beige,
Gridlines: None,
Data Colors: Blue, Orange, Purple, Pink, Yellow,
-------------------"
Syem,392,Economics Explained,How Venezuela's Economy Became a Disaster,,,1,"Highlights the dramatic decline in oil revenues and per capita income between 2012 and 2020.
",08:27,08:37,Area Chart,,Emphasis-Annotation,"After rising for more than a decade, oil revenues fell by 93% between 2012 and 2020, during the same period per capita income declined by 72%. ",https://youtu.be/-tmixPEOMIA,"Chart 1 - Line Chart
| Year | Thousand barrels per day |
|------|--------------------------|
| 2008 | 2400                     |
| 2009 | 2300                     |
| 2010 | 2150                     |
| 2011 | 2300                     |
| 2012 | 2450                     |
| 2013 | 2350                     |
| 2014 | 2400                     |
| 2015 | 2400                     |
| 2016 | 2300                     |
| 2017 | 1300                     |
| 2018 | 700                      |
| 2019 | 350                      |
| 2020 | 200                      |
-------------------","Chart 1 - Type: Line Chart (Area Chart),
Description: This chart illustrates Venezuela's oil production in thousand barrels per day from 2008 to 2020. It shows a period of relatively stable production around 2000-2500 thousand barrels per day until approximately 2016, followed by a drastic decline, ending around 200 thousand barrels per day by 2020. A large text annotation ""-93%"" highlights the significant drop.
Mark: The data is represented by a continuous, slightly jagged line. The area beneath the line is filled, making it an Area Chart presentation of the line data.
Background: Dark blue, featuring a faint world map outline and blurred images of what appear to be oil rigs or industrial facilities.
Gridlines: Vertical gridlines are thin solid yellow-white lines for labeled years (2008, 2010, etc.), with faint, thin dashed yellow-white lines for intermediate x-axis positions. Horizontal gridlines are faint, thin dashed yellow-white lines.
Data Colors: The line is bright yellow-white. The area fill below the line transitions from a light yellowish-white at the top to a golden-brown gradient at the bottom.
-------------------"
Syem,394,Economics Explained,How Poland Quietly Became Europe’s Rising Power,,,1,To explain why post-Soviet states adopted shock therapy to transition from centrally planned to market economies.,02:42,02:59,Area Chart,,"Emphasis-Highlight a range
","After all if everything in the  Cold War economy was going great for Mother Russia  
there would be no need for government reform  in the first place Out of desperation most of  
these newly independent entities introduced shock  therapy transitioning from a centrally planned  economy to a free market system at least in part  as current institutions were widely failing",https://youtu.be/1f2yeAcbpvU,"Chart 1 - Area Chart
| Year | GDP (Intl. 1990 USD in thousands) |
|------|-----------------------------------|
| 1885 | 1.1                               |
| 1897 | 1.3                               |
| 1909 | 1.4                               |
| 1921 | 0.4                               |
| 1933 | 2.2                               |
| 1945 | 1.8                               |
| 1957 | 3.2                               |
| 1969 | 5.2                               |
| 1981 | 7.0                               |
| 1993 | 4.0                               |
| 2005 | 5.8                               |
-------------------","Chart 1 - Type: Area Chart,
Description: This chart illustrates the Gross Domestic Product (GDP) of Russia and the Soviet Union over two distinct historical periods: 1885-1933 and 1945-2005. The GDP is measured in International 1990 USD (in thousands). The initial segment shows relatively low GDP with a notable dip around 1921. The second, longer segment, depicts significant economic growth from 1945, peaking around the late 1980s. A sharp decline is evident around the 1990s (highlighted by a grey checkered area), correlating with the dissolution of the Soviet Union, followed by a period of recovery towards 2005.
Mark: Area,
Background: Dark black/grey with a subtle, faded world map overlay,
Gridlines: Vertical thin gold/light yellow lines coinciding with major X-axis labels; no horizontal gridlines are visible,
Data Colors: Light blue (line), Darker blue (filled area below the line), Grey checkered pattern (highlight for the 1991-1993 period),
-------------------"
Syem,395,Economics Explained,How Poland Quietly Became Europe’s Rising Power,,,2,"To highlight how Poland’s GDP per capita has rapidly grown, narrowing the gap with Western countries.",03:47,04:01,Area Chart,,"Focalization-Tilt & pan, Emphasis-Annotation","The little victories of this method were  
initially overlooked Poland was in such a terrible  shape that it had a GDP per capita of $1,700 less  than 10% of what was seen in the West However the  gap has been narrowing dramatically while those that were once dwarfed it are slowing down",https://youtu.be/1f2yeAcbpvU,"Chart 1 - Area Chart
| Year | Germany (USD in thousands) | France (USD in thousands) | Italy (USD in thousands) | Portugal (USD in thousands) | Poland (USD in thousands) |
|------|----------------------------|---------------------------|--------------------------|-----------------------------|---------------------------|
| 1990 | 24.5 | 22.0 | 19.5 | 12.0 | 5.0 |
| 1995 | 31.0 | 28.0 | 23.0 | 14.5 | 8.5 |
| 2000 | 26.5 | 24.0 | 21.5 | 13.0 | 7.0 |
| 2005 | 32.5 | 30.5 | 26.0 | 19.0 | 12.0 |
| 2010 | 46.5 | 42.0 | 38.5 | 25.5 | 17.0 |
| 2015 | 41.5 | 38.0 | 33.0 | 22.0 | 16.0 |
| 2020 | 49.0 | 42.5 | 36.5 | 26.5 | 19.5 |
| 2022 | 52.0 | 43.5 | 37.5 | 28.0 | 20.5 |
-------------------","Chart 1 - Type: Area Chart,
Description: This chart, titled ""GDP Per Capita Comparison"", illustrates the Gross Domestic Product per capita (in thousands of USD) for five European countries (Germany, France, Italy, Portugal, and Poland) from 1990 to approximately 2022. Each country's GDP per capita is represented by a distinct colored line, with the area beneath the line shaded to the x-axis. The chart includes additional floating annotations ""-10%"" and ""$1,700"" in the lower-left portion, which are not explicitly tied to specific data points in the provided context.
Mark: Line with filled area,
Background: Dark gradient with a blurred architectural background image,
Gridlines: Vertical, thin, faint white lines,
Data Colors: Germany (Yellow), France (Blue), Italy (Red), Portugal (Green), Poland (White),
-------------------"
Syem,396,Economics Explained,How Poland Quietly Became Europe’s Rising Power,,,3,To illustrate how EU membership and cohesion funds have significantly benefited Poland’s economy.,04:23,04:40,Bar Chart,,Emphasis-Annotation,For  starters Poland has been a longtime member of the EU and that membership has arguably benefited its  bottom line more than any other country in Europe They are the largest EU cohesion fund recipient  totaling €213 billion or $220 billion US and this is only suspected to grow into 2027,https://youtu.be/1f2yeAcbpvU,"Chart 1 - Horizontal Bar Chart
| Province            | EUR (in billions) |
| :------------------ | :---------------- |
| Śląskie             | 2.4               |
| Lubelskie           | 1.8               |
| Mazowieckie         | 1.7               |
| Podkarpackie        | 1.5               |
| Łódzkie             | 1.4               |
| Małopolskie         | 1.25              |
| Kujawsko-Pomorskie  | 1.1               |
| Zachodniopomorskie  | 1.05              |
| Warmińsko-Mazurskie | 0.95              |
| Pomorskie           | 0.8               |
| Świętokrzyskie      | 0.7               |
| Wielkopolskie       | 0.65              |
| Podlaskie           | 0.55              |
| Dolnośląskie        | 0.45              |
| Opolskie            | 0.4               |
| Lubuskie            | 0.3               |
-------------------","Chart 1 - Type: Horizontal Bar Chart, 
Description: This chart visualizes the distribution of EU Funds across various provinces in Poland, with amounts represented in billions of Euros. The chart is titled ""Poland: EU Funds by Province"" and lists sixteen provinces on the y-axis, ordered from highest to lowest funding. An additional text annotation on the right side of the chart indicates a total of €213 billion, approximately $220 billion, which likely represents the overall EU funds received by Poland, providing context to the provincial allocations shown.,
Mark: Bar, 
Background: Dark bluish-grey with a faint, translucent world map overlay, 
Gridlines: Solid light grey vertical lines, 
Data Colors: Bright blue, 
-------------------"
Syem,397,Economics Explained,How The Finance Industry Destroys Economies,,,1,To highlight the long-term rise of US household debt as a share of GDP from 1950 to 2008.,05:58,06:08,Area Chart,,Emphasis-Annotation,"From 1950 to 2008, the US household debt, which measures how much credit consumers are taking on, grew from 24% of GDP in 1950 to 73% of GDP in the modern day. ",https://youtu.be/fIsQHkTLlxY,"Chart 1 - Line Chart
| Year | Debt To GDP (%) |
|---|---|
| 1950 | 24 |
| 1960 | 34 |
| 1970 | 45 |
| 1980 | 47 |
| 1990 | 58 |
| 2000 | 74 |
| 2010 | 93 |
| 2020 | 73 |
-------------------","Chart 1 - Type: Line Chart,
Description: This chart illustrates the United States Households Debt to GDP ratio from 1950 to 2020, showing a general increase from 24% in 1950, a peak around 93% in 2010, and a subsequent decrease to 73% by 2020.
Mark: Line with area fill,
Background: Dark textured background with abstract pattern in dark grey and subtle yellow/brown hues,
Gridlines: Solid, faint light yellow vertical gridlines,
Data Colors: Blue (line and fill), White (text labels)
-------------------"
Syem,399,Economics Explained,The Problem With Trying to Run Government Like a Business,,,2,"Shows how government debt has more than doubled as a share of GDP compared to 30 years ago.
",07:58,08:07,Area Chart,,"Focalization-Tilt & pan, Emphasis-Annotation"," Another big difference between today and 30 years ago is the debt level itself. Back then it was roughly 57% of GDP and today it's more than double that. ",https://youtu.be/8-FqY1q60EQ,"Chart 1 - Area Chart
| Year | Debt as % of GDP |
|------|------------------|
| 1985 | 57% |
| 1986 | 55% |
| 1987 | 54% |
| 1988 | 53% |
| 1989 | 54% |
| 1990 | 56% |
| 1991 | 59% |
| 1992 | 62% |
| 1993 | 65% |
| 1994 | 67% |
| 1995 | 68% |
| 1996 | 67% |
| 1997 | 65% |
| 1998 | 63% |
| 1999 | 61% |
| 2000 | 58% |
| 2001 | 56% |
| 2002 | 57% |
| 2003 | 59% |
| 2004 | 60% |
| 2005 | 61% |
| 2006 | 60% |
| 2007 | 61% |
| 2008 | 69% |
| 2009 | 83% |
| 2010 | 91% |
| 2011 | 96% |
| 2012 | 100% |
| 2013 | 102% |
| 2014 | 103% |
| 2015 | 104% |
| 2016 | 105% |
| 2017 | 105% |
| 2018 | 106% |
| 2019 | 108% |
| 2020 | 125% |
| 2021 | 120% |
| 2022 | 118% |
| 2023 | 120% |
| 2024 | 121% |
-------------------","Chart 1 - Type: Area Chart,
Description: This chart displays the US Total Public Debt as a percentage of GDP from 1985 to 2024, showing a general increasing trend with a significant spike around 2020.
Mark: Line with filled area,
Background: Dark grey with a subtle, dark world map overlay,
Gridlines: Dashed white lines for both horizontal (at 20%, 60%, 100%, 140%) and vertical (at 1985, 1995, 2005, 2015, 2024) axes,
Data Colors: Golden yellow for the line and the filled area below it,
-------------------"
Syem,400,Economics Explained,The Problem With Trying to Run Government Like a Business,,,3,"To show how non-discretionary spending totaled $1.7 trillion, split roughly evenly between defense and other costs.",09:20,09:35,Bar Chart,,"Emphasis-Annotation, Emphasis-fill color",All non-discretionary spending done in the last fiscal year that we have comprehensive data on was $1.7 trillion. That was made up of roughly 50% defense spending and 50% of what just gets classified as other a $917 billion accounting line,https://youtu.be/8-FqY1q60EQ,"Chart 1 - Bar Chart
| Item | Value (Billion) |
|:---|---:|
| Discretionary - Non-Defense | 917 |
| Discretionary - Defense | 805 |
| Discretionary - Total | 1700 |
| Net Interest | 659 |
-------------------","Chart 1 - Type: Horizontal Bar Chart,
Description: This chart displays US Federal Budget spending for 2023, categorizing it into Discretionary (further broken down into Non-Defense and Defense) and Net Interest. The X-axis represents the spending amount in billions of dollars. The Y-axis lists the spending categories.
Mark: Horizontal Rectangle bars,
Background: Dark, with a semi-transparent overlay of US dollar bills and a world map,
Gridlines: Light yellow, vertical dashed lines,
Data Colors: Light blue to dark blue gradient (Discretionary Non-Defense), Darker blue to purple gradient (Discretionary Defense), Orange to dark orange gradient (Net Interest),
-------------------"
Ridwan,501,Polymatter,https://youtu.be/E8e2sKgMbJA?si=7_IWKj_wzLDo8i6w,,,1,To show the distribution of nepalese migrant workers in different countries,04:41,04:56,Bar Chart,,"Emphasis- draw an arrow, Emphasis- annotation","Women tend to work in India; men  in Korea, Qatar, and Saudi Arabia.
The former are often recruited as maids, nannies,  
and cooks; the latter as drivers, construction  workers, security guards, and electricians.",https://youtu.be/E8e2sKgMbJA,"Chart 1 - Bar Chart
| Country       | Migrant Workers |
| :------------ | :-------------- |
| INDIA         | 765000          |
| MALAYSIA      | 610000          |
| SAUDI ARABIA  | 480000          |
| QATAR         | 255000          |
-------------------","Chart 1 - Type: Bar Chart,
Description: This bar chart displays the number of migrant workers from Nepal in 2020, broken down by destination country. India has the highest number of migrant workers, followed by Malaysia, Saudi Arabia, and Qatar. The Y-axis represents the number of migrant workers in thousands (K), ranging from 0 to 770K. The X-axis lists the destination countries.,
Mark: Rectangular bars,
Background: Textured red,
Gridlines: Solid thin white horizontal lines,
Data Colors: White, Gold/Yellow, Light Blue/Cyan, Magenta/Purple,
-------------------"
Ridwan,502,Polymatter,https://youtu.be/-JbIOGGTRTY?si=L6QpuF7uKas5A6FB,,,1,To show the cost of iphone prodection in different countries and highlight advantages in india compared to chine,02:23,02:37,Bar Chart,,"Comparison- move aside, emphasis- annotation"," For those $363,
Apple can buy 2 hours of Indian labor.
There, English is an official language
and its population is now even larger
than China's.
Yet despite these advantages, only about
7% of the world's iPhones are made in
India.",https://youtu.be/-JbIOGGTRTY,"Chart 1 - Bar Chart
| Country | Value ($) |
|:--------|:----------|
| INDIA   | 1.71      |
| CHINA   | 3.63      |
| USA     | 16.86     |
-------------------","Chart 1 - Type: Bar Chart,
Description: A bar chart displaying a quantitative value in dollars for three countries: India, China, and USA. The Y-axis ranges from $0 to $18.
Mark: Rectangular bars,
Background: Faded blue image with a factory or laboratory setting visible through the chart overlay,
Gridlines: Solid light gray horizontal lines,
Data Colors: White, Blue, White,
-------------------"
Ridwan,503,Polymatter,https://youtu.be/KXvVyd2wmdQ?si=-0qlFZgW6QfbNulR,,,1,Explaining the decreasing voting trend in Singapore for the PAP,10:30,10:50,Line,,Suspense- Gradual Reveal," the  PAP’s dominance has slowly eroded. It still wins,  
to be clear, by margins most parties around  the world could only dream of. Still,  
the trend is clear: the opposition  is making gains — albeit very slowly.",https://youtu.be/KXvVyd2wmdQ,"Chart 1 - Line Chart
| Year | PAP Vote Share (%) | Trendline (%) |
|------|--------------------|---------------|
| 1965 | 85                 | 81            |
| 1975 | 70                 | 76            |
| 1985 | 78                 | 71            |
| 1995 | 61                 | 66            |
| 2005 | 76                 | 61            |
| 2015 | 65                 | 56            |
| 2025 | 66                 | 51            |
-------------------","Chart 1 - Type: Line Chart, 
Description: This chart displays the People's Action Party (PAP)'s share of the vote in General Elections over several decades, along with a downward trending line. The X-axis represents years from 1965 to 2025 (in 10-year intervals), and the Y-axis shows the percentage of the vote share from 0% to 100%. The main white line shows the actual vote share, while the red dashed line represents a linear trendline. The background features a cityscape with skyscrapers and a waterfront view. This visualization highlights fluctuations and an overall declining trend in PAP's vote share. ,
Mark: Line, 
Background: Dark blue gradient with a blurred image of city skyscrapers and a harbor, 
Gridlines: Solid, light blue/grey, 
Data Colors: White (for PAP Vote Share), Red (for Trendline), 
-------------------"
Ridwan,504,Polymatter,https://youtu.be/bThPluSzlDU?si=9xgILoKM5npFUuzR,,,1,"Ti illustrate that while CS undergrads have increased, CS PhDs remained same, making it harder for colleges to find Faculties",06:23,06:44,Line,,"Suspense- Gradual Reveal, Comparison- add a benchmark","But the Computer Science boom  was something else entirely.
The basic problem for schools was this:  
while the total number of undergraduate  CS students tripled in just 10 years,  
the number of Ph.D. students — who become  professors — has stayed more-or-less the same.
The reason for this is no mystery",https://youtu.be/bThPluSzlDU,"Chart 1 - Line Chart
| Year | UNDERGRAD | PH. D. |
|------|-----------|--------|
| 2006 | 35000     | 10000  |
| 2008 | 28000     | 11000  |
| 2010 | 41000     | 11500  |
| 2012 | 62000     | 11000  |
| 2014 | 94500     | 11500  |
| 2016 | 105000    | 12000  |
-------------------","Chart 1 - Type: Line Chart,
Description: A dual-line chart illustrating the number of undergraduate and Ph.D. enrollments in Computer Science across US universities from 2006 to 2016. The chart shows a significant upward trend for undergraduate enrollment, while Ph.D. enrollment remains relatively stable over the same period.,
Mark: Line segments with implied data points,
Background: Dark red gradient with a blurred architectural university building image,
Gridlines: Thin solid lines, light red/grey,
Data Colors: ['White', 'Red'],
-------------------"
Ridwan,505,Polymatter,https://youtu.be/np-6guCkH-I?si=4FCcdj-1uvEe4A4M,,,1,Compare median age of different countries and to show that japan's is much higher and stating reasons,02:31,02:54,Line,,"Suspense- Gradual Reveal, Comparison- add a benchmark","Canadians, French, Koreans, and Australians  are all wealthy, they live in cities,  
they have small families, and their  populations are aging and shrinking.
If Japan differs at all, it’s only because it’s  
slightly ahead of the curve. It left  the farm sooner, it developed quicker,  
its population began shrinking earlier,  and its farmers are now aging faster.",https://youtu.be/np-6guCkH-I,"Chart 1 - Line Chart
| Year | Japan | Canada | France | New Zealand |
|------|-------|--------|--------|-------------|
| 1955 | 22    | 27     | 32     | 27          |
| 1965 | 26    | 24     | 31.5   | 25          |
| 1975 | 29    | 25     | 31     | 26.5        |
| 1985 | 32    | 29     | 32.5   | 28          |
| 1995 | 36    | 33     | 35     | 30.5        |
| 2005 | 40    | 37     | 38     | 33          |
| 2015 | 45    | 40     | 40.5   | 36          |
| 2025 | 50    | 41.5   | 42     | 37.5        |
-------------------","Chart 1 - Type: Line Chart, 
Description: This line chart displays the median age for Japan, Canada, France, and New Zealand across various years from 1955 to 2025. The Y-axis, representing median age, starts at 20. Each country is represented by a distinct colored line, showing the trend of median age over time. Japan shows a consistent and significant increase in median age, reaching the highest by 2025. Canada, France, and New Zealand also show increasing trends after initial fluctuations. There's a subtle image of a racing car (F1 car) in the background.
Mark: Line, 
Background: Dark blue with a subtle grainy/textured overlay and a faint, semi-transparent image of a racing car, 
Gridlines: Thin, light blue/grey, solid horizontal and vertical lines, 
Data Colors: Red, Orange, Blue, White, 
-------------------"
Ridwan,506,Polymatter,https://youtu.be/uaKN006y0tI?si=6_cudvvoM4EM_P7v,,,1,to illustrate the budget surplus/deficit of Hong Kong over the years,16:24,16:35,Bar Chart,,Suspense- Gradual Reveal,"Land used to pay for a third  of the city’s budget. Today,  

it barely makes a dent. The city has been running  a deficit for all but one of the past five years.

Which means sooner or later it will either have  ",https://youtu.be/uaKN006y0tI,"Chart 1 - Bar Chart
| Financial Year | Budget Deficit/Surplus (USD) |
| :------------- | :--------------------------- |
| 2015           | 9.0B                         |
| 2016           | 2.5B                         |
| 2017           | 17.5B                        |
| 2018           | 19.0B                        |
| 2019           | 8.5B                         |
| 2020           | -1.5B                        |
| 2021           | -25.0B                       |
| 2022           | 4.0B                         |
| 2023           | -15.0B                       |
| 2024           | -12.5B                       |
-------------------","Chart 1 - Type: Bar Chart,
Description: A bar chart illustrating the budget deficit or surplus in USD for each financial year from 2015 to 2024. Positive values (surpluses) are shown with white bars, while negative values (deficits) are depicted with green bars. The chart is overlaid on a satellite map background. The Y-axis represents the budget amount in billions of USD, and the X-axis represents the financial year.,
Mark: Rectangle bars,
Background: Satellite map image (dark green/blue),
Gridlines: Solid, light cyan lines,
Data Colors: White, Green,
-------------------"
Ridwan,507,Polymatter,https://youtu.be/A5Phoh0eRUc?si=eLJtgKMNhYPBHVeA,,,1,"Illustrating that young people are frustrated about college, but feel they have no other option but to attend",02:43,03:17,"2, Bar Chart, line chart",,"Suspense- Gradual Reveal, Transition","Americans are unhappy  with the state of college.
In a 2015 Gallup survey, 57% of respondents  said they had “quite a lot” or “a great deal”  
of confidence in higher education. By  2023, that number was down to just 36%.
But take a look at the enrollment rate. As you  can see, a smaller share of young people are  
choosing to attend — but only just barely —  about 39% today versus 42% fifteen years ago.",https://youtu.be/A5Phoh0eRUc,"Chart 1 - Bar Chart
| Year | Confidence (%) |
|------|----------------|
| 2015 | 57             |
| 2023 | 40             |
-------------------
Chart 2 - Line Chart
| Year | Enrollment Rate (%) |
|------|---------------------|
| 1980 | 26                  |
| 1981 | 26                  |
| 1982 | 27                  |
| 1983 | 26                  |
| 1984 | 27                  |
| 1985 | 28                  |
| 1986 | 29                  |
| 1987 | 29.5                |
| 1988 | 30                  |
| 1989 | 31                  |
| 1990 | 32                  |
| 1991 | 33                  |
| 1992 | 34                  |
| 1993 | 34                  |
| 1994 | 34.5                |
| 1995 | 35                  |
| 1996 | 36                  |
| 1997 | 36.5                |
| 1998 | 37                  |
| 1999 | 37.5                |
| 2000 | 38                  |
| 2001 | 38                  |
| 2002 | 39                  |
| 2003 | 39.5                |
| 2004 | 40                  |
| 2005 | 40                  |
| 2006 | 38                  |
| 2007 | 39                  |
| 2008 | 41                  |
| 2009 | 42                  |
| 2010 | 43                  |
| 2011 | 42                  |
| 2012 | 41.5                |
| 2013 | 40.5                |
| 2014 | 40                  |
| 2015 | 41                  |
| 2016 | 40                  |
| 2017 | 40                  |
| 2018 | 41                  |
| 2019 | 40                  |
| 2020 | 39                  |
| 2021 | 39                  |
| 2022 | 39                  |
| 2023 | 39                  |
-------------------","Chart 1 - Type: Bar Chart,
Description: This chart illustrates the percentage of individuals expressing ""quite a lot"" or ""a great deal"" of confidence in higher education for the years 2015 and 2023. It shows a decrease in confidence over this period.
Mark: Rectangle bar,
Background: Blurry aerial view of a city/campus with a green overlay,
Gridlines: Faint horizontal lines, white,
Data Colors: White, Light Green
-------------------
Chart 2 - Type: Line Chart,
Description: This chart displays the enrollment rate of US residents aged 18-24 from 1980 to 2023, showing the trend of higher education enrollment over several decades.
Mark: Line,
Background: Blurry aerial view of a city/campus with a green overlay,
Gridlines: Faint horizontal lines, white,
Data Colors: Lime Green
-------------------"
Ridwan,508,Polymatter,https://youtu.be/OceYCEexDqQ?si=iAdIA0-vkoOe_I8b,,,1,"Show that credit cards gives more gains to rich people, and rich people in general use credit cards more",15:00,15:30,"2, Bar Chart, Bar Chart",,"Suspense- Gradual Reveal, Transition","In 2010, economists at the Federal Reserve  estimated that the average cash household  
loses $149 a year this way and the average  card household receives an incredible $1,133.
And “cash” really does mean “poor.” Those making  less than $25,000 a year do less than 5% of their  
spending with credit cards, while that number is  66% for those making over two hundred thousand.",https://youtu.be/OceYCEexDqQ,"Chart 1 - Bar Chart
| Category | Value |
| :------- | :---- |
| CASH HOUSEHOLD | -$150 |
| CARD HOUSEHOLD | $1100 |
-------------------
Chart 2 - Bar Chart
| Income Range | Share of Total Spending |
| :----------- | :---------------------- |
| <$25k | 5% |
| $25-50k | 15% |
| $50-75k | 25% |
| $75-100k | 33% |
| $100-125k | 35% |
| $125-200k | 35% |
| +$200k | 67% |
-------------------","Chart 1 - Type: Bar Chart,
Description: This bar chart displays the net gains or losses for cash households and card households in 2010, illustrating the financial impact of transactions between cash-to-card and vice versa.
Mark: Rectangle,
Background: Dark red gradient with subtle texture,
Gridlines: Solid White,
Data Colors: Red, White,
-------------------
Chart 2 - Type: Bar Chart,
Description: This bar chart illustrates the credit card use as a share of total spending across different income ranges. It shows a general trend of increasing credit card use with higher income levels.
Mark: Rectangle,
Background: Dark red gradient with a ""Georgetown Law"" watermark,
Gridlines: Solid White,
Data Colors: White,
-------------------"
Ridwan,510,Polymatter,https://youtu.be/kAIwWGhzgiw?si=eBy7PBTjecZmsJnj,,,1,To show that US had low oil prices due to fracking with greatly helped the country,16:33,16:54,Bar Chart,,Emphasis- fill color,"Fracking generated billions in tax revenue,  
gave Americans the cheapest energy of any  OECD country, reduced our trade deficit,  
encouraged manufacturers to relocate back  to the States, and directly saved taxpayers  
millions — the U.S. military, after all,  is the world’s largest consumer of oil.",https://youtu.be/kAIwWGhzgiw,"Chart 1 - Bar Chart
| Country   | Price (USD/Litre) |
| :-------- | :---------------- |
| USA       | 0.45              |
| Canada    | 0.75              |
| Turkey    | 0.84              |
| Korea     | 1.05              |
| Slovenia  | 1.08              |
| Japan     | 1.17              |
| Ireland   | 1.47              |
| France    | 1.45              |
| Israel    | 1.19              |
| Italy     | 1.02              |
-------------------","Chart 1 - Type: Bar Chart, 
Description: Price of unleaded gasoline including tax, in USD/Litre, for various countries in Q2 2020.,
Mark: Vertical rectangular bars, 
Background: Blurred image with a dark yellow/brownish gradient overlay, 
Gridlines: Thin, horizontal, white lines, 
Data Colors: Yellow (for USA), White (for all other countries), 
-------------------"
Ridwan,511,Polymatter,https://youtu.be/HlHKC844le8?si=OrVGaTQ7Klrmfp-c,,,1,To show the fertility rate of American during different historic event and to show it has been declining recently,01:58,02:30,Line Chart,,"Suspense- Gradual Reveal, Comparison- highlight a range","Between 1990 and 2007, the  average size of an American  
family stayed right between about  2 and 2.1 children. From start to  
finish of this entire nearly twenty-year  period that saw the end of the Cold War,  
9/11, and the bursting of the Dot-com bubble,  that number changed by less than two percent.
Then, in 2007, it suddenly began to fall —  precipitously. And it’s been falling ever since.",https://youtu.be/HlHKC844le8,"Chart 1 - Line Chart
| Year | Fertility Rate |
|------|----------------|
| 1990 | 2.08           |
| 1995 | 2.00           |
| 2000 | 1.99           |
| 2005 | 2.04           |
| 2010 | 1.92           |
| 2015 | 1.78           |
| 2020 | 1.64           |
-------------------","Chart 1 - Type: Line Chart,
Description: This chart displays the fertility rate (births per American woman) over time from 1990 to 2020. The data source is FRED, and the Y-axis starts at 1.5. The trend shows some fluctuations in the early years (white line) followed by a notable decline from around 2008 onwards (yellow line).,
Mark: Line,
Background: Solid Red,
Gridlines: Solid Light Red,
Data Colors: White, Yellow,
-------------------"
Ridwan,512,Polymatter,https://youtu.be/CXfNGcMSwzU?si=VjyJjx77YtCmvr35,,,1,To show that population is shrinking both in Italy and Russia,04:00,04:17,Line Chart,,"Suspense- Gradual Reveal, Emphasis- draw an arrow","Take Italy, for instance. As you can see,  
both it and Russia saw the same roughly 50%  drop in births — albeit, with a ten-year delay.
Likewise, both will experience the same economic  challenges stemming from their smaller working-age  
populations.",https://youtu.be/CXfNGcMSwzU,"Chart 1 - Line Chart
| Year | Russian Births | Italian Births |
|---|---|---|
| 1970 | 1.9 | 0.9 |
| 1975 | 2.0 | 0.85 |
| 1980 | 2.1 | 0.7 |
| 1985 | 2.3 | 0.55 |
| 1990 | 2.4 | 0.4 |
| 1995 | 1.2 | 0.3 |
| 2000 | 1.2 | 0.3 |
| 2005 | 1.5 | 0.4 |
| 2010 | 1.8 | 0.35 |
-------------------","Chart 1 - Type: Line Chart,
Description: A 3D-styled line chart illustrating the trend of Russian and Italian birth rates (likely total fertility rate) from 1970 to 2010. The Russian birth rate (yellow line) shows fluctuations, peaking around 1990 before a sharp decline and subsequent recovery. The Italian birth rate (cyan line) shows a more consistent decline over the period. The chart is sourced from Mark Schrad's ""Vodka Politics"". Arrows on the chart emphasize downward trends.
Mark: Line,
Background: Solid Red,
Gridlines: Solid White,
Data Colors: Yellow, Cyan
-------------------"
Ridwan,513,Polymatter,https://youtu.be/X7_OfANCuVg?si=KLXMUzGa12el32fN,,,1,Illustratin the Korean housing market and correction during the pandemic,09:55,10:18,Line Chart,,Suspense- Gradual Reveal,"As prices soared during the pandemic,  a mere 30 Koreans bought more than  
8,000 homes. The top three buyers  alone accumulated more than 2,200.
Then, after twenty years of almost  non-stop growth, the market slightly  
corrected — not dramatically, but enough to  cause chaos in this incredibly fragile system.",https://youtu.be/X7_OfANCuVg,"Chart 1 - Line Chart
| Year | Housing Index |
|------|---------------|
| 1984 | 28            |
| 1988 | 26            |
| 1992 | 48            |
| 1994 | 42            |
| 1997 | 40            |
| 2000 | 48            |
| 2004 | 55            |
| 2006 | 58            |
| 2008 | 64            |
| 2012 | 72            |
| 2014 | 78            |
| 2016 | 84            |
| 2018 | 88            |
| 2020 | 94            |
| 2022 | 100           |
| 2024 | 90            |
-------------------","Chart 1 - Type: Line Chart,
Description: A line chart showing the Korean Property Housing Index from 1984 to 2024. The index is set to 100 for the year 2022. Data is sourced from Kookmin Bank via Trading Economics. The index shows an initial rise, a dip, a period of stability, and then a strong upward trend, peaking around 2022, followed by a slight decline towards 2024.
Mark: Line,
Background: Solid Red,
Gridlines: Solid Thin White,
Data Colors: White, Yellow,
-------------------"
Ridwan,514,Polymatter,https://youtu.be/ITwNiZ_j_24?si=b8RhOf5K9OQrHC0_,,,1,"To show the medain earnings of high school grad, college grads and dropputs",18:39,18:47,Line,,"Suspense- Gradual Reveal, Emphasis- annotation","These are the wages of college  grads, these of high school grads,  
and these of some college  but no Bachelor’s",https://youtu.be/ITwNiZ_j_24,"Chart 1 - Line Chart
| Year | COLLEGE+ | SOME COLLEGE/ASSOCIATE | HIGH SCHOOL |
|------|----------|------------------------|-------------|
| 2002 | 950      | 600                    | 520         |
| 2003 | 960      | 610                    | 525         |
| 2004 | 970      | 620                    | 530         |
| 2005 | 975      | 625                    | 535         |
| 2006 | 980      | 630                    | 540         |
| 2007 | 990      | 640                    | 550         |
| 2008 | 995      | 650                    | 560         |
| 2009 | 1000     | 660                    | 565         |
| 2010 | 990      | 655                    | 560         |
| 2011 | 995      | 660                    | 565         |
| 2012 | 1010     | 670                    | 570         |
| 2013 | 1025     | 680                    | 575         |
| 2014 | 1050     | 690                    | 580         |
| 2015 | 1075     | 700                    | 585         |
| 2016 | 1100     | 720                    | 595         |
| 2017 | 1150     | 750                    | 605         |
| 2018 | 1200     | 780                    | 620         |
| 2019 | 1280     | 820                    | 640         |
| 2020 | 1370     | 870                    | 660         |
| 2021 | 1450     | 920                    | 680         |
| 2022 | 1550     | 980                    | 700         |
-------------------","Chart 1 - Type: Line Chart,
Description: Median Weekly Earnings for full-time workers aged 25+, broken down by educational attainment from 2002 to 2022, sourced from BLS.,
Mark: line,
Background: Solid Red,
Gridlines: Solid Light Red,
Data Colors: Yellow, White, Light Blue,
-------------------"
Ridwan,515,Polymatter,https://youtu.be/8QwG_Y3WDW0?si=AOgSjt5d6I5SPpt3,,,1,Showing the movememnt of the chinese economy away from export priority towards consumtion based,10:34,10:55,Line,,"Suspense- Gradual Reveal, Emphasis- draw an arrow","Beijing has known what it needs to do for decades.
And it was well on its way to transitioning away from exports — seen declining here
between about 2005 and 15 — and toward consumption — seen gradually rising here over that same
period.
Then, a pandemic happened.",https://youtu.be/8QwG_Y3WDW0,"Chart 1 - Line Chart
| Year | CONSUMPTION (%) | EXPORTS (%) |
|---|---|---|
| 1975 | 51 | 3 |
| 1980 | 54 | 7 |
| 1985 | 52 | 10 |
| 1990 | 53 | 20 |
| 1995 | 50 | 24 |
| 2000 | 47 | 35 |
| 2005 | 43 | 42 |
| 2010 | 45 | 32 |
| 2015 | 46 | 28 |
-------------------","Chart 1 - Type: Line Chart,
Description: A line chart showing the share of Chinese GDP from Consumption and Exports over time, from 1975 to 2015.,
Mark: Line,
Background: Solid red with subtle gradient,
Gridlines: Solid light red horizontal lines,
Data Colors: White (for CONSUMPTION), Yellow (for EXPORTS),
-------------------"
Ridwan,516,Polymatter,https://youtu.be/k_zWFGOSD28?si=zTQkTIyCfP8eGccw,,,1,To show the inverse relationship between US population and car dealers,03:00,03:11,Line,,Suspense- Gradual Reveal,"In 1949, the U.S. population was  just 45% of what it is today. Yet  
there were three times as many car  dealerships — nearly 50,000 in total.",https://youtu.be/k_zWFGOSD28,"Chart 1 - Line Chart
| Year | Dealerships (k) | Population (m) |
|------|-----------------|----------------|
| 1929 | 47              | 190            |
| 1939 | 44              | 200            |
| 1949 | 39              | 215            |
| 1959 | 28.5            | 245            |
| 1969 | 23              | 265            |
| 1979 | 17              | 280            |
| 1989 | 12              | 295            |
| 1999 | 8               | 305            |
| 2009 | 5               | 320            |
| 2019 | 2               | 330            |
-------------------","Chart 1 - Type: Line Chart (Dual Y-axis),
Description: This chart illustrates the trends of ""Dealerships"" and ""Population"" in the U.S. Auto Industry from 1929 to 2019. The white line represents the number of dealerships (measured in thousands on the left Y-axis), showing a general decline over the period. The yellow line represents the U.S. population (measured in millions on the right Y-axis), showing a consistent increase over the same period, suggesting a disintermediation effect in the auto industry. The title ""DISINTERMEDIATION IN THE U.S. AUTO INDUSTRY, ERIC MARTI, GARTH SALONER, A. MICHAEL SPENCE."" is also provided.
Mark: Line,
Background: Solid red,
Gridlines: Solid, faint white,
Data Colors: White, Yellow,
-------------------"
Ridwan,517,Polymatter,https://youtu.be/Lvzn41Lv-O4?si=I7ErNpXHVnR5pZPK,,,1,To show that despite increase of education of women in india. their employment has not increased proportionately,02:00,02:16,Line,,Suspense- Gradual Reveal,"Strangely, in India, educated women  are less likely to find employment.
College enrollment has soared since the turn  of the century, yet women’s participation in  
the labor force has actually been on  a steady decline until very recently.",https://youtu.be/Lvzn41Lv-O4,"Chart 1 - Dual-Axis Line Chart
| Year | Women in Labor Force (%) | College Enrollment (%) |
|------|--------------------------|------------------------|
| 2000 | 30.0                     | 9.0                    |
| 2002 | 29.5                     | 10.0                   |
| 2004 | 29.5                     | 11.5                   |
| 2006 | 29.0                     | 14.0                   |
| 2008 | 28.5                     | 18.0                   |
| 2010 | 28.0                     | 22.0                   |
| 2012 | 27.0                     | 25.5                   |
| 2014 | 25.5                     | 27.0                   |
| 2016 | 23.5                     | 28.0                   |
| 2018 | 26.0                     | 30.0                   |
| 2020 | 27.5                     | 31.5                   |
-------------------","Chart 1 - Type: Dual-Axis Line Chart,
Description: This dual-axis line chart displays the Female Labor Force Participation Rate and Tertiary Enrollment in India from 2000 to 2020, based on data from the World Bank. The 'Women in Labor Force' line is represented by the yellow line and corresponds to the left Y-axis. The 'College Enrollment' line is represented by the white line and corresponds to the right Y-axis. Both Y-axes share the same percentage scale (0% to 32%). The X-axis represents years.
Mark: Line,
Background: Solid red with a subtle gradient/vignette effect,
Gridlines: Solid, light red/pink,
Data Colors: Yellow, White,
-------------------"
Ridwan,518,Polymatter,https://youtu.be/d7SVsqg4Jzk?si=uLsfEKuaIipBra59,,,1,"To show that unemployment has increased in China, and the Government stopped publishing this stat from 2024",00:16,00:34,Line,,"Suspense- Gradual Reveal, Emphasis- draw an icon","Take unemployment, for instance. In just  a few short years, the number of 16-24  
year olds who can’t find work has more  than doubled, from about 10% in 2019 to  
more than twenty this summer, before the  government simply stopped publishing data.",https://youtu.be/d7SVsqg4Jzk,"Chart 1 - Line Chart
| Year | Unemployment Rate (%) |
|---|---|
| 2018.Q1 | 11.5 |
| 2018.Q2 | 9.5 |
| 2018.Q3 | 13 |
| 2018.Q4 | 10 |
| 2019.Q1 | 10.5 |
| 2019.Q2 | 11.5 |
| 2019.Q3 | 10 |
| 2019.Q4 | 10.5 |
| 2020.Q1 | 12 |
| 2020.Q2 | 17 |
| 2020.Q3 | 14.5 |
| 2020.Q4 | 12 |
| 2021.Q1 | 13 |
| 2021.Q2 | 10 |
| 2021.Q3 | 15 |
| 2021.Q4 | 9.5 |
| 2022.Q1 | 12 |
| 2022.Q2 | 15 |
| 2022.Q3 | 19.5 |
| 2022.Q4 | 17 |
| 2023.Q1 | 18 |
| 2023.Q2 | 20 |
| 2023.Q3 | 17 |
| 2023.Q4 | 20.5 |
| 2023.LastData | 21.5 |
-------------------","Chart 1 - Type: Line Chart, 
Description: This line chart displays the youth unemployment rate (ages 16-24) based on Chinese government data from early 2018 to late 2023. The chart indicates an increasing trend in unemployment rates over this period, culminating in a note that data publishing stopped towards the end of 2023.
Mark: Line, 
Background: Solid Red, 
Gridlines: Solid White, 
Data Colors: Yellow, 
-------------------"
Ridwan,519,Polymatter,https://youtu.be/JJCvFBrnKj8?si=VX5-wsc6p-VjfZNZ,,,1,To illustrate that Wyoming produces the most coal out of any states by a great margin,00:55,01:09,Bar Chart,,Suspense- Gradual Reveal,"Coal is the lifeblood of Wyoming.
The Cowboy State alone produces 40%  of America’s supply – three times  
more than 2nd place West Virginia and  over 50% more than all of Appalachia.",https://youtu.be/JJCvFBrnKj8,"Chart 1 - Bar Chart
| State           | Production (Thousand Short Tons) |
| :-------------- | :------------------------------- |
| WYOMING         | 238000                           |
| WEST VIRGINIA   | 90000                            |
| PENNSYLVANIA    | 45000                            |
| ILLINOIS        | 38000                            |
| MONTANA         | 30000                            |
-------------------","Chart 1 - Type: Bar Chart,
Description: Top 5 states for Coal Production in 2021, measured in Thousand Short Tons, according to USEIA.
Mark: Rectangle,
Background: Gradient Red (darker at bottom),
Gridlines: Solid White Horizontal,
Data Colors: Goldenrod, White
-------------------"
Ridwan,520,Polymatter,https://youtu.be/8-NcTawauXA?si=p1uIfXrTyhF2UFB0,,,1,"To show that China was lagging behind in Car exports, but caught up with the rest of the top producers during the pandemic",00:41,01:10,Line,,"Suspense- Gradual Reveal, Suspense- unveil","At the time, China exported only about 375,000  
cars a year, less than India or the United  States, and a tiny fraction of Japan or Germany.
For the next five years, it  made only modest progress.
Then, while the rest of the world was  stuck indoors, China leaped ahead of India,  
followed by the U.S., and is on track to beat  both Germany and Japan to become #1 this year.",https://youtu.be/8-NcTawauXA,"Chart 1 - Line Chart
| Year | Japan | Germany | USA | India | China |
|------|-------|---------|-----|-------|-------|
| 2015 | 0.43  | 0.45    | 0.19| 0.08  | 0.02  |
| 2016 | 0.38  | 0.42    | 0.18| 0.09  | 0.04  |
| 2017 | 0.41  | 0.40    | 0.18| 0.09  | 0.06  |
| 2018 | 0.42  | 0.38    | 0.21| 0.09  | 0.07  |
| 2019 | 0.38  | 0.35    | 0.18| 0.08  | 0.06  |
| 2020 | 0.26  | 0.15    | 0.12| 0.06  | 0.03  |
| 2021 | 0.38  | 0.30    | 0.18| 0.09  | 0.18  |
| 2022 | 0.38  | 0.35    | 0.17| 0.07  | 0.28  |
| 2023 | 0.42  | 0.38    | 0.20| 0.08  | 0.34  |
-------------------","Chart 1 - Type: Line Chart, 
Description: This line chart displays the car exports of passenger cars, in millions (3-month moving average), for five different countries (Japan, Germany, USA, India, and China) from 2015 to 2023. The chart illustrates trends and fluctuations in car exports over time for each nation. The data source is indicated as The Economist.
Mark: Line, 
Background: Solid dark red with subtle texture, 
Gridlines: Solid, light red horizontal lines, 
Data Colors: [Green, White, Light Blue, Magenta, Yellow], 
-------------------"
Ridwan,522,Polymatter,https://youtu.be/J4a5RPsDMRM?si=9dK2FIesX8pm_EJX,,,1,To shoe the population boom of china during Mao's rule,02:08,03:06,Bar Chart,,"Suspense- Gradual Reveal, Emphasis- Fill","30 years later, this is what China  looked like in the year 2000.
Each rectangle represents an age group  — for example, 55 to 59 year-olds.  
Babies are at the bottom and seniors at the top.  The longer the rectangle, the larger that group.
Let’s also add some historical context — the  year each age cohort was born — over here.  
These 45-year olds in the year 2000,  for instance, were born in 1955.
Now, the difference in size between  these rectangles may seem fairly minor.  
But see this “minor” difference between  25-29 year olds and 20-24 year olds?  
That represents 25 million people.
As you can see by the large  number of 25-34 year olds,  
Mao’s “strength in numbers”  baby boom was quite effective.",https://youtu.be/J4a5RPsDMRM,"Chart 1 - Population Pyramid
| Age Group | Population |
| :-------- | :--------- |
| 0-4       | 18,000,000 |
| 5-9       | 20,000,000 |
| 10-14     | 22,000,000 |
| 15-19     | 23,000,000 |
| 20-24     | 23,000,000 |
| 25-29     | 25,000,000 |
| 30-34     | 25,000,000 |
| 35-39     | 24,000,000 |
| 40-44     | 23,000,000 |
| 45-49     | 23,000,000 |
| 50-54     | 22,000,000 |
| 55-59     | 20,000,000 |
| 60-64     | 17,000,000 |
| 65-69     | 15,000,000 |
| 70-74     | 13,000,000 |
| 75-79     | 11,000,000 |
| 80-84     | 8,000,000  |
| 85-89     | 6,000,000  |
| 90-94     | 4,000,000  |
| 95-99     | 3,000,000  |
| 100+      | 2,000,000  |
-------------------","Chart 1 - Type: Population Pyramid,
Description: This population pyramid displays the age distribution of China's population in the year 2000. The Y-axis on the left indicates age groups (e.g., 0-4, 5-9), while the right Y-axis provides the corresponding birth year ranges for these age groups in 2000. The horizontal bars represent the estimated total population count for each age group, centered around an implicit zero line. The 25-29 age group is explicitly labeled with a total population of 25,000,000, serving as the anchor for estimating other bar lengths. Percentages (5.2%, 2.6%) are indicated at the top of the chart, likely representing general scale reference points for a typical population pyramid, rather than the primary data values for the bars.
Mark: Horizontal Bars,
Background: Solid red with a subtle dark diagonal pattern,
Gridlines: Light red/pink, solid horizontal lines, and a central light red/pink solid vertical line,
Data Colors: Orange-red (for most bars), Bright Yellow-Orange (for 25-29 and 30-34 age groups),
-------------------"
Ridwan,524,Polymatter,https://youtu.be/b1AOm17ZUVI?si=WffFz9tVJmSBYiN9,,,1,To illustrate the japanese housing bubble,03:47,04:00,Line,,Suspense- Gradual Reveal,"During the late 80s and early 90s, the country  experienced a housing bubble that rivals 2008.
At one point, all the land in Japan was  valued four times higher than all of America",https://youtu.be/b1AOm17ZUVI,"Chart 1 - Line Chart
| Year | Japan (%) | USA (%) |
|------|-----------|---------|
| 1985 | 102       | 100     |
| 1987 | 120       | 115     |
| 1989 | 195       | 150     |
| 1991 | 280       | 195     |
| 1993 | 180       | 170     |
| 1995 | 140       | 165     |
| 1997 | 135       | 160     |
-------------------","Chart 1 - Type: Line Chart, 
Description: This line chart, titled ""HOUSING BUBBLES,"" displays the percentage change in housing prices from a 1985 baseline for Japan (based on 6 largest cities) and the USA (based on 10 largest cities). The X-axis represents years from 1985 to 1997, while the Y-axis shows the percentage change. The chart illustrates the trajectories of housing bubbles in both countries during this period, with Japan experiencing a significantly higher and earlier peak. Although the chart's subtitle mentions ""2000 (USA),"" the visible USA data line also begins at 1985. Data for USA in 1995 and 1997 are extrapolated based on the observed trend as the line visually ends around 1993.,
Mark: Line, 
Background: Solid Red, 
Gridlines: Solid White, 
Data Colors: White (JAPAN), Golden Yellow (USA), 
-------------------"
Ridwan,525,Polymatter,https://youtu.be/8rU6N2mYpcs?si=uFx_ndDtxAslqWxN,,,1,Illustrating the size of US and Soviet nuclear stockpile during the soviet era,07:18,07:56,Area,,"Suspense- Gradual Reveal, Emphasis- annotation","Fortunately, sanity ultimately prevailed — or, more accurately, the Soviets started catching
up — and nuclear war began to be seen as an unwinnable outcome.
Faced with the possibility that one side might suddenly ‘win’ the arms race — by building
either enough weapons to overwhelm the other, or an effective defense against them — and
feel the need, as America nearly did, to use this advantage — they came to an agreement.
The 1972 Anti-Ballistic Missile Treaty limited the defenses each country could build — forcing
them to confront their vulnerability.",https://youtu.be/8rU6N2mYpcs,"Chart 1 - Area Chart
| Year | USA | Soviet Union |
|---|---|---|
| 1945 | 0 | 0 |
| 1955 | 15 | 2 |
| 1965 | 30 | 20 |
| 1975 | 20 | 30 |
| 1980 | 15 | 38 |
| 1985 | 10 | 35 |
| 1995 | 5 | 15 |
| 2005 | 2 | 5 |
-------------------","Chart 1 - Type: Area Chart,
Description: This chart illustrates the nuclear stockpiles of the USA and the Soviet Union (USSR) between 1945 and 2005. The X-axis represents the year, and the Y-axis (ranging from 0 to 40) represents the number of nuclear stockpiles (unit not explicitly defined but implied to be in the tens of thousands based on historical context). The USA's stockpile peaks around 1965, while the Soviet Union's peaks around 1980. A vertical dashed line indicates the approximate time of the ""Anti-Ballistic Missile Treaty"" around 1972-1973. Both nations show a significant decline in stockpiles after their respective peaks.
Mark: Filled Area,
Background: Solid Red with Darker Red Vignette,
Gridlines: Solid White,
Data Colors: Light Grey (USA), Light Blue (Soviet Union)
-------------------"
